USE Library;

-- School Tables

INSERT INTO School_Library VALUES ('SC-17254','North School#7499','Athens','Megan','Green','01823', '67', 'cannary St.');
INSERT INTO School_Library VALUES ('SC-63663','East School#2729','Prague','Irene','Orange','71977', '05', 'rugby Rd.');
INSERT INTO School_Library VALUES ('SC-97068','North School#7338','London','John','Black','19047', '34', 'cannary St.');
INSERT INTO School_Library VALUES ('SC-29693','East School#9348','Venice','Kate','Black','67588', '66', 'bond St.');
INSERT INTO School_Phones VALUES ('210-4167745', 'SC-17254');
INSERT INTO School_Phones VALUES ('210-2982634', 'SC-63663');
INSERT INTO School_Phones VALUES ('210-4867894', 'SC-97068');
INSERT INTO School_Phones VALUES ('210-2161198', 'SC-29693');
INSERT INTO School_Library_Email VALUES ('North_School#7499@pubschool.com', 'SC-17254');
INSERT INTO School_Library_Email VALUES ('East_School#2729@pubschool.com', 'SC-63663');
INSERT INTO School_Library_Email VALUES ('North_School#7338@pubschool.com', 'SC-97068');
INSERT INTO School_Library_Email VALUES ('East_School#9348@pubschool.com', 'SC-29693');
INSERT INTO School_Library_Admins VALUES ('ADM-35547','SC-17254','Irene','Red','admin_vycrd','zcqfi25678');
INSERT INTO School_Library_Admins VALUES ('ADM-26303','SC-63663','Irene','Blue','admin_aequa','lajha68011');
INSERT INTO School_Library_Admins VALUES ('ADM-59767','SC-97068','Megan','Blue','admin_gaklo','pxnct43952');
INSERT INTO School_Library_Admins VALUES ('ADM-20965','SC-29693','Irene','Red','admin_qkret','hchmw79622');

-- User Tables

INSERT INTO Users VALUES ('USR-35581','SC-63663','Harper','Carter','45','student','2','0','1','WN-38188');
INSERT INTO Users VALUES ('USR-06445','SC-29693','Daniel','Phillips','26','student','2','0','1','WN-09667');
INSERT INTO Users VALUES ('USR-33617','SC-17254','Abigail','Walker','40','student','2','0','1','WN-96116');
INSERT INTO Users VALUES ('USR-02157','SC-17254','Olivia','Jackson','21','student','2','0','1','WN-01277');
INSERT INTO Users VALUES ('USR-68719','SC-29693','Michael','Young','48','student','2','0','1','WN-42135');
INSERT INTO Users VALUES ('USR-29431','SC-63663','Isabella','Baker','40','student','2','0','1','WN-09995');
INSERT INTO Users VALUES ('USR-24611','SC-63663','Noah','Thomas','37','student','2','0','1','WN-09880');
INSERT INTO Users VALUES ('USR-20123','SC-29693','Ava','Garcia','38','student','2','0','1','WN-90911');
INSERT INTO Users VALUES ('USR-71719','SC-29693','Victoria','Taylor','28','student','2','0','1','WN-87190');
INSERT INTO Users VALUES ('USR-65833','SC-29693','Lucas','Lopez','54','student','2','0','1','WN-93477');
INSERT INTO Users VALUES ('USR-17909','SC-29693','Luna','White','51','student','2','0','1','WN-01973');
INSERT INTO Users VALUES ('USR-79714','SC-63663','Samuel','Young','55','student','2','0','1','WN-84906');
INSERT INTO Users VALUES ('USR-89355','SC-63663','Scarlett','Garcia','22','student','2','0','1','WN-77776');
INSERT INTO Users VALUES ('USR-94306','SC-29693','Daniel','Jackson','57','student','2','0','1','WN-02455');
INSERT INTO Users VALUES ('USR-25105','SC-97068','Scarlett','Davis','32','student','2','0','1','WN-52404');
INSERT INTO Users VALUES ('USR-51706','SC-63663','Grace','Garcia','35','student','2','0','1','WN-37055');
INSERT INTO Users VALUES ('USR-15097','SC-63663','Luna','King','55','student','2','0','1','WN-76315');
INSERT INTO Users VALUES ('USR-56552','SC-63663','Jacob','Garcia','24','student','2','0','1','WN-57994');
INSERT INTO Users VALUES ('USR-95826','SC-17254','Lucas','Jackson','27','student','2','0','1','WN-71508');
INSERT INTO Users VALUES ('USR-48535','SC-97068','Olivia','Green','49','student','2','0','1','WN-94879');
INSERT INTO Users VALUES ('USR-83611','SC-17254','Victoria','Jackson','50','student','2','0','1','WN-60491');
INSERT INTO Users VALUES ('USR-07379','SC-63663','Emma','Moore','24','student','2','0','1','WN-97607');
INSERT INTO Users VALUES ('USR-81311','SC-63663','Ethan','Roberts','23','student','2','0','1','WN-63515');
INSERT INTO Users VALUES ('USR-95973','SC-17254','Olivia','Garcia','25','student','2','0','1','WN-33510');
INSERT INTO Users VALUES ('USR-38455','SC-63663','Abigail','Young','51','student','2','0','1','WN-01307');
INSERT INTO Users VALUES ('USR-91759','SC-29693','Olivia','Harris','22','student','2','0','1','WN-72175');
INSERT INTO Users VALUES ('USR-53344','SC-29693','Emma','Taylor','34','student','2','0','1','WN-37350');
INSERT INTO Users VALUES ('USR-16635','SC-29693','Mia','Turner','35','student','2','0','1','WN-88377');
INSERT INTO Users VALUES ('USR-80568','SC-29693','Isabella','Smith','45','student','2','0','1','WN-25279');
INSERT INTO Users VALUES ('USR-75929','SC-29693','David','Garcia','20','student','2','0','1','WN-87511');
INSERT INTO Users VALUES ('USR-76546','SC-17254','Isabella','Lee','38','student','2','0','1','WN-46476');
INSERT INTO Users VALUES ('USR-15145','SC-17254','James','Anderson','55','instructor','1','0','1','WN-33592');
INSERT INTO Users VALUES ('USR-79541','SC-97068','Amelia','Carter','37','instructor','1','0','1','WN-48651');
INSERT INTO Users VALUES ('USR-80814','SC-63663','Amelia','Green','49','instructor','1','0','1','WN-47291');
INSERT INTO Users VALUES ('USR-03449','SC-29693','Charlotte','Adams','22','instructor','1','0','1','WN-25986');
INSERT INTO Users VALUES ('USR-46181','SC-63663','Michael','Lee','22','instructor','1','0','1','WN-75769');
INSERT INTO Users VALUES ('USR-55103','SC-97068','Abigail','Hall','30','instructor','1','0','1','WN-50412');
INSERT INTO Users VALUES ('USR-38310','SC-63663','Lucas','Wright','35','instructor','1','0','1','WN-55823');
INSERT INTO Users VALUES ('USR-96324','SC-29693','Isabella','Lopez','28','instructor','1','0','1','WN-51950');
INSERT INTO Users VALUES ('USR-62987','SC-17254','Amelia','Davis','34','instructor','1','0','1','WN-79780');
INSERT INTO Users VALUES ('USR-38265','SC-29693','Avery','Phillips','36','instructor','1','0','1','WN-82027');
INSERT INTO Users VALUES ('USR-09385','SC-97068','Benjamin','Lewis','60','instructor','1','0','1','WN-21442');
INSERT INTO Users VALUES ('USR-11322','SC-97068','Mia','Harris','52','instructor','1','0','1','WN-21571');
INSERT INTO Users VALUES ('USR-58417','SC-63663','Olivia','Lopez','35','instructor','1','0','1','WN-98752');
INSERT INTO Users VALUES ('USR-21514','SC-29693','Olivia','Garcia','49','instructor','1','0','1','WN-43627');
INSERT INTO Users VALUES ('USR-23292','SC-63663','Benjamin','White','40','instructor','1','0','1','WN-69630');
INSERT INTO Users VALUES ('USR-06700','SC-29693','Evelyn','Williams','43','instructor','1','0','1','WN-42763');
INSERT INTO Users VALUES ('USR-69923','SC-17254','Abigail','Wright','54','instructor','1','0','1','WN-99063');
INSERT INTO Users VALUES ('USR-21613','SC-17254','Chloe','Taylor','35','instructor','1','0','1','WN-47186');
INSERT INTO Users VALUES ('USR-70675','SC-97068','Scarlett','Taylor','31','instructor','1','0','1','WN-62567');
INSERT INTO Users_Email VALUES ('Harper_Carter68@gmail.com','USR-35581');
INSERT INTO Users_Email VALUES ('Daniel_Phillips28@gmail.com','USR-06445');
INSERT INTO Users_Email VALUES ('Abigail_Walker33@gmail.com','USR-33617');
INSERT INTO Users_Email VALUES ('Olivia_Jackson83@gmail.com','USR-02157');
INSERT INTO Users_Email VALUES ('Michael_Young58@gmail.com','USR-68719');
INSERT INTO Users_Email VALUES ('Isabella_Baker97@gmail.com','USR-29431');
INSERT INTO Users_Email VALUES ('Noah_Thomas96@gmail.com','USR-24611');
INSERT INTO Users_Email VALUES ('Ava_Garcia46@gmail.com','USR-20123');
INSERT INTO Users_Email VALUES ('Victoria_Taylor51@gmail.com','USR-71719');
INSERT INTO Users_Email VALUES ('Lucas_Lopez27@gmail.com','USR-65833');
INSERT INTO Users_Email VALUES ('Luna_White66@gmail.com','USR-17909');
INSERT INTO Users_Email VALUES ('Samuel_Young85@gmail.com','USR-79714');
INSERT INTO Users_Email VALUES ('Scarlett_Garcia47@gmail.com','USR-89355');
INSERT INTO Users_Email VALUES ('Daniel_Jackson61@gmail.com','USR-94306');
INSERT INTO Users_Email VALUES ('Scarlett_Davis75@gmail.com','USR-25105');
INSERT INTO Users_Email VALUES ('Grace_Garcia85@gmail.com','USR-51706');
INSERT INTO Users_Email VALUES ('Luna_King66@gmail.com','USR-15097');
INSERT INTO Users_Email VALUES ('Jacob_Garcia99@gmail.com','USR-56552');
INSERT INTO Users_Email VALUES ('Lucas_Jackson63@gmail.com','USR-95826');
INSERT INTO Users_Email VALUES ('Olivia_Green19@gmail.com','USR-48535');
INSERT INTO Users_Email VALUES ('Victoria_Jackson10@gmail.com','USR-83611');
INSERT INTO Users_Email VALUES ('Emma_Moore03@gmail.com','USR-07379');
INSERT INTO Users_Email VALUES ('Ethan_Roberts63@gmail.com','USR-81311');
INSERT INTO Users_Email VALUES ('Olivia_Garcia13@gmail.com','USR-95973');
INSERT INTO Users_Email VALUES ('Abigail_Young20@gmail.com','USR-38455');
INSERT INTO Users_Email VALUES ('Olivia_Harris63@gmail.com','USR-91759');
INSERT INTO Users_Email VALUES ('Emma_Taylor37@gmail.com','USR-53344');
INSERT INTO Users_Email VALUES ('Mia_Turner23@gmail.com','USR-16635');
INSERT INTO Users_Email VALUES ('Isabella_Smith65@gmail.com','USR-80568');
INSERT INTO Users_Email VALUES ('David_Garcia80@gmail.com','USR-75929');
INSERT INTO Users_Email VALUES ('Isabella_Lee84@gmail.com','USR-76546');
INSERT INTO Users_Email VALUES ('James_Anderson36@gmail.com','USR-15145');
INSERT INTO Users_Email VALUES ('Amelia_Carter54@gmail.com','USR-79541');
INSERT INTO Users_Email VALUES ('Amelia_Green76@gmail.com','USR-80814');
INSERT INTO Users_Email VALUES ('Charlotte_Adams79@gmail.com','USR-03449');
INSERT INTO Users_Email VALUES ('Michael_Lee11@gmail.com','USR-46181');
INSERT INTO Users_Email VALUES ('Abigail_Hall92@gmail.com','USR-55103');
INSERT INTO Users_Email VALUES ('Lucas_Wright66@gmail.com','USR-38310');
INSERT INTO Users_Email VALUES ('Isabella_Lopez19@gmail.com','USR-96324');
INSERT INTO Users_Email VALUES ('Amelia_Davis44@gmail.com','USR-62987');
INSERT INTO Users_Email VALUES ('Avery_Phillips45@gmail.com','USR-38265');
INSERT INTO Users_Email VALUES ('Benjamin_Lewis18@gmail.com','USR-09385');
INSERT INTO Users_Email VALUES ('Mia_Harris46@gmail.com','USR-11322');
INSERT INTO Users_Email VALUES ('Olivia_Lopez20@gmail.com','USR-58417');
INSERT INTO Users_Email VALUES ('Olivia_Garcia71@gmail.com','USR-21514');
INSERT INTO Users_Email VALUES ('Benjamin_White74@gmail.com','USR-23292');
INSERT INTO Users_Email VALUES ('Evelyn_Williams25@gmail.com','USR-06700');
INSERT INTO Users_Email VALUES ('Abigail_Wright80@gmail.com','USR-69923');
INSERT INTO Users_Email VALUES ('Chloe_Taylor82@gmail.com','USR-21613');
INSERT INTO Users_Email VALUES ('Scarlett_Taylor34@gmail.com','USR-70675');

-- Book Tables

INSERT INTO Books VALUES ('199-1-79-975176-3','SC-63663','Resonance Reverie','Grey Editions','847','Sample summary for Resonance Reverie With Regards Grey Editions','53');
INSERT INTO Books VALUES ('350-5-48-795917-5','SC-63663','Radiant Transcend','Grey Editions','559','Sample summary for Radiant Transcend With Regards Grey Editions','63');
INSERT INTO Books VALUES ('994-4-28-162823-9','SC-17254','Envelop Luminous','Black Editions','959','Sample summary for Envelop Luminous With Regards Black Editions','24');
INSERT INTO Books VALUES ('336-0-41-286259-6','SC-29693','Enchanted Spectrum','Green Editios','765','Sample summary for Enchanted Spectrum With Regards Green Editios','14');
INSERT INTO Books VALUES ('593-1-69-163867-8','SC-29693','Euphoria Enigma','Green Editios','191','Sample summary for Euphoria Enigma With Regards Green Editios','19');
INSERT INTO Books VALUES ('591-3-07-389603-6','SC-63663','Spectrum Melancholy','Grey Editions','258','Sample summary for Spectrum Melancholy With Regards Grey Editions','82');
INSERT INTO Books VALUES ('550-1-57-150020-2','SC-17254','Transcend Reverie','Green Editios','726','Sample summary for Transcend Reverie With Regards Green Editios','41');
INSERT INTO Books VALUES ('863-9-27-800751-4','SC-29693','Harmonious Enigma','Grey Editions','458','Sample summary for Harmonious Enigma With Regards Grey Editions','77');
INSERT INTO Books VALUES ('705-0-44-006449-8','SC-29693','Luminescence Spectrum','Orange Editions','326','Sample summary for Luminescence Spectrum With Regards Orange Editions','60');
INSERT INTO Books VALUES ('180-8-17-062437-4','SC-63663','Utopia Paradigm','Orange Editions','594','Sample summary for Utopia Paradigm With Regards Orange Editions','21');
INSERT INTO Books VALUES ('623-1-73-946323-9','SC-29693','Serendipity Enchant','Orange Editions','793','Sample summary for Serendipity Enchant With Regards Orange Editions','7');
INSERT INTO Books VALUES ('236-5-23-696094-4','SC-97068','Spectrum Phoenix','Green Editios','313','Sample summary for Spectrum Phoenix With Regards Green Editios','40');
INSERT INTO Books VALUES ('957-5-37-725278-7','SC-97068','Symmetry Wanderlust','Grey Editions','212','Sample summary for Symmetry Wanderlust With Regards Grey Editions','69');
INSERT INTO Books VALUES ('844-3-46-156298-3','SC-97068','Miraculous Awe-inspiring','Green Editios','137','Sample summary for Miraculous Awe-inspiring With Regards Green Editios','69');
INSERT INTO Books VALUES ('014-7-39-957943-0','SC-29693','Enigmatic Spectrum','Grey Editions','645','Sample summary for Enigmatic Spectrum With Regards Grey Editions','57');
INSERT INTO Books VALUES ('817-2-53-430205-2','SC-17254','Dreamweaver Utopia','Green Editios','276','Sample summary for Dreamweaver Utopia With Regards Green Editios','67');
INSERT INTO Books VALUES ('191-3-37-748577-0','SC-97068','Reverence Abyss','Green Editios','561','Sample summary for Reverence Abyss With Regards Green Editios','64');
INSERT INTO Books VALUES ('846-6-27-547827-4','SC-17254','Uplift Solitude','Black Editions','847','Sample summary for Uplift Solitude With Regards Black Editions','18');
INSERT INTO Books VALUES ('757-0-91-727220-0','SC-63663','Celestial Reflection','Grey Editions','923','Sample summary for Celestial Reflection With Regards Grey Editions','58');
INSERT INTO Books VALUES ('162-6-77-110427-3','SC-63663','Evolve Luminous','Black Editions','376','Sample summary for Evolve Luminous With Regards Black Editions','12');
INSERT INTO Books VALUES ('593-7-30-201056-9','SC-97068','Whisper Whisper','Green Editios','416','Sample summary for Whisper Whisper With Regards Green Editios','86');
INSERT INTO Books VALUES ('251-0-88-822260-4','SC-29693','Tranquil Journey','Orange Editions','78','Sample summary for Tranquil Journey With Regards Orange Editions','16');
INSERT INTO Books VALUES ('682-8-35-796927-7','SC-97068','Ascend Awe-inspiring','Black Editions','174','Sample summary for Ascend Awe-inspiring With Regards Black Editions','3');
INSERT INTO Books VALUES ('334-2-03-877547-3','SC-97068','Awakening Transcend','Grey Editions','571','Sample summary for Awakening Transcend With Regards Grey Editions','61');
INSERT INTO Books VALUES ('874-7-07-219927-6','SC-97068','Quest Enigmatic','Green Editios','564','Sample summary for Quest Enigmatic With Regards Green Editios','21');
INSERT INTO Books VALUES ('397-6-39-830834-7','SC-17254','Resonance Phoenix','Black Editions','43','Sample summary for Resonance Phoenix With Regards Black Editions','83');
INSERT INTO Books VALUES ('107-7-26-815443-2','SC-97068','Enigmatic Enchanting','Orange Editions','341','Sample summary for Enigmatic Enchanting With Regards Orange Editions','78');
INSERT INTO Books VALUES ('632-8-05-704148-8','SC-17254','Radiant Miraculous','Green Editios','683','Sample summary for Radiant Miraculous With Regards Green Editios','70');
INSERT INTO Books VALUES ('693-2-97-687387-7','SC-63663','Harmony Nebula','Orange Editions','147','Sample summary for Harmony Nebula With Regards Orange Editions','94');
INSERT INTO Books VALUES ('664-2-83-959235-0','SC-29693','Journey Enchanted','Black Editions','716','Sample summary for Journey Enchanted With Regards Black Editions','27');
INSERT INTO Books VALUES ('032-9-54-749026-2','SC-29693','Uplift Echoes','Black Editions','267','Sample summary for Uplift Echoes With Regards Black Editions','35');
INSERT INTO Books VALUES ('789-2-02-180898-9','SC-97068','Enchanting Journey','Orange Editions','724','Sample summary for Enchanting Journey With Regards Orange Editions','34');
INSERT INTO Books VALUES ('780-8-36-944593-1','SC-17254','Captivate Stellar','Orange Editions','526','Sample summary for Captivate Stellar With Regards Orange Editions','32');
INSERT INTO Books VALUES ('224-1-05-585472-1','SC-17254','Luminescence Resonance','Green Editios','268','Sample summary for Luminescence Resonance With Regards Green Editios','24');
INSERT INTO Books VALUES ('209-9-81-568813-4','SC-29693','Euphoria Serene','Black Editions','487','Sample summary for Euphoria Serene With Regards Black Editions','77');
INSERT INTO Books VALUES ('002-9-11-612306-1','SC-17254','Enigma Utopia','Orange Editions','914','Sample summary for Enigma Utopia With Regards Orange Editions','98');
INSERT INTO Books VALUES ('284-0-80-891175-3','SC-63663','Quest Euphoria','Black Editions','659','Sample summary for Quest Euphoria With Regards Black Editions','20');
INSERT INTO Books VALUES ('052-3-15-256044-9','SC-29693','Serendipity Radiant','Orange Editions','25','Sample summary for Serendipity Radiant With Regards Orange Editions','54');
INSERT INTO Books VALUES ('760-6-49-915392-3','SC-63663','Cosmos Phoenix','Black Editions','169','Sample summary for Cosmos Phoenix With Regards Black Editions','94');
INSERT INTO Books VALUES ('879-7-20-407265-3','SC-29693','Serendipity Illumination','Orange Editions','204','Sample summary for Serendipity Illumination With Regards Orange Editions','97');
INSERT INTO Books VALUES ('710-5-80-563418-0','SC-63663','Odyssey Enigmatic','Black Editions','440','Sample summary for Odyssey Enigmatic With Regards Black Editions','91');
INSERT INTO Books VALUES ('302-5-17-900579-6','SC-17254','Spectrum Journey','Black Editions','523','Sample summary for Spectrum Journey With Regards Black Editions','30');
INSERT INTO Books VALUES ('444-2-40-205755-6','SC-17254','Enthrall Symmetry','Green Editios','847','Sample summary for Enthrall Symmetry With Regards Green Editios','77');
INSERT INTO Books VALUES ('760-1-76-426200-9','SC-97068','Zenith Infinite','Grey Editions','651','Sample summary for Zenith Infinite With Regards Grey Editions','94');
INSERT INTO Books VALUES ('012-6-12-483200-9','SC-63663','Harmonious Illuminate','Orange Editions','106','Sample summary for Harmonious Illuminate With Regards Orange Editions','86');
INSERT INTO Books VALUES ('107-1-47-196490-8','SC-17254','Quest Enigma','Grey Editions','314','Sample summary for Quest Enigma With Regards Grey Editions','84');
INSERT INTO Books VALUES ('138-3-21-388498-2','SC-29693','Enigma Paradigm','Black Editions','757','Sample summary for Enigma Paradigm With Regards Black Editions','77');
INSERT INTO Books VALUES ('949-7-25-879863-0','SC-63663','Resonance Harmony','Grey Editions','903','Sample summary for Resonance Harmony With Regards Grey Editions','4');
INSERT INTO Books VALUES ('458-7-67-662238-7','SC-63663','Nebula Harmonious','Black Editions','582','Sample summary for Nebula Harmonious With Regards Black Editions','54');
INSERT INTO Books VALUES ('990-9-31-659081-8','SC-29693','Miraculous Euphoria','Green Editios','114','Sample summary for Miraculous Euphoria With Regards Green Editios','69');
INSERT INTO Books VALUES ('609-7-74-290099-8','SC-17254','Wanderer Quest','Black Editions','223','Sample summary for Wanderer Quest With Regards Black Editions','67');
INSERT INTO Books VALUES ('493-9-62-128300-2','SC-17254','Symmetry Nebula','Orange Editions','958','Sample summary for Symmetry Nebula With Regards Orange Editions','15');
INSERT INTO Books VALUES ('766-0-35-562201-0','SC-97068','Serendipity Reverie','Grey Editions','882','Sample summary for Serendipity Reverie With Regards Grey Editions','28');
INSERT INTO Books VALUES ('977-4-26-671732-1','SC-17254','Melancholy Cosmos','Green Editios','449','Sample summary for Melancholy Cosmos With Regards Green Editios','100');
INSERT INTO Books VALUES ('935-4-00-212464-9','SC-97068','Essence Cosmos','Orange Editions','629','Sample summary for Essence Cosmos With Regards Orange Editions','81');
INSERT INTO Books VALUES ('176-8-03-323357-7','SC-17254','Ecstasy Utopia','Black Editions','903','Sample summary for Ecstasy Utopia With Regards Black Editions','21');
INSERT INTO Books VALUES ('322-2-62-690883-9','SC-17254','Symmetry Dreamweaver','Orange Editions','498','Sample summary for Symmetry Dreamweaver With Regards Orange Editions','10');
INSERT INTO Books VALUES ('850-4-98-075239-0','SC-97068','Cascade Reverie','Green Editios','140','Sample summary for Cascade Reverie With Regards Green Editios','63');
INSERT INTO Books VALUES ('826-4-87-571140-0','SC-29693','Paradigm Spellbound','Black Editions','647','Sample summary for Paradigm Spellbound With Regards Black Editions','39');
INSERT INTO Books VALUES ('036-7-93-402816-7','SC-97068','Unveiled Ecstasy','Green Editios','638','Sample summary for Unveiled Ecstasy With Regards Green Editios','21');
INSERT INTO Books VALUES ('469-5-77-598322-0','SC-63663','Reverence Whisper','Orange Editions','590','Sample summary for Reverence Whisper With Regards Orange Editions','52');
INSERT INTO Books VALUES ('015-0-61-168612-1','SC-97068','Awe-inspiring Evolve','Grey Editions','270','Sample summary for Awe-inspiring Evolve With Regards Grey Editions','99');
INSERT INTO Books VALUES ('717-6-69-872133-5','SC-29693','Enchanted Illuminate','Grey Editions','164','Sample summary for Enchanted Illuminate With Regards Grey Editions','18');
INSERT INTO Books VALUES ('935-6-29-387428-2','SC-97068','Unveiled Reverence','Orange Editions','964','Sample summary for Unveiled Reverence With Regards Orange Editions','71');
INSERT INTO Books VALUES ('701-7-41-310978-4','SC-63663','Wanderer Evolve','Orange Editions','786','Sample summary for Wanderer Evolve With Regards Orange Editions','4');
INSERT INTO Books VALUES ('147-1-37-303331-1','SC-17254','Abyss Illumination','Green Editios','186','Sample summary for Abyss Illumination With Regards Green Editios','92');
INSERT INTO Books VALUES ('767-6-02-614413-4','SC-29693','Phoenix Journey','Grey Editions','267','Sample summary for Phoenix Journey With Regards Grey Editions','91');
INSERT INTO Books VALUES ('956-1-31-189668-2','SC-63663','Vortex Celestial','Black Editions','495','Sample summary for Vortex Celestial With Regards Black Editions','21');
INSERT INTO Books VALUES ('457-0-18-808523-6','SC-97068','Paradigm Twilight','Grey Editions','464','Sample summary for Paradigm Twilight With Regards Grey Editions','79');
INSERT INTO Books VALUES ('794-7-37-158256-8','SC-97068','Mirage Spectrum','Grey Editions','616','Sample summary for Mirage Spectrum With Regards Grey Editions','94');
INSERT INTO Books VALUES ('838-4-46-003335-5','SC-17254','Enchanted Harmonious','Green Editios','401','Sample summary for Enchanted Harmonious With Regards Green Editios','86');
INSERT INTO Books VALUES ('935-9-13-201570-0','SC-17254','Amplitude Resonance','Grey Editions','960','Sample summary for Amplitude Resonance With Regards Grey Editions','42');
INSERT INTO Books VALUES ('979-1-93-705785-4','SC-29693','Dreamweaver Abyss','Orange Editions','307','Sample summary for Dreamweaver Abyss With Regards Orange Editions','74');
INSERT INTO Books VALUES ('927-5-39-946005-9','SC-17254','Enchanting Whisper','Black Editions','76','Sample summary for Enchanting Whisper With Regards Black Editions','11');
INSERT INTO Books VALUES ('231-3-03-515453-8','SC-29693','Reverence Spectrum','Black Editions','186','Sample summary for Reverence Spectrum With Regards Black Editions','83');
INSERT INTO Books VALUES ('673-0-55-445713-8','SC-29693','Wanderlust Vortex','Green Editios','625','Sample summary for Wanderlust Vortex With Regards Green Editios','15');
INSERT INTO Books VALUES ('250-0-57-595118-3','SC-63663','Resonance Tranquil','Grey Editions','466','Sample summary for Resonance Tranquil With Regards Grey Editions','55');
INSERT INTO Books VALUES ('474-6-47-460332-5','SC-17254','Spectrum Mirage','Black Editions','295','Sample summary for Spectrum Mirage With Regards Black Editions','52');
INSERT INTO Books VALUES ('085-4-03-542789-8','SC-17254','Stellar Echoes','Orange Editions','414','Sample summary for Stellar Echoes With Regards Orange Editions','15');
INSERT INTO Books VALUES ('697-4-77-376363-1','SC-63663','Enthrall Unveiled','Orange Editions','279','Sample summary for Enthrall Unveiled With Regards Orange Editions','49');
INSERT INTO Books VALUES ('616-3-92-726060-7','SC-63663','Whisper Ethereal','Grey Editions','14','Sample summary for Whisper Ethereal With Regards Grey Editions','67');
INSERT INTO Books VALUES ('561-0-29-482320-3','SC-29693','Miraculous Transcend','Green Editios','478','Sample summary for Miraculous Transcend With Regards Green Editios','36');
INSERT INTO Books VALUES ('031-9-20-373586-4','SC-97068','Quest Spellbound','Green Editios','108','Sample summary for Quest Spellbound With Regards Green Editios','54');
INSERT INTO Books VALUES ('375-6-42-625888-5','SC-17254','Paradigm Utopia','Black Editions','776','Sample summary for Paradigm Utopia With Regards Black Editions','82');
INSERT INTO Books VALUES ('932-6-69-250806-5','SC-97068','Tranquil Reverie','Green Editios','192','Sample summary for Tranquil Reverie With Regards Green Editios','34');
INSERT INTO Books VALUES ('396-9-74-739496-6','SC-17254','Melancholy Euphoria','Black Editions','414','Sample summary for Melancholy Euphoria With Regards Black Editions','74');
INSERT INTO Books VALUES ('834-5-34-551570-3','SC-63663','Symmetry Ascend','Green Editios','9','Sample summary for Symmetry Ascend With Regards Green Editios','5');
INSERT INTO Books VALUES ('039-5-42-259481-1','SC-29693','Stellar Stellar','Green Editios','602','Sample summary for Stellar Stellar With Regards Green Editios','33');
INSERT INTO Books VALUES ('089-3-14-555914-7','SC-29693','Enchanting Euphoria','Green Editios','90','Sample summary for Enchanting Euphoria With Regards Green Editios','70');
INSERT INTO Books VALUES ('939-5-44-538117-3','SC-63663','Nebula Evolve','Orange Editions','16','Sample summary for Nebula Evolve With Regards Orange Editions','33');
INSERT INTO Books VALUES ('942-6-80-722574-2','SC-97068','Serendipity Awe-inspiring','Green Editios','537','Sample summary for Serendipity Awe-inspiring With Regards Green Editios','86');
INSERT INTO Books VALUES ('962-0-72-478354-3','SC-63663','Tranquil Enigmatic','Black Editions','350','Sample summary for Tranquil Enigmatic With Regards Black Editions','89');
INSERT INTO Books VALUES ('697-0-33-895399-1','SC-97068','Illumination Catalyst','Black Editions','122','Sample summary for Illumination Catalyst With Regards Black Editions','86');
INSERT INTO Books VALUES ('481-4-54-468545-7','SC-97068','Harmony Abyss','Orange Editions','533','Sample summary for Harmony Abyss With Regards Orange Editions','45');
INSERT INTO Books VALUES ('693-9-72-882669-9','SC-29693','Captivate Whirlwind','Orange Editions','98','Sample summary for Captivate Whirlwind With Regards Orange Editions','21');
INSERT INTO Books VALUES ('554-3-30-405285-6','SC-29693','Whirlwind Utopia','Black Editions','42','Sample summary for Whirlwind Utopia With Regards Black Editions','57');
INSERT INTO Books VALUES ('714-0-63-648278-5','SC-97068','Spellbound Unveiled','Grey Editions','267','Sample summary for Spellbound Unveiled With Regards Grey Editions','95');
INSERT INTO Books VALUES ('210-6-79-446834-8','SC-17254','Paradigm Solitude','Green Editios','389','Sample summary for Paradigm Solitude With Regards Green Editios','82');
INSERT INTO Books VALUES ('457-9-41-061502-0','SC-17254','Zenith Wanderlust','Orange Editions','735','Sample summary for Zenith Wanderlust With Regards Orange Editions','9');
INSERT INTO Books VALUES ('154-6-51-176828-1','SC-17254','Amplitude Awe-inspiring','Black Editions','838','Sample summary for Amplitude Awe-inspiring With Regards Black Editions','17');
INSERT INTO Book_Categories(ISBN,Category) VALUES ('199-1-79-975176-3','Biography');
INSERT INTO Book_Categories(ISBN,Category) VALUES ('350-5-48-795917-5','Romance');
INSERT INTO Book_Categories(ISBN,Category) VALUES ('994-4-28-162823-9','History');
INSERT INTO Book_Categories(ISBN,Category) VALUES ('336-0-41-286259-6','Fantasy');
INSERT INTO Book_Categories(ISBN,Category) VALUES ('593-1-69-163867-8','Biography');
INSERT INTO Book_Categories(ISBN,Category) VALUES ('591-3-07-389603-6','Non-fiction');
INSERT INTO Book_Categories(ISBN,Category) VALUES ('550-1-57-150020-2','Science Fiction');
INSERT INTO Book_Categories(ISBN,Category) VALUES ('863-9-27-800751-4','Fantasy');
INSERT INTO Book_Categories(ISBN,Category) VALUES ('705-0-44-006449-8','Self-help');
INSERT INTO Book_Categories(ISBN,Category) VALUES ('180-8-17-062437-4','Romance');
INSERT INTO Book_Categories(ISBN,Category) VALUES ('623-1-73-946323-9','Fiction');
INSERT INTO Book_Categories(ISBN,Category) VALUES ('236-5-23-696094-4','Biography');
INSERT INTO Book_Categories(ISBN,Category) VALUES ('957-5-37-725278-7','Fantasy');
INSERT INTO Book_Categories(ISBN,Category) VALUES ('844-3-46-156298-3','Romance');
INSERT INTO Book_Categories(ISBN,Category) VALUES ('014-7-39-957943-0','Self-help');
INSERT INTO Book_Categories(ISBN,Category) VALUES ('817-2-53-430205-2','Self-help');
INSERT INTO Book_Categories(ISBN,Category) VALUES ('191-3-37-748577-0','Non-fiction');
INSERT INTO Book_Categories(ISBN,Category) VALUES ('846-6-27-547827-4','Mystery');
INSERT INTO Book_Categories(ISBN,Category) VALUES ('757-0-91-727220-0','Science Fiction');
INSERT INTO Book_Categories(ISBN,Category) VALUES ('162-6-77-110427-3','Romance');
INSERT INTO Book_Categories(ISBN,Category) VALUES ('593-7-30-201056-9','History');
INSERT INTO Book_Categories(ISBN,Category) VALUES ('251-0-88-822260-4','Thriller');
INSERT INTO Book_Categories(ISBN,Category) VALUES ('682-8-35-796927-7','Biography');
INSERT INTO Book_Categories(ISBN,Category) VALUES ('334-2-03-877547-3','History');
INSERT INTO Book_Categories(ISBN,Category) VALUES ('874-7-07-219927-6','Mystery');
INSERT INTO Book_Categories(ISBN,Category) VALUES ('397-6-39-830834-7','Non-fiction');
INSERT INTO Book_Categories(ISBN,Category) VALUES ('107-7-26-815443-2','Self-help');
INSERT INTO Book_Categories(ISBN,Category) VALUES ('632-8-05-704148-8','Fantasy');
INSERT INTO Book_Categories(ISBN,Category) VALUES ('693-2-97-687387-7','Fiction');
INSERT INTO Book_Categories(ISBN,Category) VALUES ('664-2-83-959235-0','Science Fiction');
INSERT INTO Book_Categories(ISBN,Category) VALUES ('032-9-54-749026-2','Romance');
INSERT INTO Book_Categories(ISBN,Category) VALUES ('789-2-02-180898-9','History');
INSERT INTO Book_Categories(ISBN,Category) VALUES ('780-8-36-944593-1','Fiction');
INSERT INTO Book_Categories(ISBN,Category) VALUES ('224-1-05-585472-1','Non-fiction');
INSERT INTO Book_Categories(ISBN,Category) VALUES ('209-9-81-568813-4','History');
INSERT INTO Book_Categories(ISBN,Category) VALUES ('002-9-11-612306-1','Self-help');
INSERT INTO Book_Categories(ISBN,Category) VALUES ('284-0-80-891175-3','Romance');
INSERT INTO Book_Categories(ISBN,Category) VALUES ('052-3-15-256044-9','Thriller');
INSERT INTO Book_Categories(ISBN,Category) VALUES ('760-6-49-915392-3','Science Fiction');
INSERT INTO Book_Categories(ISBN,Category) VALUES ('879-7-20-407265-3','Fiction');
INSERT INTO Book_Categories(ISBN,Category) VALUES ('710-5-80-563418-0','Non-fiction');
INSERT INTO Book_Categories(ISBN,Category) VALUES ('302-5-17-900579-6','Biography');
INSERT INTO Book_Categories(ISBN,Category) VALUES ('444-2-40-205755-6','Fantasy');
INSERT INTO Book_Categories(ISBN,Category) VALUES ('760-1-76-426200-9','History');
INSERT INTO Book_Categories(ISBN,Category) VALUES ('012-6-12-483200-9','Romance');
INSERT INTO Book_Categories(ISBN,Category) VALUES ('107-1-47-196490-8','Non-fiction');
INSERT INTO Book_Categories(ISBN,Category) VALUES ('138-3-21-388498-2','Fiction');
INSERT INTO Book_Categories(ISBN,Category) VALUES ('949-7-25-879863-0','History');
INSERT INTO Book_Categories(ISBN,Category) VALUES ('458-7-67-662238-7','Biography');
INSERT INTO Book_Categories(ISBN,Category) VALUES ('990-9-31-659081-8','Romance');
INSERT INTO Book_Categories(ISBN,Category) VALUES ('609-7-74-290099-8','Fiction');
INSERT INTO Book_Categories(ISBN,Category) VALUES ('493-9-62-128300-2','Non-fiction');
INSERT INTO Book_Categories(ISBN,Category) VALUES ('766-0-35-562201-0','Fiction');
INSERT INTO Book_Categories(ISBN,Category) VALUES ('977-4-26-671732-1','Self-help');
INSERT INTO Book_Categories(ISBN,Category) VALUES ('935-4-00-212464-9','Self-help');
INSERT INTO Book_Categories(ISBN,Category) VALUES ('176-8-03-323357-7','History');
INSERT INTO Book_Categories(ISBN,Category) VALUES ('322-2-62-690883-9','Fiction');
INSERT INTO Book_Categories(ISBN,Category) VALUES ('850-4-98-075239-0','Fiction');
INSERT INTO Book_Categories(ISBN,Category) VALUES ('826-4-87-571140-0','Fantasy');
INSERT INTO Book_Categories(ISBN,Category) VALUES ('036-7-93-402816-7','Non-fiction');
INSERT INTO Book_Categories(ISBN,Category) VALUES ('469-5-77-598322-0','Fiction');
INSERT INTO Book_Categories(ISBN,Category) VALUES ('015-0-61-168612-1','Mystery');
INSERT INTO Book_Categories(ISBN,Category) VALUES ('717-6-69-872133-5','Non-fiction');
INSERT INTO Book_Categories(ISBN,Category) VALUES ('935-6-29-387428-2','Self-help');
INSERT INTO Book_Categories(ISBN,Category) VALUES ('701-7-41-310978-4','Mystery');
INSERT INTO Book_Categories(ISBN,Category) VALUES ('147-1-37-303331-1','Fiction');
INSERT INTO Book_Categories(ISBN,Category) VALUES ('767-6-02-614413-4','Biography');
INSERT INTO Book_Categories(ISBN,Category) VALUES ('956-1-31-189668-2','Biography');
INSERT INTO Book_Categories(ISBN,Category) VALUES ('457-0-18-808523-6','Self-help');
INSERT INTO Book_Categories(ISBN,Category) VALUES ('794-7-37-158256-8','Non-fiction');
INSERT INTO Book_Categories(ISBN,Category) VALUES ('838-4-46-003335-5','Non-fiction');
INSERT INTO Book_Categories(ISBN,Category) VALUES ('935-9-13-201570-0','Non-fiction');
INSERT INTO Book_Categories(ISBN,Category) VALUES ('979-1-93-705785-4','History');
INSERT INTO Book_Categories(ISBN,Category) VALUES ('927-5-39-946005-9','Fantasy');
INSERT INTO Book_Categories(ISBN,Category) VALUES ('231-3-03-515453-8','Thriller');
INSERT INTO Book_Categories(ISBN,Category) VALUES ('673-0-55-445713-8','Thriller');
INSERT INTO Book_Categories(ISBN,Category) VALUES ('250-0-57-595118-3','Mystery');
INSERT INTO Book_Categories(ISBN,Category) VALUES ('474-6-47-460332-5','Fantasy');
INSERT INTO Book_Categories(ISBN,Category) VALUES ('085-4-03-542789-8','History');
INSERT INTO Book_Categories(ISBN,Category) VALUES ('697-4-77-376363-1','Mystery');
INSERT INTO Book_Categories(ISBN,Category) VALUES ('616-3-92-726060-7','History');
INSERT INTO Book_Categories(ISBN,Category) VALUES ('561-0-29-482320-3','Fantasy');
INSERT INTO Book_Categories(ISBN,Category) VALUES ('031-9-20-373586-4','Romance');
INSERT INTO Book_Categories(ISBN,Category) VALUES ('375-6-42-625888-5','Non-fiction');
INSERT INTO Book_Categories(ISBN,Category) VALUES ('932-6-69-250806-5','Romance');
INSERT INTO Book_Categories(ISBN,Category) VALUES ('396-9-74-739496-6','Fiction');
INSERT INTO Book_Categories(ISBN,Category) VALUES ('834-5-34-551570-3','Biography');
INSERT INTO Book_Categories(ISBN,Category) VALUES ('039-5-42-259481-1','Thriller');
INSERT INTO Book_Categories(ISBN,Category) VALUES ('089-3-14-555914-7','Romance');
INSERT INTO Book_Categories(ISBN,Category) VALUES ('939-5-44-538117-3','Romance');
INSERT INTO Book_Categories(ISBN,Category) VALUES ('942-6-80-722574-2','Non-fiction');
INSERT INTO Book_Categories(ISBN,Category) VALUES ('962-0-72-478354-3','Self-help');
INSERT INTO Book_Categories(ISBN,Category) VALUES ('697-0-33-895399-1','Science Fiction');
INSERT INTO Book_Categories(ISBN,Category) VALUES ('481-4-54-468545-7','Self-help');
INSERT INTO Book_Categories(ISBN,Category) VALUES ('693-9-72-882669-9','Non-fiction');
INSERT INTO Book_Categories(ISBN,Category) VALUES ('554-3-30-405285-6','Fiction');
INSERT INTO Book_Categories(ISBN,Category) VALUES ('714-0-63-648278-5','Fiction');
INSERT INTO Book_Categories(ISBN,Category) VALUES ('210-6-79-446834-8','Romance');
INSERT INTO Book_Categories(ISBN,Category) VALUES ('457-9-41-061502-0','Science Fiction');
INSERT INTO Book_Categories(ISBN,Category) VALUES ('154-6-51-176828-1','Thriller');
INSERT INTO Book_Categories(ISBN,Category) VALUES ('199-1-79-975176-3','Science Fiction');
INSERT INTO Book_Categories(ISBN,Category) VALUES ('350-5-48-795917-5','Mystery');
INSERT INTO Book_Categories(ISBN,Category) VALUES ('994-4-28-162823-9','Self-help');
INSERT INTO Book_Categories(ISBN,Category) VALUES ('336-0-41-286259-6','Fiction');
INSERT INTO Book_Categories(ISBN,Category) VALUES ('593-1-69-163867-8','Self-help');
INSERT INTO Book_Categories(ISBN,Category) VALUES ('591-3-07-389603-6','History');
INSERT INTO Book_Categories(ISBN,Category) VALUES ('550-1-57-150020-2','History');
INSERT INTO Book_Categories(ISBN,Category) VALUES ('863-9-27-800751-4','Thriller');
INSERT INTO Book_Categories(ISBN,Category) VALUES ('705-0-44-006449-8','Fantasy');
INSERT INTO Book_Categories(ISBN,Category) VALUES ('180-8-17-062437-4','History');
INSERT INTO Book_Categories(ISBN,Category) VALUES ('623-1-73-946323-9','Science Fiction');
INSERT INTO Book_Categories(ISBN,Category) VALUES ('236-5-23-696094-4','Mystery');
INSERT INTO Book_Categories(ISBN,Category) VALUES ('957-5-37-725278-7','Fantasy');
INSERT INTO Book_Categories(ISBN,Category) VALUES ('844-3-46-156298-3','Self-help');
INSERT INTO Book_Categories(ISBN,Category) VALUES ('014-7-39-957943-0','Fiction');
INSERT INTO Book_Categories(ISBN,Category) VALUES ('817-2-53-430205-2','Fiction');
INSERT INTO Book_Categories(ISBN,Category) VALUES ('191-3-37-748577-0','Romance');
INSERT INTO Book_Categories(ISBN,Category) VALUES ('846-6-27-547827-4','Self-help');
INSERT INTO Book_Categories(ISBN,Category) VALUES ('757-0-91-727220-0','Mystery');
INSERT INTO Book_Categories(ISBN,Category) VALUES ('162-6-77-110427-3','Biography');
INSERT INTO Book_Categories(ISBN,Category) VALUES ('593-7-30-201056-9','Mystery');
INSERT INTO Book_Categories(ISBN,Category) VALUES ('251-0-88-822260-4','Self-help');
INSERT INTO Book_Categories(ISBN,Category) VALUES ('682-8-35-796927-7','Thriller');
INSERT INTO Book_Categories(ISBN,Category) VALUES ('334-2-03-877547-3','Fiction');
INSERT INTO Book_Categories(ISBN,Category) VALUES ('874-7-07-219927-6','Non-fiction');
INSERT INTO Book_Categories(ISBN,Category) VALUES ('397-6-39-830834-7','Fiction');
INSERT INTO Book_Categories(ISBN,Category) VALUES ('107-7-26-815443-2','Non-fiction');
INSERT INTO Book_Categories(ISBN,Category) VALUES ('632-8-05-704148-8','Science Fiction');
INSERT INTO Book_Categories(ISBN,Category) VALUES ('693-2-97-687387-7','History');
INSERT INTO Book_Categories(ISBN,Category) VALUES ('664-2-83-959235-0','Non-fiction');
INSERT INTO Book_Categories(ISBN,Category) VALUES ('032-9-54-749026-2','Fantasy');
INSERT INTO Book_Categories(ISBN,Category) VALUES ('789-2-02-180898-9','Science Fiction');
INSERT INTO Book_Categories(ISBN,Category) VALUES ('780-8-36-944593-1','Romance');
INSERT INTO Book_Categories(ISBN,Category) VALUES ('224-1-05-585472-1','History');
INSERT INTO Book_Categories(ISBN,Category) VALUES ('209-9-81-568813-4','Biography');
INSERT INTO Book_Categories(ISBN,Category) VALUES ('002-9-11-612306-1','Mystery');
INSERT INTO Book_Categories(ISBN,Category) VALUES ('284-0-80-891175-3','Science Fiction');
INSERT INTO Book_Categories(ISBN,Category) VALUES ('052-3-15-256044-9','Biography');
INSERT INTO Book_Categories(ISBN,Category) VALUES ('760-6-49-915392-3','Non-fiction');
INSERT INTO Book_Categories(ISBN,Category) VALUES ('879-7-20-407265-3','Romance');
INSERT INTO Book_Categories(ISBN,Category) VALUES ('710-5-80-563418-0','Self-help');
INSERT INTO Book_Categories(ISBN,Category) VALUES ('302-5-17-900579-6','Fiction');
INSERT INTO Book_Categories(ISBN,Category) VALUES ('444-2-40-205755-6','Thriller');
INSERT INTO Book_Categories(ISBN,Category) VALUES ('760-1-76-426200-9','Biography');
INSERT INTO Book_Categories(ISBN,Category) VALUES ('012-6-12-483200-9','Science Fiction');
INSERT INTO Book_Categories(ISBN,Category) VALUES ('107-1-47-196490-8','Science Fiction');
INSERT INTO Book_Categories(ISBN,Category) VALUES ('138-3-21-388498-2','Thriller');
INSERT INTO Book_Categories(ISBN,Category) VALUES ('949-7-25-879863-0','Science Fiction');
INSERT INTO Book_Categories(ISBN,Category) VALUES ('458-7-67-662238-7','Mystery');
INSERT INTO Book_Categories(ISBN,Category) VALUES ('990-9-31-659081-8','Mystery');
INSERT INTO Book_Categories(ISBN,Category) VALUES ('609-7-74-290099-8','History');
INSERT INTO Book_Categories(ISBN,Category) VALUES ('493-9-62-128300-2','Self-help');
INSERT INTO Book_Categories(ISBN,Category) VALUES ('766-0-35-562201-0','Self-help');
INSERT INTO Book_Categories(ISBN,Category) VALUES ('977-4-26-671732-1','Thriller');
INSERT INTO Book_Categories(ISBN,Category) VALUES ('935-4-00-212464-9','Biography');
INSERT INTO Book_Categories(ISBN,Category) VALUES ('176-8-03-323357-7','Fiction');
INSERT INTO Book_Categories(ISBN,Category) VALUES ('322-2-62-690883-9','History');
INSERT INTO Book_Categories(ISBN,Category) VALUES ('850-4-98-075239-0','Fiction');
INSERT INTO Book_Categories(ISBN,Category) VALUES ('826-4-87-571140-0','Biography');
INSERT INTO Book_Categories(ISBN,Category) VALUES ('036-7-93-402816-7','Self-help');
INSERT INTO Book_Categories(ISBN,Category) VALUES ('469-5-77-598322-0','History');
INSERT INTO Book_Categories(ISBN,Category) VALUES ('015-0-61-168612-1','Self-help');
INSERT INTO Book_Categories(ISBN,Category) VALUES ('717-6-69-872133-5','Thriller');
INSERT INTO Book_Categories(ISBN,Category) VALUES ('935-6-29-387428-2','Fiction');
INSERT INTO Book_Categories(ISBN,Category) VALUES ('701-7-41-310978-4','Non-fiction');
INSERT INTO Book_Categories(ISBN,Category) VALUES ('147-1-37-303331-1','Fantasy');
INSERT INTO Book_Categories(ISBN,Category) VALUES ('767-6-02-614413-4','Science Fiction');
INSERT INTO Book_Categories(ISBN,Category) VALUES ('956-1-31-189668-2','Science Fiction');
INSERT INTO Book_Categories(ISBN,Category) VALUES ('457-0-18-808523-6','Romance');
INSERT INTO Book_Categories(ISBN,Category) VALUES ('794-7-37-158256-8','Thriller');
INSERT INTO Book_Categories(ISBN,Category) VALUES ('838-4-46-003335-5','History');
INSERT INTO Book_Categories(ISBN,Category) VALUES ('935-9-13-201570-0','Mystery');
INSERT INTO Book_Categories(ISBN,Category) VALUES ('979-1-93-705785-4','Fiction');
INSERT INTO Book_Categories(ISBN,Category) VALUES ('927-5-39-946005-9','Non-fiction');
INSERT INTO Book_Categories(ISBN,Category) VALUES ('231-3-03-515453-8','Science Fiction');
INSERT INTO Book_Categories(ISBN,Category) VALUES ('673-0-55-445713-8','Fantasy');
INSERT INTO Book_Categories(ISBN,Category) VALUES ('250-0-57-595118-3','Fantasy');
INSERT INTO Book_Categories(ISBN,Category) VALUES ('474-6-47-460332-5','Romance');
INSERT INTO Book_Categories(ISBN,Category) VALUES ('085-4-03-542789-8','Self-help');
INSERT INTO Book_Categories(ISBN,Category) VALUES ('697-4-77-376363-1','Self-help');
INSERT INTO Book_Categories(ISBN,Category) VALUES ('616-3-92-726060-7','Science Fiction');
INSERT INTO Book_Categories(ISBN,Category) VALUES ('561-0-29-482320-3','Biography');
INSERT INTO Book_Categories(ISBN,Category) VALUES ('031-9-20-373586-4','Self-help');
INSERT INTO Book_Categories(ISBN,Category) VALUES ('375-6-42-625888-5','Self-help');
INSERT INTO Book_Categories(ISBN,Category) VALUES ('932-6-69-250806-5','Biography');
INSERT INTO Book_Categories(ISBN,Category) VALUES ('396-9-74-739496-6','Thriller');
INSERT INTO Book_Categories(ISBN,Category) VALUES ('834-5-34-551570-3','Fantasy');
INSERT INTO Book_Categories(ISBN,Category) VALUES ('039-5-42-259481-1','Mystery');
INSERT INTO Book_Categories(ISBN,Category) VALUES ('089-3-14-555914-7','Thriller');
INSERT INTO Book_Categories(ISBN,Category) VALUES ('939-5-44-538117-3','History');
INSERT INTO Book_Categories(ISBN,Category) VALUES ('942-6-80-722574-2','Romance');
INSERT INTO Book_Categories(ISBN,Category) VALUES ('962-0-72-478354-3','Fantasy');
INSERT INTO Book_Categories(ISBN,Category) VALUES ('697-0-33-895399-1','Thriller');
INSERT INTO Book_Categories(ISBN,Category) VALUES ('481-4-54-468545-7','Mystery');
INSERT INTO Book_Categories(ISBN,Category) VALUES ('693-9-72-882669-9','Fiction');
INSERT INTO Book_Categories(ISBN,Category) VALUES ('554-3-30-405285-6','Non-fiction');
INSERT INTO Book_Categories(ISBN,Category) VALUES ('714-0-63-648278-5','Science Fiction');
INSERT INTO Book_Categories(ISBN,Category) VALUES ('210-6-79-446834-8','Non-fiction');
INSERT INTO Book_Categories(ISBN,Category) VALUES ('457-9-41-061502-0','Fiction');
INSERT INTO Book_Categories(ISBN,Category) VALUES ('154-6-51-176828-1','History');
INSERT INTO Book_Authors(Firstname,Lastname,ISBN) VALUES ('Noah','Walker','199-1-79-975176-3');
INSERT INTO Book_Authors(Firstname,Lastname,ISBN) VALUES ('James','Smith','350-5-48-795917-5');
INSERT INTO Book_Authors(Firstname,Lastname,ISBN) VALUES ('Benjamin','Smith','994-4-28-162823-9');
INSERT INTO Book_Authors(Firstname,Lastname,ISBN) VALUES ('Lucas','Miller','336-0-41-286259-6');
INSERT INTO Book_Authors(Firstname,Lastname,ISBN) VALUES ('Lucas','Rodriguez','593-1-69-163867-8');
INSERT INTO Book_Authors(Firstname,Lastname,ISBN) VALUES ('Henry','Moore','591-3-07-389603-6');
INSERT INTO Book_Authors(Firstname,Lastname,ISBN) VALUES ('Lucas','Miller','550-1-57-150020-2');
INSERT INTO Book_Authors(Firstname,Lastname,ISBN) VALUES ('Amelia','Anderson','863-9-27-800751-4');
INSERT INTO Book_Authors(Firstname,Lastname,ISBN) VALUES ('Benjamin','Walker','705-0-44-006449-8');
INSERT INTO Book_Authors(Firstname,Lastname,ISBN) VALUES ('Isabella','Harris','180-8-17-062437-4');
INSERT INTO Book_Authors(Firstname,Lastname,ISBN) VALUES ('Elijah','Smith','623-1-73-946323-9');
INSERT INTO Book_Authors(Firstname,Lastname,ISBN) VALUES ('Evelyn','Martinez','236-5-23-696094-4');
INSERT INTO Book_Authors(Firstname,Lastname,ISBN) VALUES ('Isabella','Moore','957-5-37-725278-7');
INSERT INTO Book_Authors(Firstname,Lastname,ISBN) VALUES ('Luna','Johnson','844-3-46-156298-3');
INSERT INTO Book_Authors(Firstname,Lastname,ISBN) VALUES ('Olivia','Jones','014-7-39-957943-0');
INSERT INTO Book_Authors(Firstname,Lastname,ISBN) VALUES ('Luna','Davis','817-2-53-430205-2');
INSERT INTO Book_Authors(Firstname,Lastname,ISBN) VALUES ('Harper','Williams','191-3-37-748577-0');
INSERT INTO Book_Authors(Firstname,Lastname,ISBN) VALUES ('Isabella','Anderson','846-6-27-547827-4');
INSERT INTO Book_Authors(Firstname,Lastname,ISBN) VALUES ('Harper','Anderson','757-0-91-727220-0');
INSERT INTO Book_Authors(Firstname,Lastname,ISBN) VALUES ('Ava','Moore','162-6-77-110427-3');
INSERT INTO Book_Authors(Firstname,Lastname,ISBN) VALUES ('Olivia','Jackson','593-7-30-201056-9');
INSERT INTO Book_Authors(Firstname,Lastname,ISBN) VALUES ('Elijah','Smith','251-0-88-822260-4');
INSERT INTO Book_Authors(Firstname,Lastname,ISBN) VALUES ('William','White','682-8-35-796927-7');
INSERT INTO Book_Authors(Firstname,Lastname,ISBN) VALUES ('Ava','Taylor','334-2-03-877547-3');
INSERT INTO Book_Authors(Firstname,Lastname,ISBN) VALUES ('Lucas','Davis','874-7-07-219927-6');
INSERT INTO Book_Authors(Firstname,Lastname,ISBN) VALUES ('Evelyn','Rodriguez','397-6-39-830834-7');
INSERT INTO Book_Authors(Firstname,Lastname,ISBN) VALUES ('Benjamin','Anderson','107-7-26-815443-2');
INSERT INTO Book_Authors(Firstname,Lastname,ISBN) VALUES ('Elijah','Clark','632-8-05-704148-8');
INSERT INTO Book_Authors(Firstname,Lastname,ISBN) VALUES ('Luna','Hernandez','693-2-97-687387-7');
INSERT INTO Book_Authors(Firstname,Lastname,ISBN) VALUES ('Elijah','Garcia','664-2-83-959235-0');
INSERT INTO Book_Authors(Firstname,Lastname,ISBN) VALUES ('Noah','Johnson','032-9-54-749026-2');
INSERT INTO Book_Authors(Firstname,Lastname,ISBN) VALUES ('Amelia','Miller','789-2-02-180898-9');
INSERT INTO Book_Authors(Firstname,Lastname,ISBN) VALUES ('Harper','Walker','780-8-36-944593-1');
INSERT INTO Book_Authors(Firstname,Lastname,ISBN) VALUES ('Emma','Hernandez','224-1-05-585472-1');
INSERT INTO Book_Authors(Firstname,Lastname,ISBN) VALUES ('Henry','Rodriguez','209-9-81-568813-4');
INSERT INTO Book_Authors(Firstname,Lastname,ISBN) VALUES ('Harper','Hernandez','002-9-11-612306-1');
INSERT INTO Book_Authors(Firstname,Lastname,ISBN) VALUES ('Henry','Clark','284-0-80-891175-3');
INSERT INTO Book_Authors(Firstname,Lastname,ISBN) VALUES ('Mia','Miller','052-3-15-256044-9');
INSERT INTO Book_Authors(Firstname,Lastname,ISBN) VALUES ('Noah','Brown','760-6-49-915392-3');
INSERT INTO Book_Authors(Firstname,Lastname,ISBN) VALUES ('Isabella','Clark','879-7-20-407265-3');
INSERT INTO Book_Authors(Firstname,Lastname,ISBN) VALUES ('Evelyn','Garcia','710-5-80-563418-0');
INSERT INTO Book_Authors(Firstname,Lastname,ISBN) VALUES ('Luna','Brown','302-5-17-900579-6');
INSERT INTO Book_Authors(Firstname,Lastname,ISBN) VALUES ('Liam','Jones','444-2-40-205755-6');
INSERT INTO Book_Authors(Firstname,Lastname,ISBN) VALUES ('Charlotte','Taylor','760-1-76-426200-9');
INSERT INTO Book_Authors(Firstname,Lastname,ISBN) VALUES ('Charlotte','Moore','012-6-12-483200-9');
INSERT INTO Book_Authors(Firstname,Lastname,ISBN) VALUES ('James','Clark','107-1-47-196490-8');
INSERT INTO Book_Authors(Firstname,Lastname,ISBN) VALUES ('Harper','Walker','138-3-21-388498-2');
INSERT INTO Book_Authors(Firstname,Lastname,ISBN) VALUES ('Mia','Johnson','949-7-25-879863-0');
INSERT INTO Book_Authors(Firstname,Lastname,ISBN) VALUES ('Olivia','Anderson','458-7-67-662238-7');
INSERT INTO Book_Authors(Firstname,Lastname,ISBN) VALUES ('Mia','Harris','990-9-31-659081-8');
INSERT INTO Book_Authors(Firstname,Lastname,ISBN) VALUES ('Sophia','Taylor','609-7-74-290099-8');
INSERT INTO Book_Authors(Firstname,Lastname,ISBN) VALUES ('James','White','493-9-62-128300-2');
INSERT INTO Book_Authors(Firstname,Lastname,ISBN) VALUES ('Mia','Moore','766-0-35-562201-0');
INSERT INTO Book_Authors(Firstname,Lastname,ISBN) VALUES ('James','Johnson','977-4-26-671732-1');
INSERT INTO Book_Authors(Firstname,Lastname,ISBN) VALUES ('Charlotte','Anderson','935-4-00-212464-9');
INSERT INTO Book_Authors(Firstname,Lastname,ISBN) VALUES ('Elijah','Walker','176-8-03-323357-7');
INSERT INTO Book_Authors(Firstname,Lastname,ISBN) VALUES ('Elijah','Walker','322-2-62-690883-9');
INSERT INTO Book_Authors(Firstname,Lastname,ISBN) VALUES ('William','Jackson','850-4-98-075239-0');
INSERT INTO Book_Authors(Firstname,Lastname,ISBN) VALUES ('Isabella','Martinez','826-4-87-571140-0');
INSERT INTO Book_Authors(Firstname,Lastname,ISBN) VALUES ('Isabella','Jackson','036-7-93-402816-7');
INSERT INTO Book_Authors(Firstname,Lastname,ISBN) VALUES ('Evelyn','Walker','469-5-77-598322-0');
INSERT INTO Book_Authors(Firstname,Lastname,ISBN) VALUES ('Benjamin','Walker','015-0-61-168612-1');
INSERT INTO Book_Authors(Firstname,Lastname,ISBN) VALUES ('Alexander','Smith','717-6-69-872133-5');
INSERT INTO Book_Authors(Firstname,Lastname,ISBN) VALUES ('Ava','Hernandez','935-6-29-387428-2');
INSERT INTO Book_Authors(Firstname,Lastname,ISBN) VALUES ('Sophia','Walker','701-7-41-310978-4');
INSERT INTO Book_Authors(Firstname,Lastname,ISBN) VALUES ('Charlotte','Taylor','147-1-37-303331-1');
INSERT INTO Book_Authors(Firstname,Lastname,ISBN) VALUES ('Henry','Moore','767-6-02-614413-4');
INSERT INTO Book_Authors(Firstname,Lastname,ISBN) VALUES ('Sophia','Harris','956-1-31-189668-2');
INSERT INTO Book_Authors(Firstname,Lastname,ISBN) VALUES ('Lucas','Walker','457-0-18-808523-6');
INSERT INTO Book_Authors(Firstname,Lastname,ISBN) VALUES ('Alexander','Garcia','794-7-37-158256-8');
INSERT INTO Book_Authors(Firstname,Lastname,ISBN) VALUES ('William','Clark','838-4-46-003335-5');
INSERT INTO Book_Authors(Firstname,Lastname,ISBN) VALUES ('Mia','Moore','935-9-13-201570-0');
INSERT INTO Book_Authors(Firstname,Lastname,ISBN) VALUES ('Charlotte','Martinez','979-1-93-705785-4');
INSERT INTO Book_Authors(Firstname,Lastname,ISBN) VALUES ('Benjamin','Clark','927-5-39-946005-9');
INSERT INTO Book_Authors(Firstname,Lastname,ISBN) VALUES ('Evelyn','Harris','231-3-03-515453-8');
INSERT INTO Book_Authors(Firstname,Lastname,ISBN) VALUES ('Alexander','Smith','673-0-55-445713-8');
INSERT INTO Book_Authors(Firstname,Lastname,ISBN) VALUES ('Noah','Clark','250-0-57-595118-3');
INSERT INTO Book_Authors(Firstname,Lastname,ISBN) VALUES ('Luna','Williams','474-6-47-460332-5');
INSERT INTO Book_Authors(Firstname,Lastname,ISBN) VALUES ('Emma','Anderson','085-4-03-542789-8');
INSERT INTO Book_Authors(Firstname,Lastname,ISBN) VALUES ('Harper','Walker','697-4-77-376363-1');
INSERT INTO Book_Authors(Firstname,Lastname,ISBN) VALUES ('Liam','Miller','616-3-92-726060-7');
INSERT INTO Book_Authors(Firstname,Lastname,ISBN) VALUES ('Isabella','Thomas','561-0-29-482320-3');
INSERT INTO Book_Authors(Firstname,Lastname,ISBN) VALUES ('Amelia','Miller','031-9-20-373586-4');
INSERT INTO Book_Authors(Firstname,Lastname,ISBN) VALUES ('Benjamin','Rodriguez','375-6-42-625888-5');
INSERT INTO Book_Authors(Firstname,Lastname,ISBN) VALUES ('Mia','Anderson','932-6-69-250806-5');
INSERT INTO Book_Authors(Firstname,Lastname,ISBN) VALUES ('Evelyn','Smith','396-9-74-739496-6');
INSERT INTO Book_Authors(Firstname,Lastname,ISBN) VALUES ('Charlotte','Jackson','834-5-34-551570-3');
INSERT INTO Book_Authors(Firstname,Lastname,ISBN) VALUES ('Noah','Smith','039-5-42-259481-1');
INSERT INTO Book_Authors(Firstname,Lastname,ISBN) VALUES ('Emma','Taylor','089-3-14-555914-7');
INSERT INTO Book_Authors(Firstname,Lastname,ISBN) VALUES ('Ava','Williams','939-5-44-538117-3');
INSERT INTO Book_Authors(Firstname,Lastname,ISBN) VALUES ('Ava','Anderson','942-6-80-722574-2');
INSERT INTO Book_Authors(Firstname,Lastname,ISBN) VALUES ('Olivia','Miller','962-0-72-478354-3');
INSERT INTO Book_Authors(Firstname,Lastname,ISBN) VALUES ('Charlotte','Harris','697-0-33-895399-1');
INSERT INTO Book_Authors(Firstname,Lastname,ISBN) VALUES ('Noah','Brown','481-4-54-468545-7');
INSERT INTO Book_Authors(Firstname,Lastname,ISBN) VALUES ('James','Davis','693-9-72-882669-9');
INSERT INTO Book_Authors(Firstname,Lastname,ISBN) VALUES ('Luna','Garcia','554-3-30-405285-6');
INSERT INTO Book_Authors(Firstname,Lastname,ISBN) VALUES ('Olivia','Smith','714-0-63-648278-5');
INSERT INTO Book_Authors(Firstname,Lastname,ISBN) VALUES ('James','Brown','210-6-79-446834-8');
INSERT INTO Book_Authors(Firstname,Lastname,ISBN) VALUES ('James','Johnson','457-9-41-061502-0');
INSERT INTO Book_Authors(Firstname,Lastname,ISBN) VALUES ('Alexander','Harris','154-6-51-176828-1');

-- Reservations Tables

INSERT INTO Reservations(Reservations_id,School_Library_id,ISBN,User_id,Admin_id,Late_Days) VALUES ('RS-29542','SC-97068','977-4-26-671732-1','USR-79541','ADM-20965','0');
INSERT INTO Reservations(Reservations_id,School_Library_id,ISBN,User_id,Admin_id,Late_Days) VALUES ('RS-32034','SC-17254','874-7-07-219927-6','USR-70675','ADM-26303','0');
INSERT INTO Reservations(Reservations_id,School_Library_id,ISBN,User_id,Admin_id,Late_Days) VALUES ('RS-92558','SC-97068','457-0-18-808523-6','USR-21514','ADM-35547','0');
INSERT INTO Reservations(Reservations_id,School_Library_id,ISBN,User_id,Admin_id,Late_Days) VALUES ('RS-54022','SC-29693','780-8-36-944593-1','USR-65833','ADM-59767','0');
INSERT INTO Reservations(Reservations_id,School_Library_id,ISBN,User_id,Admin_id,Late_Days) VALUES ('RS-44876','SC-63663','251-0-88-822260-4','USR-15145','ADM-59767','0');
INSERT INTO Reservations(Reservations_id,School_Library_id,ISBN,User_id,Admin_id,Late_Days) VALUES ('RS-86335','SC-29693','154-6-51-176828-1','USR-21514','ADM-20965','0');
INSERT INTO Reservations(Reservations_id,School_Library_id,ISBN,User_id,Admin_id,Late_Days) VALUES ('RS-82662','SC-63663','550-1-57-150020-2','USR-65833','ADM-26303','0');
INSERT INTO Reservations(Reservations_id,School_Library_id,ISBN,User_id,Admin_id,Late_Days) VALUES ('RS-95044','SC-97068','879-7-20-407265-3','USR-58417','ADM-59767','0');
INSERT INTO Reservations(Reservations_id,School_Library_id,ISBN,User_id,Admin_id,Late_Days) VALUES ('RS-41823','SC-29693','554-3-30-405285-6','USR-83611','ADM-35547','0');
INSERT INTO Reservations(Reservations_id,School_Library_id,ISBN,User_id,Admin_id,Late_Days) VALUES ('RS-77555','SC-97068','210-6-79-446834-8','USR-62987','ADM-20965','0');
INSERT INTO Reservations(Reservations_id,School_Library_id,ISBN,User_id,Admin_id,Late_Days) VALUES ('RS-34574','SC-63663','396-9-74-739496-6','USR-21613','ADM-26303','0');
INSERT INTO Reservations(Reservations_id,School_Library_id,ISBN,User_id,Admin_id,Late_Days) VALUES ('RS-49603','SC-63663','191-3-37-748577-0','USR-69923','ADM-35547','0');
INSERT INTO Reservations(Reservations_id,School_Library_id,ISBN,User_id,Admin_id,Late_Days) VALUES ('RS-36557','SC-63663','609-7-74-290099-8','USR-95973','ADM-20965','0');
INSERT INTO Reservations(Reservations_id,School_Library_id,ISBN,User_id,Admin_id,Late_Days) VALUES ('RS-79166','SC-29693','236-5-23-696094-4','USR-21514','ADM-59767','0');
INSERT INTO Reservations(Reservations_id,School_Library_id,ISBN,User_id,Admin_id,Late_Days) VALUES ('RS-59756','SC-29693','789-2-02-180898-9','USR-80568','ADM-35547','0');
INSERT INTO Reservations(Reservations_id,School_Library_id,ISBN,User_id,Admin_id,Late_Days) VALUES ('RS-51581','SC-63663','085-4-03-542789-8','USR-95973','ADM-26303','0');
INSERT INTO Reservations(Reservations_id,School_Library_id,ISBN,User_id,Admin_id,Late_Days) VALUES ('RS-58672','SC-63663','789-2-02-180898-9','USR-89355','ADM-35547','0');
INSERT INTO Reservations(Reservations_id,School_Library_id,ISBN,User_id,Admin_id,Late_Days) VALUES ('RS-05585','SC-97068','701-7-41-310978-4','USR-23292','ADM-59767','0');
INSERT INTO Reservations(Reservations_id,School_Library_id,ISBN,User_id,Admin_id,Late_Days) VALUES ('RS-84248','SC-29693','935-4-00-212464-9','USR-95826','ADM-35547','0');
INSERT INTO Reservations(Reservations_id,School_Library_id,ISBN,User_id,Admin_id,Late_Days) VALUES ('RS-01481','SC-29693','838-4-46-003335-5','USR-75929','ADM-26303','0');
INSERT INTO Reservations(Reservations_id,School_Library_id,ISBN,User_id,Admin_id,Late_Days) VALUES ('RS-79233','SC-63663','039-5-42-259481-1','USR-06700','ADM-35547','0');
INSERT INTO Reservations(Reservations_id,School_Library_id,ISBN,User_id,Admin_id,Late_Days) VALUES ('RS-23048','SC-97068','844-3-46-156298-3','USR-29431','ADM-35547','0');
INSERT INTO Reservations(Reservations_id,School_Library_id,ISBN,User_id,Admin_id,Late_Days) VALUES ('RS-02218','SC-63663','949-7-25-879863-0','USR-79541','ADM-59767','0');
INSERT INTO Reservations(Reservations_id,School_Library_id,ISBN,User_id,Admin_id,Late_Days) VALUES ('RS-83899','SC-63663','760-6-49-915392-3','USR-51706','ADM-26303','0');
INSERT INTO Reservations(Reservations_id,School_Library_id,ISBN,User_id,Admin_id,Late_Days) VALUES ('RS-80111','SC-63663','014-7-39-957943-0','USR-69923','ADM-20965','0');
INSERT INTO Reservations(Reservations_id,School_Library_id,ISBN,User_id,Admin_id,Late_Days) VALUES ('RS-97275','SC-63663','932-6-69-250806-5','USR-16635','ADM-59767','0');
INSERT INTO Reservations(Reservations_id,School_Library_id,ISBN,User_id,Admin_id,Late_Days) VALUES ('RS-34635','SC-63663','162-6-77-110427-3','USR-70675','ADM-59767','0');
INSERT INTO Reservations(Reservations_id,School_Library_id,ISBN,User_id,Admin_id,Late_Days) VALUES ('RS-32664','SC-63663','591-3-07-389603-6','USR-81311','ADM-59767','0');
INSERT INTO Reservations(Reservations_id,School_Library_id,ISBN,User_id,Admin_id,Late_Days) VALUES ('RS-49130','SC-29693','693-2-97-687387-7','USR-62987','ADM-35547','0');
INSERT INTO Reservations(Reservations_id,School_Library_id,ISBN,User_id,Admin_id,Late_Days) VALUES ('RS-77704','SC-97068','474-6-47-460332-5','USR-56552','ADM-20965','0');
INSERT INTO Reservations(Reservations_id,School_Library_id,ISBN,User_id,Admin_id,Late_Days) VALUES ('RS-16625','SC-63663','107-7-26-815443-2','USR-62987','ADM-35547','0');
INSERT INTO Reservations(Reservations_id,School_Library_id,ISBN,User_id,Admin_id,Late_Days) VALUES ('RS-38766','SC-17254','052-3-15-256044-9','USR-09385','ADM-59767','0');
INSERT INTO Reservations(Reservations_id,School_Library_id,ISBN,User_id,Admin_id,Late_Days) VALUES ('RS-51136','SC-63663','191-3-37-748577-0','USR-51706','ADM-35547','0');
INSERT INTO Reservations(Reservations_id,School_Library_id,ISBN,User_id,Admin_id,Late_Days) VALUES ('RS-69197','SC-17254','493-9-62-128300-2','USR-62987','ADM-59767','0');
INSERT INTO Reservations(Reservations_id,School_Library_id,ISBN,User_id,Admin_id,Late_Days) VALUES ('RS-38314','SC-29693','939-5-44-538117-3','USR-65833','ADM-20965','0');
INSERT INTO Reservations(Reservations_id,School_Library_id,ISBN,User_id,Admin_id,Late_Days) VALUES ('RS-00522','SC-97068','714-0-63-648278-5','USR-96324','ADM-35547','0');
INSERT INTO Reservations(Reservations_id,School_Library_id,ISBN,User_id,Admin_id,Late_Days) VALUES ('RS-04459','SC-97068','701-7-41-310978-4','USR-51706','ADM-59767','0');
INSERT INTO Reservations(Reservations_id,School_Library_id,ISBN,User_id,Admin_id,Late_Days) VALUES ('RS-46628','SC-97068','932-6-69-250806-5','USR-96324','ADM-20965','0');
INSERT INTO Reservations(Reservations_id,School_Library_id,ISBN,User_id,Admin_id,Late_Days) VALUES ('RS-40571','SC-17254','457-9-41-061502-0','USR-70675','ADM-26303','0');
INSERT INTO Reservations(Reservations_id,School_Library_id,ISBN,User_id,Admin_id,Late_Days) VALUES ('RS-76296','SC-29693','879-7-20-407265-3','USR-38265','ADM-59767','0');
INSERT INTO Reservations(Reservations_id,School_Library_id,ISBN,User_id,Admin_id,Late_Days) VALUES ('RS-54653','SC-63663','994-4-28-162823-9','USR-80568','ADM-26303','0');
INSERT INTO Reservations(Reservations_id,School_Library_id,ISBN,User_id,Admin_id,Late_Days) VALUES ('RS-29449','SC-97068','180-8-17-062437-4','USR-62987','ADM-20965','0');
INSERT INTO Reservations(Reservations_id,School_Library_id,ISBN,User_id,Admin_id,Late_Days) VALUES ('RS-55591','SC-63663','176-8-03-323357-7','USR-07379','ADM-26303','0');
INSERT INTO Reservations(Reservations_id,School_Library_id,ISBN,User_id,Admin_id,Late_Days) VALUES ('RS-52443','SC-63663','561-0-29-482320-3','USR-24611','ADM-35547','0');
INSERT INTO Reservations(Reservations_id,School_Library_id,ISBN,User_id,Admin_id,Late_Days) VALUES ('RS-34427','SC-63663','209-9-81-568813-4','USR-11322','ADM-20965','0');
INSERT INTO Reservations(Reservations_id,School_Library_id,ISBN,User_id,Admin_id,Late_Days) VALUES ('RS-82318','SC-29693','052-3-15-256044-9','USR-96324','ADM-59767','0');
INSERT INTO Reservations(Reservations_id,School_Library_id,ISBN,User_id,Admin_id,Late_Days) VALUES ('RS-72374','SC-29693','147-1-37-303331-1','USR-70675','ADM-26303','0');
INSERT INTO Reservations(Reservations_id,School_Library_id,ISBN,User_id,Admin_id,Late_Days) VALUES ('RS-02195','SC-17254','697-4-77-376363-1','USR-68719','ADM-20965','0');
INSERT INTO Reservations(Reservations_id,School_Library_id,ISBN,User_id,Admin_id,Late_Days) VALUES ('RS-44194','SC-97068','107-7-26-815443-2','USR-38455','ADM-26303','0');
INSERT INTO Reservations(Reservations_id,School_Library_id,ISBN,User_id,Admin_id,Late_Days) VALUES ('RS-69041','SC-17254','561-0-29-482320-3','USR-69923','ADM-59767','0');

-- Credentials Tables

INSERT INTO Credentials VALUES ('RN-21616','USR-35581','isabella_3593','hucyp-0276');
INSERT INTO Credentials VALUES ('RN-96465','USR-06445','alexander_7565','oukhy-5733');
INSERT INTO Credentials VALUES ('RN-43320','USR-33617','liam_3896','rxxbh-5881');
INSERT INTO Credentials VALUES ('RN-09147','USR-02157','emma_6072','lwepv-9521');
INSERT INTO Credentials VALUES ('RN-05987','USR-68719','liam_1655','djptp-5837');
INSERT INTO Credentials VALUES ('RN-68950','USR-29431','charlotte_4733','hazqz-9400');
INSERT INTO Credentials VALUES ('RN-12145','USR-24611','william_1774','uvkat-6910');
INSERT INTO Credentials VALUES ('RN-07637','USR-20123','lucas_1919','unhqi-1565');
INSERT INTO Credentials VALUES ('RN-05159','USR-71719','benjamin_2164','qbnyf-0434');
INSERT INTO Credentials VALUES ('RN-80367','USR-65833','evelyn_3561','vdyrb-8976');
INSERT INTO Credentials VALUES ('RN-10590','USR-17909','isabella_9104','jluuc-8902');
INSERT INTO Credentials VALUES ('RN-39970','USR-79714','ava_6982','igjvl-6737');
INSERT INTO Credentials VALUES ('RN-13135','USR-89355','isabella_5970','smneb-9651');
INSERT INTO Credentials VALUES ('RN-25564','USR-94306','alexander_6552','jbrvo-5815');
INSERT INTO Credentials VALUES ('RN-04618','USR-25105','olivia_7365','xlvbj-8908');
INSERT INTO Credentials VALUES ('RN-61855','USR-51706','evelyn_6937','qhjwi-0715');
INSERT INTO Credentials VALUES ('RN-36531','USR-15097','luna_9059','kfogr-4561');
INSERT INTO Credentials VALUES ('RN-83163','USR-56552','harper_4018','budvz-4474');
INSERT INTO Credentials VALUES ('RN-06478','USR-95826','benjamin_3796','uddao-6635');
INSERT INTO Credentials VALUES ('RN-33599','USR-48535','alexander_8707','mtjpq-5648');
INSERT INTO Credentials VALUES ('RN-15069','USR-83611','olivia_9725','khvbe-2591');
INSERT INTO Credentials VALUES ('RN-50781','USR-07379','noah_6848','roqrs-6891');
INSERT INTO Credentials VALUES ('RN-90038','USR-81311','luna_5034','dlzxv-4721');
INSERT INTO Credentials VALUES ('RN-46956','USR-95973','lucas_5198','xvtbu-4644');
INSERT INTO Credentials VALUES ('RN-99037','USR-38455','liam_9391','gtpxv-8880');
INSERT INTO Credentials VALUES ('RN-62226','USR-91759','alexander_7035','lyzem-3618');
INSERT INTO Credentials VALUES ('RN-75744','USR-53344','james_8653','xdrtk-5172');
INSERT INTO Credentials VALUES ('RN-89977','USR-16635','benjamin_2089','dcrfc-0223');
INSERT INTO Credentials VALUES ('RN-73328','USR-80568','alexander_9652','kwomi-1063');
INSERT INTO Credentials VALUES ('RN-81708','USR-75929','amelia_8386','czrxc-3013');
INSERT INTO Credentials VALUES ('RN-98913','USR-76546','ava_3935','eysqb-6398');
INSERT INTO Credentials VALUES ('RN-96986','USR-15145','mia_9597','tdbhs-1060');
INSERT INTO Credentials VALUES ('RN-21692','USR-79541','benjamin_2016','mabmd-5586');
INSERT INTO Credentials VALUES ('RN-79033','USR-80814','harper_9732','vdddp-0078');
INSERT INTO Credentials VALUES ('RN-56120','USR-03449','alexander_7312','xtiex-2483');
INSERT INTO Credentials VALUES ('RN-18116','USR-46181','olivia_0894','cggfh-7094');
INSERT INTO Credentials VALUES ('RN-94289','USR-55103','isabella_2061','skore-2226');
INSERT INTO Credentials VALUES ('RN-53600','USR-38310','isabella_5053','kcfea-0732');
INSERT INTO Credentials VALUES ('RN-53252','USR-96324','henry_4449','mwbdk-8918');
INSERT INTO Credentials VALUES ('RN-15673','USR-62987','alexander_6630','nxsvc-0502');
INSERT INTO Credentials VALUES ('RN-25971','USR-38265','james_6398','gozql-2218');
INSERT INTO Credentials VALUES ('RN-01198','USR-09385','ava_9062','jocfv-6308');
INSERT INTO Credentials VALUES ('RN-20252','USR-11322','luna_7498','mkhkx-1609');
INSERT INTO Credentials VALUES ('RN-88267','USR-58417','benjamin_4813','hqtvg-2253');
INSERT INTO Credentials VALUES ('RN-66817','USR-21514','elijah_1822','pdxmn-0056');
INSERT INTO Credentials VALUES ('RN-91189','USR-23292','sophia_7198','slhgg-1619');
INSERT INTO Credentials VALUES ('RN-01640','USR-06700','benjamin_9176','bbgvy-9278');
INSERT INTO Credentials VALUES ('RN-54231','USR-69923','emma_6047','mmyjc-9058');
INSERT INTO Credentials VALUES ('RN-17586','USR-21613','elijah_1293','phhju-7999');
INSERT INTO Credentials VALUES ('RN-54597','USR-70675','amelia_3745','qdbdo-0305');

-- Reviews Table

INSERT INTO Reviews VALUES ('RV-68578','USR-80814','962-0-72-478354-3','5','some review for the book with isbn 962-0-72-478354-3','0');
INSERT INTO Reviews VALUES ('RV-89737','USR-94306','710-5-80-563418-0','0','some review for the book with isbn 710-5-80-563418-0','0');
INSERT INTO Reviews VALUES ('RV-69685','USR-79714','251-0-88-822260-4','3','some review for the book with isbn 251-0-88-822260-4','0');
INSERT INTO Reviews VALUES ('RV-94695','USR-38310','236-5-23-696094-4','2','some review for the book with isbn 236-5-23-696094-4','0');
INSERT INTO Reviews VALUES ('RV-00855','USR-71719','609-7-74-290099-8','5','some review for the book with isbn 609-7-74-290099-8','0');
INSERT INTO Reviews VALUES ('RV-36798','USR-96324','162-6-77-110427-3','0','some review for the book with isbn 162-6-77-110427-3','0');
INSERT INTO Reviews VALUES ('RV-50315','USR-79714','609-7-74-290099-8','4','some review for the book with isbn 609-7-74-290099-8','0');
INSERT INTO Reviews VALUES ('RV-88070','USR-09385','481-4-54-468545-7','1','some review for the book with isbn 481-4-54-468545-7','0');
INSERT INTO Reviews VALUES ('RV-41116','USR-38455','623-1-73-946323-9','0','some review for the book with isbn 623-1-73-946323-9','0');
INSERT INTO Reviews VALUES ('RV-98633','USR-16635','632-8-05-704148-8','5','some review for the book with isbn 632-8-05-704148-8','0');
INSERT INTO Reviews VALUES ('RV-43814','USR-94306','673-0-55-445713-8','5','some review for the book with isbn 673-0-55-445713-8','0');
INSERT INTO Reviews VALUES ('RV-34694','USR-80814','697-0-33-895399-1','2','some review for the book with isbn 697-0-33-895399-1','0');
INSERT INTO Reviews VALUES ('RV-69366','USR-70675','664-2-83-959235-0','4','some review for the book with isbn 664-2-83-959235-0','0');
INSERT INTO Reviews VALUES ('RV-31737','USR-35581','838-4-46-003335-5','5','some review for the book with isbn 838-4-46-003335-5','0');
INSERT INTO Reviews VALUES ('RV-71969','USR-17909','717-6-69-872133-5','3','some review for the book with isbn 717-6-69-872133-5','0');
INSERT INTO Reviews VALUES ('RV-40686','USR-21514','962-0-72-478354-3','4','some review for the book with isbn 962-0-72-478354-3','0');
INSERT INTO Reviews VALUES ('RV-05340','USR-51706','162-6-77-110427-3','5','some review for the book with isbn 162-6-77-110427-3','0');
INSERT INTO Reviews VALUES ('RV-35632','USR-96324','826-4-87-571140-0','3','some review for the book with isbn 826-4-87-571140-0','0');
INSERT INTO Reviews VALUES ('RV-75691','USR-16635','693-2-97-687387-7','3','some review for the book with isbn 693-2-97-687387-7','0');
INSERT INTO Reviews VALUES ('RV-98143','USR-23292','209-9-81-568813-4','5','some review for the book with isbn 209-9-81-568813-4','0');
INSERT INTO Reviews VALUES ('RV-68449','USR-35581','162-6-77-110427-3','3','some review for the book with isbn 162-6-77-110427-3','0');
INSERT INTO Reviews VALUES ('RV-95533','USR-23292','682-8-35-796927-7','3','some review for the book with isbn 682-8-35-796927-7','0');
INSERT INTO Reviews VALUES ('RV-25221','USR-70675','780-8-36-944593-1','3','some review for the book with isbn 780-8-36-944593-1','0');
INSERT INTO Reviews VALUES ('RV-98183','USR-75929','935-4-00-212464-9','5','some review for the book with isbn 935-4-00-212464-9','0');
INSERT INTO Reviews VALUES ('RV-06229','USR-06445','231-3-03-515453-8','1','some review for the book with isbn 231-3-03-515453-8','0');
INSERT INTO Reviews VALUES ('RV-88355','USR-75929','935-6-29-387428-2','4','some review for the book with isbn 935-6-29-387428-2','0');
INSERT INTO Reviews VALUES ('RV-16893','USR-62987','457-9-41-061502-0','4','some review for the book with isbn 457-9-41-061502-0','0');
INSERT INTO Reviews VALUES ('RV-19887','USR-95973','697-0-33-895399-1','5','some review for the book with isbn 697-0-33-895399-1','0');
INSERT INTO Reviews VALUES ('RV-88072','USR-80814','036-7-93-402816-7','1','some review for the book with isbn 036-7-93-402816-7','0');
INSERT INTO Reviews VALUES ('RV-67984','USR-02157','767-6-02-614413-4','5','some review for the book with isbn 767-6-02-614413-4','0');
INSERT INTO Reviews VALUES ('RV-03008','USR-25105','693-9-72-882669-9','5','some review for the book with isbn 693-9-72-882669-9','0');
INSERT INTO Reviews VALUES ('RV-08846','USR-65833','209-9-81-568813-4','5','some review for the book with isbn 209-9-81-568813-4','0');
INSERT INTO Reviews VALUES ('RV-29022','USR-94306','469-5-77-598322-0','0','some review for the book with isbn 469-5-77-598322-0','0');
INSERT INTO Reviews VALUES ('RV-81225','USR-96324','780-8-36-944593-1','3','some review for the book with isbn 780-8-36-944593-1','0');
INSERT INTO Reviews VALUES ('RV-18529','USR-95826','015-0-61-168612-1','0','some review for the book with isbn 015-0-61-168612-1','0');
INSERT INTO Reviews VALUES ('RV-31655','USR-38455','957-5-37-725278-7','4','some review for the book with isbn 957-5-37-725278-7','0');
INSERT INTO Reviews VALUES ('RV-72910','USR-80814','089-3-14-555914-7','5','some review for the book with isbn 089-3-14-555914-7','0');
INSERT INTO Reviews VALUES ('RV-69703','USR-51706','701-7-41-310978-4','0','some review for the book with isbn 701-7-41-310978-4','0');
INSERT INTO Reviews VALUES ('RV-06539','USR-75929','493-9-62-128300-2','1','some review for the book with isbn 493-9-62-128300-2','0');
INSERT INTO Reviews VALUES ('RV-51727','USR-33617','957-5-37-725278-7','2','some review for the book with isbn 957-5-37-725278-7','0');
INSERT INTO Reviews VALUES ('RV-44219','USR-56552','935-6-29-387428-2','0','some review for the book with isbn 935-6-29-387428-2','0');
INSERT INTO Reviews VALUES ('RV-35574','USR-62987','710-5-80-563418-0','2','some review for the book with isbn 710-5-80-563418-0','0');
INSERT INTO Reviews VALUES ('RV-96184','USR-35581','616-3-92-726060-7','3','some review for the book with isbn 616-3-92-726060-7','0');
INSERT INTO Reviews VALUES ('RV-11385','USR-20123','817-2-53-430205-2','4','some review for the book with isbn 817-2-53-430205-2','0');
INSERT INTO Reviews VALUES ('RV-18876','USR-58417','874-7-07-219927-6','1','some review for the book with isbn 874-7-07-219927-6','0');
INSERT INTO Reviews VALUES ('RV-23908','USR-21613','705-0-44-006449-8','4','some review for the book with isbn 705-0-44-006449-8','0');
INSERT INTO Reviews VALUES ('RV-71058','USR-21514','224-1-05-585472-1','1','some review for the book with isbn 224-1-05-585472-1','0');
INSERT INTO Reviews VALUES ('RV-47874','USR-07379','012-6-12-483200-9','5','some review for the book with isbn 012-6-12-483200-9','0');
INSERT INTO Reviews VALUES ('RV-27935','USR-56552','474-6-47-460332-5','0','some review for the book with isbn 474-6-47-460332-5','0');
INSERT INTO Reviews VALUES ('RV-95896','USR-15097','956-1-31-189668-2','0','some review for the book with isbn 956-1-31-189668-2','0');

-- Registration Table

INSERT INTO Registrations VALUES ('RG-96487','SC-29693','James','Thomas','54','WN-69049','0','student','isabella_7693','snhlw_11310');
INSERT INTO Registrations VALUES ('RG-96541','SC-29693','Alexander','Jones','54','WN-29541','0','student','olivia_1994','sseas_26779');
INSERT INTO Registrations VALUES ('RG-00662','SC-97068','Liam','Garcia','32','WN-07641','0','student','henry_4492','imdfn_00825');
INSERT INTO Registrations VALUES ('RG-34330','SC-29693','Amelia','Rodriguez','25','WN-76431','0','student','noah_2571','pzflq_13164');
INSERT INTO Registrations VALUES ('RG-48454','SC-29693','Ava','Williams','23','WN-01823','0','student','henry_5760','wpjwh_95544');
INSERT INTO Registrations VALUES ('RG-84194','SC-63663','James','Smith','40','WN-12337','0','student','elijah_6092','dmtds_07926');
INSERT INTO Registrations VALUES ('RG-32839','SC-63663','Benjamin','Moore','23','WN-05148','0','student','lucas_3224','ikhmo_37340');
INSERT INTO Registrations VALUES ('RG-23905','SC-17254','Ava','Anderson','50','WN-77061','0','student','isabella_3419','vompc_07723');
INSERT INTO Registrations VALUES ('RG-16343','SC-17254','Alexander','Rodriguez','20','WN-24929','0','student','benjamin_2864','luvqm_36581');
INSERT INTO Registrations VALUES ('RG-80150','SC-97068','Ava','White','20','WN-24225','0','student','noah_3524','nxbjo_03753');
INSERT INTO Registrations VALUES ('RG-83236','SC-97068','Harper','Johnson','50','WN-20631','0','student','noah_8393','ikwgx_62352');
INSERT INTO Registrations VALUES ('RG-97915','SC-97068','Mia','Williams','30','WN-82185','0','student','harper_9857','hxcmi_79331');
INSERT INTO Registrations VALUES ('RG-78098','SC-29693','Evelyn','Moore','24','WN-45556','0','student','noah_9642','qvoro_99961');
INSERT INTO Registrations VALUES ('RG-72252','SC-97068','Benjamin','Jackson','32','WN-20880','0','student','harper_7270','jgmta_69789');
INSERT INTO Registrations VALUES ('RG-36770','SC-29693','Evelyn','White','40','WN-13898','0','student','ava_3807','odbjw_41152');
INSERT INTO Registrations VALUES ('RG-52296','SC-63663','Alexander','Jackson','50','WN-77295','0','student','alexander_0253','qiqra_39940');
INSERT INTO Registrations VALUES ('RG-14907','SC-97068','Noah','Davis','21','WN-85722','0','student','benjamin_9150','skwzf_41219');
INSERT INTO Registrations VALUES ('RG-89137','SC-97068','Mia','Hernandez','32','WN-02389','0','student','elijah_7559','wbzxq_14384');
INSERT INTO Registrations VALUES ('RG-01961','SC-97068','Evelyn','Martinez','53','WN-64124','0','student','evelyn_6726','fabuz_35844');
INSERT INTO Registrations VALUES ('RG-15204','SC-97068','Mia','Moore','33','WN-32349','0','student','elijah_3133','jvssf_44502');
INSERT INTO Registrations VALUES ('RG-81108','SC-63663','Evelyn','Williams','25','WN-15242','0','student','charlotte_8023','juffj_25992');
INSERT INTO Registrations VALUES ('RG-80358','SC-29693','Sophia','Moore','23','WN-03063','0','student','liam_1972','cbvjc_90838');
INSERT INTO Registrations VALUES ('RG-87351','SC-97068','Luna','Davis','32','WN-41587','0','student','emma_6912','hssaq_61631');
INSERT INTO Registrations VALUES ('RG-29591','SC-29693','Harper','Walker','32','WN-37408','0','student','mia_7558','lhdcg_51454');
INSERT INTO Registrations VALUES ('RG-08269','SC-17254','Isabella','Martinez','27','WN-39070','0','student','mia_7782','gwaow_09911');
INSERT INTO Registrations VALUES ('RG-16862','SC-29693','Amelia','Walker','49','WN-74307','0','student','harper_6249','fafgc_66085');
INSERT INTO Registrations VALUES ('RG-90301','SC-97068','Emma','Harris','35','WN-83350','0','student','luna_9600','lsqgp_15048');
INSERT INTO Registrations VALUES ('RG-02768','SC-97068','William','Williams','55','WN-34176','0','student','harper_7890','duqeh_59141');
INSERT INTO Registrations VALUES ('RG-20212','SC-29693','Charlotte','Garcia','50','WN-59107','0','student','evelyn_7457','xtydg_37903');
INSERT INTO Registrations VALUES ('RG-13430','SC-97068','Amelia','Miller','54','WN-19660','0','student','james_7697','vhcgg_59130');
INSERT INTO Registrations VALUES ('RG-03965','SC-29693','William','Smith','32','WN-38529','0','student','harper_4246','qtolw_16577');
INSERT INTO Registrations VALUES ('RG-06045','SC-17254','Sophia','Smith','21','WN-77649','0','instructor','evelyn_8101','goasu_29671');
INSERT INTO Registrations VALUES ('RG-92715','SC-29693','Benjamin','Hernandez','42','WN-08049','0','instructor','mia_0407','aedot_19121');
INSERT INTO Registrations VALUES ('RG-70805','SC-17254','Liam','Garcia','22','WN-51362','0','instructor','charlotte_7853','bfmct_35295');
INSERT INTO Registrations VALUES ('RG-92569','SC-17254','Emma','Clark','32','WN-29738','0','instructor','elijah_4107','djsup_92664');
INSERT INTO Registrations VALUES ('RG-96673','SC-29693','Charlotte','Brown','24','WN-33740','0','instructor','william_9323','dhqfh_58131');
INSERT INTO Registrations VALUES ('RG-83525','SC-17254','Isabella','Rodriguez','46','WN-80383','0','instructor','evelyn_4630','bfuzz_20647');
INSERT INTO Registrations VALUES ('RG-66517','SC-29693','Elijah','White','23','WN-43727','0','instructor','evelyn_9513','uqywh_52730');
INSERT INTO Registrations VALUES ('RG-56988','SC-63663','Henry','Clark','46','WN-70228','0','instructor','harper_3105','ctghl_89918');
INSERT INTO Registrations VALUES ('RG-89306','SC-97068','James','Taylor','37','WN-63259','0','instructor','william_8335','cosxb_88759');
INSERT INTO Registrations VALUES ('RG-94795','SC-63663','Olivia','Taylor','42','WN-98331','0','instructor','harper_0327','nuuin_73578');
INSERT INTO Registrations VALUES ('RG-59078','SC-29693','Sophia','Rodriguez','35','WN-21614','0','instructor','ava_4530','lmmeb_70000');
INSERT INTO Registrations VALUES ('RG-32824','SC-17254','Mia','Davis','44','WN-81142','0','instructor','elijah_3519','uuwzk_75124');
INSERT INTO Registrations VALUES ('RG-93180','SC-97068','Evelyn','White','42','WN-91915','0','instructor','lucas_1104','umcwi_58741');
INSERT INTO Registrations VALUES ('RG-20454','SC-29693','Sophia','Davis','39','WN-35597','0','instructor','harper_7900','jsaqc_53187');
INSERT INTO Registrations VALUES ('RG-04102','SC-63663','Lucas','Moore','38','WN-92062','0','instructor','ava_0898','nmkam_01063');
INSERT INTO Registrations VALUES ('RG-67914','SC-29693','Charlotte','Moore','44','WN-20558','0','instructor','james_7027','xahth_73820');
INSERT INTO Registrations VALUES ('RG-59355','SC-97068','Benjamin','Garcia','45','WN-62543','0','instructor','lucas_4020','iibho_90614');
INSERT INTO Registrations VALUES ('RG-19885','SC-63663','Amelia','Miller','53','WN-12149','0','instructor','sophia_4317','dptik_71011');
INSERT INTO Registrations VALUES ('RG-35390','SC-17254','Sophia','Miller','32','WN-84764','0','instructor','alexander_8479','qmkuu_25861');
