USE Library;

-- School Tables

INSERT INTO School_Library VALUES ('SC-14453','East School#1491','London','Evan','Green','08029', '42', 'Baker St.');
INSERT INTO School_Library VALUES ('SC-44053','East School#1686','Athens','Josh','Orange','69387', '85', 'Apple St.');
INSERT INTO School_Library VALUES ('SC-24226','East School#2739','Madrid','Megan','Blue','17698', '80', 'Apple St.');
INSERT INTO School_Library VALUES ('SC-88947','North School#1574','Prague','Megan','Orange','92632', '74', 'Apple St.');
INSERT INTO School_Phones VALUES ('210-1774394', 'SC-14453');
INSERT INTO School_Phones VALUES ('210-6067332', 'SC-44053');
INSERT INTO School_Phones VALUES ('210-0821019', 'SC-24226');
INSERT INTO School_Phones VALUES ('210-0341072', 'SC-88947');
INSERT INTO School_Library_Email VALUES ('East_School#1491@pubschool.com', 'SC-14453');
INSERT INTO School_Library_Email VALUES ('East_School#1686@pubschool.com', 'SC-44053');
INSERT INTO School_Library_Email VALUES ('East_School#2739@pubschool.com', 'SC-24226');
INSERT INTO School_Library_Email VALUES ('North_School#1574@pubschool.com', 'SC-88947');
INSERT INTO School_Library_Admins VALUES ('ADM-12520','SC-14453','John','Black','admin_erkqp','pzvia89172');
INSERT INTO School_Library_Admins VALUES ('ADM-73248','SC-44053','John','Orange','admin_wgqba','burmv14768');
INSERT INTO School_Library_Admins VALUES ('ADM-27032','SC-24226','Kate','Black','admin_juvhq','icztx72404');
INSERT INTO School_Library_Admins VALUES ('ADM-95455','SC-88947','Josh','Black','admin_yyzpg','tueqi89560');

-- User Tables

INSERT INTO Users VALUES ('USR-73775','SC-14453','Grace','Campbell','47','student','2','28','1','WN-69100');
INSERT INTO Users VALUES ('USR-94479','SC-24226','Amelia','Perez','32','student','2','41','1','WN-89112');
INSERT INTO Users VALUES ('USR-38400','SC-24226','Ava','Taylor','22','student','2','7','1','WN-22629');
INSERT INTO Users VALUES ('USR-13319','SC-24226','Scarlett','Davis','21','student','2','22','1','WN-05599');
INSERT INTO Users VALUES ('USR-43883','SC-24226','Chloe','Hernandez','22','student','2','7','1','WN-44151');
INSERT INTO Users VALUES ('USR-47081','SC-24226','Lucas','Anderson','28','student','2','25','1','WN-95071');
INSERT INTO Users VALUES ('USR-55730','SC-14453','Sofia','Smith','46','student','2','11','1','WN-35970');
INSERT INTO Users VALUES ('USR-23426','SC-14453','Ethan','Rodriguez','49','student','2','14','1','WN-52111');
INSERT INTO Users VALUES ('USR-64749','SC-14453','Grace','Jones','25','student','2','17','1','WN-46480');
INSERT INTO Users VALUES ('USR-87042','SC-14453','Amelia','Roberts','41','student','2','40','1','WN-81068');
INSERT INTO Users VALUES ('USR-01059','SC-44053','Grace','Moore','26','student','2','0','1','WN-48098');
INSERT INTO Users VALUES ('USR-64126','SC-44053','Matthew','Smith','40','student','2','39','1','WN-27691');
INSERT INTO Users VALUES ('USR-65526','SC-14453','Lucas','Brown','46','student','2','2','1','WN-02182');
INSERT INTO Users VALUES ('USR-62897','SC-44053','Amelia','Davis','26','student','2','16','1','WN-26269');
INSERT INTO Users VALUES ('USR-83277','SC-88947','Amelia','Hernandez','38','student','2','26','1','WN-16804');
INSERT INTO Users VALUES ('USR-78546','SC-24226','Luna','Lewis','41','student','2','29','1','WN-45554');
INSERT INTO Users VALUES ('USR-88686','SC-24226','Alexander','Wright','32','student','2','33','1','WN-52563');
INSERT INTO Users VALUES ('USR-24481','SC-24226','Evelyn','Jackson','22','student','2','41','1','WN-83070');
INSERT INTO Users VALUES ('USR-50909','SC-24226','Chloe','Smith','24','student','2','44','1','WN-87523');
INSERT INTO Users VALUES ('USR-92599','SC-88947','Daniel','Baker','45','student','2','49','1','WN-03261');
INSERT INTO Users VALUES ('USR-16893','SC-44053','Sophia','Young','50','student','2','43','1','WN-53428');
INSERT INTO Users VALUES ('USR-22759','SC-44053','Benjamin','Davis','35','student','2','49','1','WN-63296');
INSERT INTO Users VALUES ('USR-19953','SC-88947','Isabella','White','58','student','2','28','1','WN-68199');
INSERT INTO Users VALUES ('USR-41394','SC-44053','Liam','Phillips','27','student','2','0','1','WN-33932');
INSERT INTO Users VALUES ('USR-88163','SC-44053','Evelyn','Young','22','student','2','44','1','WN-87799');
INSERT INTO Users VALUES ('USR-95443','SC-88947','David','Nelson','60','student','2','37','1','WN-65133');
INSERT INTO Users VALUES ('USR-68115','SC-14453','Logan','Lee','45','student','2','27','1','WN-82150');
INSERT INTO Users VALUES ('USR-64074','SC-44053','Evelyn','Gonzalez','58','student','2','9','1','WN-98524');
INSERT INTO Users VALUES ('USR-92585','SC-24226','Luna','Phillips','31','student','2','31','1','WN-80974');
INSERT INTO Users VALUES ('USR-60411','SC-88947','Isabella','Parker','34','student','2','24','1','WN-92274');
INSERT INTO Users VALUES ('USR-10409','SC-24226','Jacob','Thomas','35','student','2','41','1','WN-42479');
INSERT INTO Users VALUES ('USR-72259','SC-14453','Liam','Harris','49','instructor','1','5','1','WN-92265');
INSERT INTO Users VALUES ('USR-78653','SC-88947','William','Jackson','36','instructor','1','8','1','WN-25703');
INSERT INTO Users VALUES ('USR-06784','SC-88947','Ethan','White','48','instructor','1','20','1','WN-95763');
INSERT INTO Users VALUES ('USR-50273','SC-14453','Elizabeth','Walker','30','instructor','1','16','1','WN-22331');
INSERT INTO Users VALUES ('USR-06996','SC-24226','Ethan','Jones','44','instructor','1','26','1','WN-55763');
INSERT INTO Users VALUES ('USR-10523','SC-24226','Matthew','Phillips','25','instructor','1','41','1','WN-15689');
INSERT INTO Users VALUES ('USR-65542','SC-44053','Elizabeth','Carter','20','instructor','1','18','1','WN-59904');
INSERT INTO Users VALUES ('USR-63303','SC-88947','James','Baker','59','instructor','1','12','1','WN-12295');
INSERT INTO Users VALUES ('USR-39303','SC-88947','Harper','Baker','46','instructor','1','26','1','WN-64846');
INSERT INTO Users VALUES ('USR-44460','SC-14453','Ava','Phillips','36','instructor','1','43','1','WN-80600');
INSERT INTO Users VALUES ('USR-03413','SC-24226','Ava','Roberts','45','instructor','1','33','1','WN-81320');
INSERT INTO Users VALUES ('USR-88402','SC-88947','Luna','Lewis','54','instructor','1','14','1','WN-48859');
INSERT INTO Users VALUES ('USR-32191','SC-14453','Evelyn','Johnson','50','instructor','1','28','1','WN-21412');
INSERT INTO Users VALUES ('USR-19761','SC-14453','Mia','Moore','60','instructor','1','9','1','WN-77183');
INSERT INTO Users VALUES ('USR-35844','SC-24226','Chloe','Hall','52','instructor','1','22','1','WN-32722');
INSERT INTO Users VALUES ('USR-33740','SC-24226','Luna','Martinez','54','instructor','1','16','1','WN-64142');
INSERT INTO Users VALUES ('USR-32482','SC-44053','Charlotte','White','43','instructor','1','7','1','WN-27629');
INSERT INTO Users VALUES ('USR-63736','SC-44053','Amelia','Davis','23','instructor','1','26','1','WN-03243');
INSERT INTO Users VALUES ('USR-63205','SC-88947','Elizabeth','Rodriguez','56','instructor','1','15','1','WN-29471');
INSERT INTO Users_Email VALUES ('Grace_Campbell01@gmail.com','USR-73775');
INSERT INTO Users_Email VALUES ('Amelia_Perez25@gmail.com','USR-94479');
INSERT INTO Users_Email VALUES ('Ava_Taylor81@gmail.com','USR-38400');
INSERT INTO Users_Email VALUES ('Scarlett_Davis57@gmail.com','USR-13319');
INSERT INTO Users_Email VALUES ('Chloe_Hernandez15@gmail.com','USR-43883');
INSERT INTO Users_Email VALUES ('Lucas_Anderson09@gmail.com','USR-47081');
INSERT INTO Users_Email VALUES ('Sofia_Smith41@gmail.com','USR-55730');
INSERT INTO Users_Email VALUES ('Ethan_Rodriguez32@gmail.com','USR-23426');
INSERT INTO Users_Email VALUES ('Grace_Jones11@gmail.com','USR-64749');
INSERT INTO Users_Email VALUES ('Amelia_Roberts78@gmail.com','USR-87042');
INSERT INTO Users_Email VALUES ('Grace_Moore93@gmail.com','USR-01059');
INSERT INTO Users_Email VALUES ('Matthew_Smith16@gmail.com','USR-64126');
INSERT INTO Users_Email VALUES ('Lucas_Brown85@gmail.com','USR-65526');
INSERT INTO Users_Email VALUES ('Amelia_Davis73@gmail.com','USR-62897');
INSERT INTO Users_Email VALUES ('Amelia_Hernandez24@gmail.com','USR-83277');
INSERT INTO Users_Email VALUES ('Luna_Lewis12@gmail.com','USR-78546');
INSERT INTO Users_Email VALUES ('Alexander_Wright58@gmail.com','USR-88686');
INSERT INTO Users_Email VALUES ('Evelyn_Jackson78@gmail.com','USR-24481');
INSERT INTO Users_Email VALUES ('Chloe_Smith17@gmail.com','USR-50909');
INSERT INTO Users_Email VALUES ('Daniel_Baker40@gmail.com','USR-92599');
INSERT INTO Users_Email VALUES ('Sophia_Young72@gmail.com','USR-16893');
INSERT INTO Users_Email VALUES ('Benjamin_Davis87@gmail.com','USR-22759');
INSERT INTO Users_Email VALUES ('Isabella_White64@gmail.com','USR-19953');
INSERT INTO Users_Email VALUES ('Liam_Phillips67@gmail.com','USR-41394');
INSERT INTO Users_Email VALUES ('Evelyn_Young84@gmail.com','USR-88163');
INSERT INTO Users_Email VALUES ('David_Nelson10@gmail.com','USR-95443');
INSERT INTO Users_Email VALUES ('Logan_Lee54@gmail.com','USR-68115');
INSERT INTO Users_Email VALUES ('Evelyn_Gonzalez92@gmail.com','USR-64074');
INSERT INTO Users_Email VALUES ('Luna_Phillips71@gmail.com','USR-92585');
INSERT INTO Users_Email VALUES ('Isabella_Parker85@gmail.com','USR-60411');
INSERT INTO Users_Email VALUES ('Jacob_Thomas17@gmail.com','USR-10409');
INSERT INTO Users_Email VALUES ('Liam_Harris25@gmail.com','USR-72259');
INSERT INTO Users_Email VALUES ('William_Jackson52@gmail.com','USR-78653');
INSERT INTO Users_Email VALUES ('Ethan_White49@gmail.com','USR-06784');
INSERT INTO Users_Email VALUES ('Elizabeth_Walker32@gmail.com','USR-50273');
INSERT INTO Users_Email VALUES ('Ethan_Jones00@gmail.com','USR-06996');
INSERT INTO Users_Email VALUES ('Matthew_Phillips75@gmail.com','USR-10523');
INSERT INTO Users_Email VALUES ('Elizabeth_Carter98@gmail.com','USR-65542');
INSERT INTO Users_Email VALUES ('James_Baker78@gmail.com','USR-63303');
INSERT INTO Users_Email VALUES ('Harper_Baker72@gmail.com','USR-39303');
INSERT INTO Users_Email VALUES ('Ava_Phillips22@gmail.com','USR-44460');
INSERT INTO Users_Email VALUES ('Ava_Roberts05@gmail.com','USR-03413');
INSERT INTO Users_Email VALUES ('Luna_Lewis77@gmail.com','USR-88402');
INSERT INTO Users_Email VALUES ('Evelyn_Johnson73@gmail.com','USR-32191');
INSERT INTO Users_Email VALUES ('Mia_Moore82@gmail.com','USR-19761');
INSERT INTO Users_Email VALUES ('Chloe_Hall08@gmail.com','USR-35844');
INSERT INTO Users_Email VALUES ('Luna_Martinez46@gmail.com','USR-33740');
INSERT INTO Users_Email VALUES ('Charlotte_White63@gmail.com','USR-32482');
INSERT INTO Users_Email VALUES ('Amelia_Davis09@gmail.com','USR-63736');
INSERT INTO Users_Email VALUES ('Elizabeth_Rodriguez45@gmail.com','USR-63205');

-- Book Tables

INSERT INTO Books VALUES ('100-2-13-018843-0','SC-24226','Captivate Captivate','Orange Editions','600','Sample summary for Captivate Captivate With Regards Orange Editions','2');
INSERT INTO Books VALUES ('757-6-51-954606-2','SC-44053','Envelop Luminous','Orange Editions','787','Sample summary for Envelop Luminous With Regards Orange Editions','10');
INSERT INTO Books VALUES ('468-1-39-413590-2','SC-14453','Spectrum Illuminate','Grey Editions','98','Sample summary for Spectrum Illuminate With Regards Grey Editions','16');
INSERT INTO Books VALUES ('608-6-59-135962-4','SC-14453','Ecstasy Enchant','Grey Editions','959','Sample summary for Ecstasy Enchant With Regards Grey Editions','98');
INSERT INTO Books VALUES ('868-1-85-556079-5','SC-24226','Enigma Spellbound','Grey Editions','717','Sample summary for Enigma Spellbound With Regards Grey Editions','93');
INSERT INTO Books VALUES ('977-5-67-043882-9','SC-88947','Awe-inspiring Envelop','Grey Editions','13','Sample summary for Awe-inspiring Envelop With Regards Grey Editions','32');
INSERT INTO Books VALUES ('101-7-51-614265-3','SC-24226','Ethereal Enigmatic','Orange Editions','366','Sample summary for Ethereal Enigmatic With Regards Orange Editions','100');
INSERT INTO Books VALUES ('309-3-15-558224-0','SC-24226','Ethereal Harmonious','Black Editions','860','Sample summary for Ethereal Harmonious With Regards Black Editions','85');
INSERT INTO Books VALUES ('827-8-98-105699-0','SC-88947','Echoes Resonance','Orange Editions','836','Sample summary for Echoes Resonance With Regards Orange Editions','15');
INSERT INTO Books VALUES ('593-0-31-687835-6','SC-44053','Harmonious Odyssey','Grey Editions','131','Sample summary for Harmonious Odyssey With Regards Grey Editions','66');
INSERT INTO Books VALUES ('205-9-61-939681-0','SC-88947','Enchanting Radiant','Black Editions','39','Sample summary for Enchanting Radiant With Regards Black Editions','15');
INSERT INTO Books VALUES ('525-1-95-421155-9','SC-24226','Symmetry Catalyst','Orange Editions','974','Sample summary for Symmetry Catalyst With Regards Orange Editions','32');
INSERT INTO Books VALUES ('526-5-64-887365-1','SC-24226','Evolve Enchant','Orange Editions','500','Sample summary for Evolve Enchant With Regards Orange Editions','26');
INSERT INTO Books VALUES ('485-4-17-139224-8','SC-24226','Utopia Odyssey','Grey Editions','389','Sample summary for Utopia Odyssey With Regards Grey Editions','28');
INSERT INTO Books VALUES ('412-8-95-443782-2','SC-24226','Wanderer Twilight','Grey Editions','334','Sample summary for Wanderer Twilight With Regards Grey Editions','52');
INSERT INTO Books VALUES ('696-7-09-373362-4','SC-14453','Whimsical Reverence','Orange Editions','965','Sample summary for Whimsical Reverence With Regards Orange Editions','23');
INSERT INTO Books VALUES ('249-9-07-171803-6','SC-24226','Enigma Euphoria','Green Editios','621','Sample summary for Enigma Euphoria With Regards Green Editios','82');
INSERT INTO Books VALUES ('892-3-41-591606-5','SC-24226','Serendipity Nebula','Black Editions','842','Sample summary for Serendipity Nebula With Regards Black Editions','43');
INSERT INTO Books VALUES ('760-4-86-639366-6','SC-24226','Twilight Tranquil','Green Editios','964','Sample summary for Twilight Tranquil With Regards Green Editios','10');
INSERT INTO Books VALUES ('652-0-89-375341-5','SC-88947','Radiant Captivate','Orange Editions','84','Sample summary for Radiant Captivate With Regards Orange Editions','57');
INSERT INTO Books VALUES ('044-3-81-988976-4','SC-24226','Spellbound Enigma','Black Editions','910','Sample summary for Spellbound Enigma With Regards Black Editions','87');
INSERT INTO Books VALUES ('271-8-79-641075-1','SC-44053','Awe-inspiring Luminous','Orange Editions','967','Sample summary for Awe-inspiring Luminous With Regards Orange Editions','45');
INSERT INTO Books VALUES ('628-4-78-858172-7','SC-88947','Illuminate Whirlwind','Grey Editions','838','Sample summary for Illuminate Whirlwind With Regards Grey Editions','88');
INSERT INTO Books VALUES ('335-9-14-779104-5','SC-24226','Serendipity Enigmatic','Black Editions','205','Sample summary for Serendipity Enigmatic With Regards Black Editions','73');
INSERT INTO Books VALUES ('392-2-89-586138-0','SC-44053','Reverie Illuminate','Orange Editions','755','Sample summary for Reverie Illuminate With Regards Orange Editions','29');
INSERT INTO Books VALUES ('479-4-30-875505-8','SC-88947','Twilight Reverence','Black Editions','509','Sample summary for Twilight Reverence With Regards Black Editions','42');
INSERT INTO Books VALUES ('368-9-97-000012-7','SC-14453','Awakening Whirlwind','Green Editios','567','Sample summary for Awakening Whirlwind With Regards Green Editios','41');
INSERT INTO Books VALUES ('220-7-71-472982-6','SC-14453','Amplitude Wanderlust','Green Editios','284','Sample summary for Amplitude Wanderlust With Regards Green Editios','81');
INSERT INTO Books VALUES ('440-6-64-815739-8','SC-14453','Melancholy Euphoria','Orange Editions','272','Sample summary for Melancholy Euphoria With Regards Orange Editions','40');
INSERT INTO Books VALUES ('701-3-80-187095-7','SC-88947','Catalyst Whisper','Black Editions','523','Sample summary for Catalyst Whisper With Regards Black Editions','44');
INSERT INTO Books VALUES ('961-4-06-592702-1','SC-24226','Ascend Journey','Green Editios','807','Sample summary for Ascend Journey With Regards Green Editios','14');
INSERT INTO Books VALUES ('492-3-14-900055-9','SC-24226','Wanderer Utopia','Grey Editions','87','Sample summary for Wanderer Utopia With Regards Grey Editions','67');
INSERT INTO Books VALUES ('339-3-65-750811-9','SC-44053','Dreamweaver Wanderlust','Green Editios','140','Sample summary for Dreamweaver Wanderlust With Regards Green Editios','3');
INSERT INTO Books VALUES ('822-6-45-069266-5','SC-44053','Luminous Enigma','Grey Editions','997','Sample summary for Luminous Enigma With Regards Grey Editions','19');
INSERT INTO Books VALUES ('701-3-96-197269-7','SC-44053','Infinite Awe-inspiring','Grey Editions','666','Sample summary for Infinite Awe-inspiring With Regards Grey Editions','2');
INSERT INTO Books VALUES ('605-1-61-221724-6','SC-88947','Twilight Odyssey','Black Editions','468','Sample summary for Twilight Odyssey With Regards Black Editions','98');
INSERT INTO Books VALUES ('107-3-25-070927-8','SC-44053','Celestial Tranquil','Green Editios','327','Sample summary for Celestial Tranquil With Regards Green Editios','44');
INSERT INTO Books VALUES ('152-4-64-232030-3','SC-14453','Abyss Essence','Black Editions','297','Sample summary for Abyss Essence With Regards Black Editions','38');
INSERT INTO Books VALUES ('093-0-28-900525-9','SC-88947','Whirlwind Enchanted','Grey Editions','904','Sample summary for Whirlwind Enchanted With Regards Grey Editions','23');
INSERT INTO Books VALUES ('302-7-26-229131-4','SC-44053','Cosmos Reverence','Green Editios','794','Sample summary for Cosmos Reverence With Regards Green Editios','60');
INSERT INTO Books VALUES ('391-9-89-841419-3','SC-24226','Luminescence Enchant','Black Editions','898','Sample summary for Luminescence Enchant With Regards Black Editions','90');
INSERT INTO Books VALUES ('772-9-94-745999-4','SC-44053','Echoes Enigmatic','Black Editions','957','Sample summary for Echoes Enigmatic With Regards Black Editions','97');
INSERT INTO Books VALUES ('924-6-72-955738-7','SC-14453','Harmony Ecstasy','Grey Editions','136','Sample summary for Harmony Ecstasy With Regards Grey Editions','85');
INSERT INTO Books VALUES ('164-8-86-219949-6','SC-44053','Infinite Ethereal','Black Editions','499','Sample summary for Infinite Ethereal With Regards Black Editions','71');
INSERT INTO Books VALUES ('158-0-56-679706-2','SC-88947','Illumination Enigma','Green Editios','658','Sample summary for Illumination Enigma With Regards Green Editios','47');
INSERT INTO Books VALUES ('155-6-58-439926-6','SC-44053','Wanderlust Awakening','Green Editios','854','Sample summary for Wanderlust Awakening With Regards Green Editios','25');
INSERT INTO Books VALUES ('084-2-76-803078-6','SC-14453','Tranquil Echoes','Black Editions','200','Sample summary for Tranquil Echoes With Regards Black Editions','35');
INSERT INTO Books VALUES ('765-2-44-126876-4','SC-14453','Journey Celestial','Orange Editions','364','Sample summary for Journey Celestial With Regards Orange Editions','34');
INSERT INTO Books VALUES ('242-4-14-590247-6','SC-14453','Reverence Cascade','Black Editions','854','Sample summary for Reverence Cascade With Regards Black Editions','67');
INSERT INTO Books VALUES ('837-1-75-004086-4','SC-88947','Celestial Resonance','Grey Editions','693','Sample summary for Celestial Resonance With Regards Grey Editions','89');
INSERT INTO Books VALUES ('660-6-43-289163-1','SC-24226','Mirage Solitude','Black Editions','340','Sample summary for Mirage Solitude With Regards Black Editions','49');
INSERT INTO Books VALUES ('907-0-82-056720-7','SC-88947','Celestial Miraculous','Orange Editions','963','Sample summary for Celestial Miraculous With Regards Orange Editions','86');
INSERT INTO Books VALUES ('337-6-99-940112-4','SC-24226','Uplift Ascend','Black Editions','372','Sample summary for Uplift Ascend With Regards Black Editions','70');
INSERT INTO Books VALUES ('822-9-62-753103-3','SC-14453','Ethereal Serene','Orange Editions','961','Sample summary for Ethereal Serene With Regards Orange Editions','71');
INSERT INTO Books VALUES ('025-3-04-727405-8','SC-44053','Wanderlust Illuminate','Black Editions','302','Sample summary for Wanderlust Illuminate With Regards Black Editions','82');
INSERT INTO Books VALUES ('587-6-39-050989-4','SC-14453','Nebula Evolve','Green Editios','655','Sample summary for Nebula Evolve With Regards Green Editios','32');
INSERT INTO Books VALUES ('653-7-79-007273-0','SC-44053','Abyss Serendipity','Orange Editions','1','Sample summary for Abyss Serendipity With Regards Orange Editions','52');
INSERT INTO Books VALUES ('094-8-89-258753-6','SC-14453','Spellbound Illumination','Grey Editions','465','Sample summary for Spellbound Illumination With Regards Grey Editions','55');
INSERT INTO Books VALUES ('289-9-74-304242-1','SC-88947','Vortex Serendipity','Green Editios','373','Sample summary for Vortex Serendipity With Regards Green Editios','88');
INSERT INTO Books VALUES ('914-4-21-008465-6','SC-24226','Reverence Serendipity','Green Editios','830','Sample summary for Reverence Serendipity With Regards Green Editios','94');
INSERT INTO Books VALUES ('397-3-72-687170-3','SC-24226','Zenith Catalyst','Orange Editions','663','Sample summary for Zenith Catalyst With Regards Orange Editions','73');
INSERT INTO Books VALUES ('472-4-79-931423-0','SC-88947','Enchant Dreamweaver','Grey Editions','507','Sample summary for Enchant Dreamweaver With Regards Grey Editions','22');
INSERT INTO Books VALUES ('937-4-26-835758-2','SC-14453','Radiant Ecstasy','Grey Editions','324','Sample summary for Radiant Ecstasy With Regards Grey Editions','61');
INSERT INTO Books VALUES ('602-7-78-637405-2','SC-88947','Abyss Cosmos','Orange Editions','254','Sample summary for Abyss Cosmos With Regards Orange Editions','49');
INSERT INTO Books VALUES ('370-3-53-358392-7','SC-88947','Euphoria Enigma','Orange Editions','396','Sample summary for Euphoria Enigma With Regards Orange Editions','1');
INSERT INTO Books VALUES ('902-0-22-172394-7','SC-24226','Paradigm Enigma','Orange Editions','822','Sample summary for Paradigm Enigma With Regards Orange Editions','81');
INSERT INTO Books VALUES ('581-0-47-345881-5','SC-24226','Catalyst Enthrall','Grey Editions','302','Sample summary for Catalyst Enthrall With Regards Grey Editions','43');
INSERT INTO Books VALUES ('771-6-54-059833-8','SC-14453','Cosmos Enchanted','Orange Editions','900','Sample summary for Cosmos Enchanted With Regards Orange Editions','75');
INSERT INTO Books VALUES ('134-8-24-948670-7','SC-24226','Cascade Dreamweaver','Black Editions','217','Sample summary for Cascade Dreamweaver With Regards Black Editions','100');
INSERT INTO Books VALUES ('814-2-02-562700-3','SC-88947','Enchanted Vortex','Black Editions','212','Sample summary for Enchanted Vortex With Regards Black Editions','43');
INSERT INTO Books VALUES ('335-2-86-259330-5','SC-24226','Euphoria Essence','Black Editions','435','Sample summary for Euphoria Essence With Regards Black Editions','80');
INSERT INTO Books VALUES ('343-6-10-825476-3','SC-88947','Wanderer Reverie','Green Editios','232','Sample summary for Wanderer Reverie With Regards Green Editios','95');
INSERT INTO Books VALUES ('561-4-68-045697-6','SC-24226','Harmony Resonance','Grey Editions','965','Sample summary for Harmony Resonance With Regards Grey Editions','29');
INSERT INTO Books VALUES ('165-4-74-829638-6','SC-88947','Luminous Ascend','Grey Editions','492','Sample summary for Luminous Ascend With Regards Grey Editions','10');
INSERT INTO Books VALUES ('326-4-78-396992-7','SC-24226','Serene Melancholy','Grey Editions','867','Sample summary for Serene Melancholy With Regards Grey Editions','29');
INSERT INTO Books VALUES ('552-6-34-281366-4','SC-14453','Enthrall Essence','Grey Editions','533','Sample summary for Enthrall Essence With Regards Grey Editions','8');
INSERT INTO Books VALUES ('338-0-42-464935-6','SC-24226','Nebula Infinite','Black Editions','572','Sample summary for Nebula Infinite With Regards Black Editions','83');
INSERT INTO Books VALUES ('743-6-41-279433-8','SC-44053','Cascade Serene','Black Editions','800','Sample summary for Cascade Serene With Regards Black Editions','29');
INSERT INTO Books VALUES ('393-2-53-943326-3','SC-44053','Transcend Cosmos','Black Editions','326','Sample summary for Transcend Cosmos With Regards Black Editions','53');
INSERT INTO Books VALUES ('823-8-23-869940-5','SC-44053','Envelop Cascade','Orange Editions','403','Sample summary for Envelop Cascade With Regards Orange Editions','80');
INSERT INTO Books VALUES ('134-8-07-188469-5','SC-14453','Euphoria Catalyst','Green Editios','95','Sample summary for Euphoria Catalyst With Regards Green Editios','63');
INSERT INTO Books VALUES ('958-0-15-216356-2','SC-14453','Luminescence Phoenix','Grey Editions','951','Sample summary for Luminescence Phoenix With Regards Grey Editions','97');
INSERT INTO Books VALUES ('482-7-07-941392-9','SC-24226','Paradigm Vortex','Green Editios','703','Sample summary for Paradigm Vortex With Regards Green Editios','97');
INSERT INTO Books VALUES ('359-9-94-628880-5','SC-24226','Utopia Cosmos','Green Editios','346','Sample summary for Utopia Cosmos With Regards Green Editios','96');
INSERT INTO Books VALUES ('792-4-16-164761-9','SC-88947','Phoenix Symmetry','Orange Editions','556','Sample summary for Phoenix Symmetry With Regards Orange Editions','39');
INSERT INTO Books VALUES ('711-8-45-933069-4','SC-88947','Serendipity Amplitude','Green Editios','491','Sample summary for Serendipity Amplitude With Regards Green Editios','80');
INSERT INTO Books VALUES ('376-1-10-616555-4','SC-14453','Stellar Abyss','Orange Editions','301','Sample summary for Stellar Abyss With Regards Orange Editions','43');
INSERT INTO Books VALUES ('562-5-49-625704-3','SC-24226','Reverie Nebula','Black Editions','462','Sample summary for Reverie Nebula With Regards Black Editions','30');
INSERT INTO Books VALUES ('691-5-92-647957-4','SC-88947','Envelop Miraculous','Black Editions','986','Sample summary for Envelop Miraculous With Regards Black Editions','77');
INSERT INTO Books VALUES ('687-4-81-387289-1','SC-14453','Paradigm Uplift','Grey Editions','378','Sample summary for Paradigm Uplift With Regards Grey Editions','3');
INSERT INTO Books VALUES ('641-7-18-321324-3','SC-24226','Spellbound Cosmos','Black Editions','153','Sample summary for Spellbound Cosmos With Regards Black Editions','25');
INSERT INTO Books VALUES ('420-4-97-836956-8','SC-24226','Whisper Evolve','Grey Editions','656','Sample summary for Whisper Evolve With Regards Grey Editions','52');
INSERT INTO Books VALUES ('655-4-46-722143-6','SC-44053','Cascade Awakening','Green Editios','43','Sample summary for Cascade Awakening With Regards Green Editios','23');
INSERT INTO Books VALUES ('864-9-31-502873-9','SC-24226','Transcend Enchant','Grey Editions','406','Sample summary for Transcend Enchant With Regards Grey Editions','78');
INSERT INTO Books VALUES ('445-5-49-566969-7','SC-24226','Cosmos Symmetry','Green Editios','523','Sample summary for Cosmos Symmetry With Regards Green Editios','100');
INSERT INTO Books VALUES ('142-8-28-319977-9','SC-44053','Melancholy Radiant','Black Editions','815','Sample summary for Melancholy Radiant With Regards Black Editions','92');
INSERT INTO Books VALUES ('190-9-43-402382-1','SC-24226','Whisper Resonance','Grey Editions','933','Sample summary for Whisper Resonance With Regards Grey Editions','46');
INSERT INTO Books VALUES ('335-2-26-107643-1','SC-14453','Awe-inspiring Ethereal','Black Editions','264','Sample summary for Awe-inspiring Ethereal With Regards Black Editions','81');
INSERT INTO Books VALUES ('485-8-71-522064-9','SC-88947','Echoes Infinite','Green Editios','309','Sample summary for Echoes Infinite With Regards Green Editios','84');
INSERT INTO Books VALUES ('028-7-20-127575-8','SC-24226','Whisper Catalyst','Grey Editions','864','Sample summary for Whisper Catalyst With Regards Grey Editions','36');
INSERT INTO Book_Categories(ISBN,Category) VALUES ('100-2-13-018843-0','Self-help');
INSERT INTO Book_Categories(ISBN,Category) VALUES ('757-6-51-954606-2','Self-help');
INSERT INTO Book_Categories(ISBN,Category) VALUES ('468-1-39-413590-2','Mystery');
INSERT INTO Book_Categories(ISBN,Category) VALUES ('608-6-59-135962-4','Fiction');
INSERT INTO Book_Categories(ISBN,Category) VALUES ('868-1-85-556079-5','Fantasy');
INSERT INTO Book_Categories(ISBN,Category) VALUES ('977-5-67-043882-9','Mystery');
INSERT INTO Book_Categories(ISBN,Category) VALUES ('101-7-51-614265-3','Romance');
INSERT INTO Book_Categories(ISBN,Category) VALUES ('309-3-15-558224-0','Non-fiction');
INSERT INTO Book_Categories(ISBN,Category) VALUES ('827-8-98-105699-0','Thriller');
INSERT INTO Book_Categories(ISBN,Category) VALUES ('593-0-31-687835-6','Fiction');
INSERT INTO Book_Categories(ISBN,Category) VALUES ('205-9-61-939681-0','Self-help');
INSERT INTO Book_Categories(ISBN,Category) VALUES ('525-1-95-421155-9','History');
INSERT INTO Book_Categories(ISBN,Category) VALUES ('526-5-64-887365-1','Science Fiction');
INSERT INTO Book_Categories(ISBN,Category) VALUES ('485-4-17-139224-8','Thriller');
INSERT INTO Book_Categories(ISBN,Category) VALUES ('412-8-95-443782-2','Romance');
INSERT INTO Book_Categories(ISBN,Category) VALUES ('696-7-09-373362-4','Fantasy');
INSERT INTO Book_Categories(ISBN,Category) VALUES ('249-9-07-171803-6','Fantasy');
INSERT INTO Book_Categories(ISBN,Category) VALUES ('892-3-41-591606-5','Thriller');
INSERT INTO Book_Categories(ISBN,Category) VALUES ('760-4-86-639366-6','Romance');
INSERT INTO Book_Categories(ISBN,Category) VALUES ('652-0-89-375341-5','Non-fiction');
INSERT INTO Book_Categories(ISBN,Category) VALUES ('044-3-81-988976-4','Non-fiction');
INSERT INTO Book_Categories(ISBN,Category) VALUES ('271-8-79-641075-1','History');
INSERT INTO Book_Categories(ISBN,Category) VALUES ('628-4-78-858172-7','Romance');
INSERT INTO Book_Categories(ISBN,Category) VALUES ('335-9-14-779104-5','Thriller');
INSERT INTO Book_Categories(ISBN,Category) VALUES ('392-2-89-586138-0','Biography');
INSERT INTO Book_Categories(ISBN,Category) VALUES ('479-4-30-875505-8','Romance');
INSERT INTO Book_Categories(ISBN,Category) VALUES ('368-9-97-000012-7','Fantasy');
INSERT INTO Book_Categories(ISBN,Category) VALUES ('220-7-71-472982-6','Fantasy');
INSERT INTO Book_Categories(ISBN,Category) VALUES ('440-6-64-815739-8','Self-help');
INSERT INTO Book_Categories(ISBN,Category) VALUES ('701-3-80-187095-7','Science Fiction');
INSERT INTO Book_Categories(ISBN,Category) VALUES ('961-4-06-592702-1','Non-fiction');
INSERT INTO Book_Categories(ISBN,Category) VALUES ('492-3-14-900055-9','History');
INSERT INTO Book_Categories(ISBN,Category) VALUES ('339-3-65-750811-9','Non-fiction');
INSERT INTO Book_Categories(ISBN,Category) VALUES ('822-6-45-069266-5','Fantasy');
INSERT INTO Book_Categories(ISBN,Category) VALUES ('701-3-96-197269-7','Self-help');
INSERT INTO Book_Categories(ISBN,Category) VALUES ('605-1-61-221724-6','Thriller');
INSERT INTO Book_Categories(ISBN,Category) VALUES ('107-3-25-070927-8','History');
INSERT INTO Book_Categories(ISBN,Category) VALUES ('152-4-64-232030-3','Romance');
INSERT INTO Book_Categories(ISBN,Category) VALUES ('093-0-28-900525-9','Romance');
INSERT INTO Book_Categories(ISBN,Category) VALUES ('302-7-26-229131-4','Self-help');
INSERT INTO Book_Categories(ISBN,Category) VALUES ('391-9-89-841419-3','Fantasy');
INSERT INTO Book_Categories(ISBN,Category) VALUES ('772-9-94-745999-4','Fiction');
INSERT INTO Book_Categories(ISBN,Category) VALUES ('924-6-72-955738-7','Fantasy');
INSERT INTO Book_Categories(ISBN,Category) VALUES ('164-8-86-219949-6','Romance');
INSERT INTO Book_Categories(ISBN,Category) VALUES ('158-0-56-679706-2','History');
INSERT INTO Book_Categories(ISBN,Category) VALUES ('155-6-58-439926-6','Fantasy');
INSERT INTO Book_Categories(ISBN,Category) VALUES ('084-2-76-803078-6','Romance');
INSERT INTO Book_Categories(ISBN,Category) VALUES ('765-2-44-126876-4','Mystery');
INSERT INTO Book_Categories(ISBN,Category) VALUES ('242-4-14-590247-6','Romance');
INSERT INTO Book_Categories(ISBN,Category) VALUES ('837-1-75-004086-4','Romance');
INSERT INTO Book_Categories(ISBN,Category) VALUES ('660-6-43-289163-1','Romance');
INSERT INTO Book_Categories(ISBN,Category) VALUES ('907-0-82-056720-7','Thriller');
INSERT INTO Book_Categories(ISBN,Category) VALUES ('337-6-99-940112-4','History');
INSERT INTO Book_Categories(ISBN,Category) VALUES ('822-9-62-753103-3','Non-fiction');
INSERT INTO Book_Categories(ISBN,Category) VALUES ('025-3-04-727405-8','Biography');
INSERT INTO Book_Categories(ISBN,Category) VALUES ('587-6-39-050989-4','Romance');
INSERT INTO Book_Categories(ISBN,Category) VALUES ('653-7-79-007273-0','Romance');
INSERT INTO Book_Categories(ISBN,Category) VALUES ('094-8-89-258753-6','Biography');
INSERT INTO Book_Categories(ISBN,Category) VALUES ('289-9-74-304242-1','Fantasy');
INSERT INTO Book_Categories(ISBN,Category) VALUES ('914-4-21-008465-6','Science Fiction');
INSERT INTO Book_Categories(ISBN,Category) VALUES ('397-3-72-687170-3','Biography');
INSERT INTO Book_Categories(ISBN,Category) VALUES ('472-4-79-931423-0','Self-help');
INSERT INTO Book_Categories(ISBN,Category) VALUES ('937-4-26-835758-2','Fantasy');
INSERT INTO Book_Categories(ISBN,Category) VALUES ('602-7-78-637405-2','Thriller');
INSERT INTO Book_Categories(ISBN,Category) VALUES ('370-3-53-358392-7','Thriller');
INSERT INTO Book_Categories(ISBN,Category) VALUES ('902-0-22-172394-7','Thriller');
INSERT INTO Book_Categories(ISBN,Category) VALUES ('581-0-47-345881-5','Romance');
INSERT INTO Book_Categories(ISBN,Category) VALUES ('771-6-54-059833-8','Non-fiction');
INSERT INTO Book_Categories(ISBN,Category) VALUES ('134-8-24-948670-7','Mystery');
INSERT INTO Book_Categories(ISBN,Category) VALUES ('814-2-02-562700-3','Fiction');
INSERT INTO Book_Categories(ISBN,Category) VALUES ('335-2-86-259330-5','Science Fiction');
INSERT INTO Book_Categories(ISBN,Category) VALUES ('343-6-10-825476-3','Non-fiction');
INSERT INTO Book_Categories(ISBN,Category) VALUES ('561-4-68-045697-6','Non-fiction');
INSERT INTO Book_Categories(ISBN,Category) VALUES ('165-4-74-829638-6','Romance');
INSERT INTO Book_Categories(ISBN,Category) VALUES ('326-4-78-396992-7','Mystery');
INSERT INTO Book_Categories(ISBN,Category) VALUES ('552-6-34-281366-4','Non-fiction');
INSERT INTO Book_Categories(ISBN,Category) VALUES ('338-0-42-464935-6','Non-fiction');
INSERT INTO Book_Categories(ISBN,Category) VALUES ('743-6-41-279433-8','Self-help');
INSERT INTO Book_Categories(ISBN,Category) VALUES ('393-2-53-943326-3','Thriller');
INSERT INTO Book_Categories(ISBN,Category) VALUES ('823-8-23-869940-5','Biography');
INSERT INTO Book_Categories(ISBN,Category) VALUES ('134-8-07-188469-5','Self-help');
INSERT INTO Book_Categories(ISBN,Category) VALUES ('958-0-15-216356-2','Biography');
INSERT INTO Book_Categories(ISBN,Category) VALUES ('482-7-07-941392-9','Non-fiction');
INSERT INTO Book_Categories(ISBN,Category) VALUES ('359-9-94-628880-5','Romance');
INSERT INTO Book_Categories(ISBN,Category) VALUES ('792-4-16-164761-9','Mystery');
INSERT INTO Book_Categories(ISBN,Category) VALUES ('711-8-45-933069-4','Biography');
INSERT INTO Book_Categories(ISBN,Category) VALUES ('376-1-10-616555-4','Mystery');
INSERT INTO Book_Categories(ISBN,Category) VALUES ('562-5-49-625704-3','Fantasy');
INSERT INTO Book_Categories(ISBN,Category) VALUES ('691-5-92-647957-4','Fantasy');
INSERT INTO Book_Categories(ISBN,Category) VALUES ('687-4-81-387289-1','Fantasy');
INSERT INTO Book_Categories(ISBN,Category) VALUES ('641-7-18-321324-3','Thriller');
INSERT INTO Book_Categories(ISBN,Category) VALUES ('420-4-97-836956-8','Romance');
INSERT INTO Book_Categories(ISBN,Category) VALUES ('655-4-46-722143-6','Romance');
INSERT INTO Book_Categories(ISBN,Category) VALUES ('864-9-31-502873-9','Mystery');
INSERT INTO Book_Categories(ISBN,Category) VALUES ('445-5-49-566969-7','Non-fiction');
INSERT INTO Book_Categories(ISBN,Category) VALUES ('142-8-28-319977-9','Mystery');
INSERT INTO Book_Categories(ISBN,Category) VALUES ('190-9-43-402382-1','Fantasy');
INSERT INTO Book_Categories(ISBN,Category) VALUES ('335-2-26-107643-1','Non-fiction');
INSERT INTO Book_Categories(ISBN,Category) VALUES ('485-8-71-522064-9','Non-fiction');
INSERT INTO Book_Categories(ISBN,Category) VALUES ('028-7-20-127575-8','Science Fiction');
INSERT INTO Book_Categories(ISBN,Category) VALUES ('100-2-13-018843-0','Mystery');
INSERT INTO Book_Categories(ISBN,Category) VALUES ('757-6-51-954606-2','Romance');
INSERT INTO Book_Categories(ISBN,Category) VALUES ('468-1-39-413590-2','Biography');
INSERT INTO Book_Categories(ISBN,Category) VALUES ('608-6-59-135962-4','Self-help');
INSERT INTO Book_Categories(ISBN,Category) VALUES ('868-1-85-556079-5','Fantasy');
INSERT INTO Book_Categories(ISBN,Category) VALUES ('977-5-67-043882-9','History');
INSERT INTO Book_Categories(ISBN,Category) VALUES ('101-7-51-614265-3','Fantasy');
INSERT INTO Book_Categories(ISBN,Category) VALUES ('309-3-15-558224-0','Thriller');
INSERT INTO Book_Categories(ISBN,Category) VALUES ('827-8-98-105699-0','Self-help');
INSERT INTO Book_Categories(ISBN,Category) VALUES ('593-0-31-687835-6','Fantasy');
INSERT INTO Book_Categories(ISBN,Category) VALUES ('205-9-61-939681-0','Self-help');
INSERT INTO Book_Categories(ISBN,Category) VALUES ('525-1-95-421155-9','Science Fiction');
INSERT INTO Book_Categories(ISBN,Category) VALUES ('526-5-64-887365-1','Non-fiction');
INSERT INTO Book_Categories(ISBN,Category) VALUES ('485-4-17-139224-8','Science Fiction');
INSERT INTO Book_Categories(ISBN,Category) VALUES ('412-8-95-443782-2','Science Fiction');
INSERT INTO Book_Categories(ISBN,Category) VALUES ('696-7-09-373362-4','Mystery');
INSERT INTO Book_Categories(ISBN,Category) VALUES ('249-9-07-171803-6','Mystery');
INSERT INTO Book_Categories(ISBN,Category) VALUES ('892-3-41-591606-5','History');
INSERT INTO Book_Categories(ISBN,Category) VALUES ('760-4-86-639366-6','Thriller');
INSERT INTO Book_Categories(ISBN,Category) VALUES ('652-0-89-375341-5','Fiction');
INSERT INTO Book_Categories(ISBN,Category) VALUES ('044-3-81-988976-4','Mystery');
INSERT INTO Book_Categories(ISBN,Category) VALUES ('271-8-79-641075-1','Non-fiction');
INSERT INTO Book_Categories(ISBN,Category) VALUES ('628-4-78-858172-7','Fiction');
INSERT INTO Book_Categories(ISBN,Category) VALUES ('335-9-14-779104-5','Non-fiction');
INSERT INTO Book_Categories(ISBN,Category) VALUES ('392-2-89-586138-0','Fantasy');
INSERT INTO Book_Categories(ISBN,Category) VALUES ('479-4-30-875505-8','Thriller');
INSERT INTO Book_Categories(ISBN,Category) VALUES ('368-9-97-000012-7','Biography');
INSERT INTO Book_Categories(ISBN,Category) VALUES ('220-7-71-472982-6','History');
INSERT INTO Book_Categories(ISBN,Category) VALUES ('440-6-64-815739-8','Mystery');
INSERT INTO Book_Categories(ISBN,Category) VALUES ('701-3-80-187095-7','Thriller');
INSERT INTO Book_Categories(ISBN,Category) VALUES ('961-4-06-592702-1','Romance');
INSERT INTO Book_Categories(ISBN,Category) VALUES ('492-3-14-900055-9','Science Fiction');
INSERT INTO Book_Categories(ISBN,Category) VALUES ('339-3-65-750811-9','Fiction');
INSERT INTO Book_Categories(ISBN,Category) VALUES ('822-6-45-069266-5','Self-help');
INSERT INTO Book_Categories(ISBN,Category) VALUES ('701-3-96-197269-7','Thriller');
INSERT INTO Book_Categories(ISBN,Category) VALUES ('605-1-61-221724-6','Romance');
INSERT INTO Book_Categories(ISBN,Category) VALUES ('107-3-25-070927-8','Biography');
INSERT INTO Book_Categories(ISBN,Category) VALUES ('152-4-64-232030-3','Self-help');
INSERT INTO Book_Categories(ISBN,Category) VALUES ('093-0-28-900525-9','Fantasy');
INSERT INTO Book_Categories(ISBN,Category) VALUES ('302-7-26-229131-4','Self-help');
INSERT INTO Book_Categories(ISBN,Category) VALUES ('391-9-89-841419-3','History');
INSERT INTO Book_Categories(ISBN,Category) VALUES ('772-9-94-745999-4','Self-help');
INSERT INTO Book_Categories(ISBN,Category) VALUES ('924-6-72-955738-7','Fantasy');
INSERT INTO Book_Categories(ISBN,Category) VALUES ('164-8-86-219949-6','Fiction');
INSERT INTO Book_Categories(ISBN,Category) VALUES ('158-0-56-679706-2','Mystery');
INSERT INTO Book_Categories(ISBN,Category) VALUES ('155-6-58-439926-6','Fiction');
INSERT INTO Book_Categories(ISBN,Category) VALUES ('084-2-76-803078-6','Romance');
INSERT INTO Book_Categories(ISBN,Category) VALUES ('765-2-44-126876-4','History');
INSERT INTO Book_Categories(ISBN,Category) VALUES ('242-4-14-590247-6','Mystery');
INSERT INTO Book_Categories(ISBN,Category) VALUES ('837-1-75-004086-4','Thriller');
INSERT INTO Book_Categories(ISBN,Category) VALUES ('660-6-43-289163-1','Science Fiction');
INSERT INTO Book_Categories(ISBN,Category) VALUES ('907-0-82-056720-7','Fiction');
INSERT INTO Book_Categories(ISBN,Category) VALUES ('337-6-99-940112-4','Thriller');
INSERT INTO Book_Categories(ISBN,Category) VALUES ('822-9-62-753103-3','Self-help');
INSERT INTO Book_Categories(ISBN,Category) VALUES ('025-3-04-727405-8','Biography');
INSERT INTO Book_Categories(ISBN,Category) VALUES ('587-6-39-050989-4','Biography');
INSERT INTO Book_Categories(ISBN,Category) VALUES ('653-7-79-007273-0','Mystery');
INSERT INTO Book_Categories(ISBN,Category) VALUES ('094-8-89-258753-6','History');
INSERT INTO Book_Categories(ISBN,Category) VALUES ('289-9-74-304242-1','Science Fiction');
INSERT INTO Book_Categories(ISBN,Category) VALUES ('914-4-21-008465-6','Fantasy');
INSERT INTO Book_Categories(ISBN,Category) VALUES ('397-3-72-687170-3','Self-help');
INSERT INTO Book_Categories(ISBN,Category) VALUES ('472-4-79-931423-0','Biography');
INSERT INTO Book_Categories(ISBN,Category) VALUES ('937-4-26-835758-2','Self-help');
INSERT INTO Book_Categories(ISBN,Category) VALUES ('602-7-78-637405-2','Biography');
INSERT INTO Book_Categories(ISBN,Category) VALUES ('370-3-53-358392-7','Mystery');
INSERT INTO Book_Categories(ISBN,Category) VALUES ('902-0-22-172394-7','Mystery');
INSERT INTO Book_Categories(ISBN,Category) VALUES ('581-0-47-345881-5','Romance');
INSERT INTO Book_Categories(ISBN,Category) VALUES ('771-6-54-059833-8','Self-help');
INSERT INTO Book_Categories(ISBN,Category) VALUES ('134-8-24-948670-7','Self-help');
INSERT INTO Book_Categories(ISBN,Category) VALUES ('814-2-02-562700-3','Self-help');
INSERT INTO Book_Categories(ISBN,Category) VALUES ('335-2-86-259330-5','History');
INSERT INTO Book_Categories(ISBN,Category) VALUES ('343-6-10-825476-3','Self-help');
INSERT INTO Book_Categories(ISBN,Category) VALUES ('561-4-68-045697-6','Science Fiction');
INSERT INTO Book_Categories(ISBN,Category) VALUES ('165-4-74-829638-6','Non-fiction');
INSERT INTO Book_Categories(ISBN,Category) VALUES ('326-4-78-396992-7','Fiction');
INSERT INTO Book_Categories(ISBN,Category) VALUES ('552-6-34-281366-4','History');
INSERT INTO Book_Categories(ISBN,Category) VALUES ('338-0-42-464935-6','Romance');
INSERT INTO Book_Categories(ISBN,Category) VALUES ('743-6-41-279433-8','Fantasy');
INSERT INTO Book_Categories(ISBN,Category) VALUES ('393-2-53-943326-3','Romance');
INSERT INTO Book_Categories(ISBN,Category) VALUES ('823-8-23-869940-5','Science Fiction');
INSERT INTO Book_Categories(ISBN,Category) VALUES ('134-8-07-188469-5','Biography');
INSERT INTO Book_Categories(ISBN,Category) VALUES ('958-0-15-216356-2','History');
INSERT INTO Book_Categories(ISBN,Category) VALUES ('482-7-07-941392-9','Fiction');
INSERT INTO Book_Categories(ISBN,Category) VALUES ('359-9-94-628880-5','Thriller');
INSERT INTO Book_Categories(ISBN,Category) VALUES ('792-4-16-164761-9','Mystery');
INSERT INTO Book_Categories(ISBN,Category) VALUES ('711-8-45-933069-4','Fantasy');
INSERT INTO Book_Categories(ISBN,Category) VALUES ('376-1-10-616555-4','Self-help');
INSERT INTO Book_Categories(ISBN,Category) VALUES ('562-5-49-625704-3','Romance');
INSERT INTO Book_Categories(ISBN,Category) VALUES ('691-5-92-647957-4','Fiction');
INSERT INTO Book_Categories(ISBN,Category) VALUES ('687-4-81-387289-1','Science Fiction');
INSERT INTO Book_Categories(ISBN,Category) VALUES ('641-7-18-321324-3','Science Fiction');
INSERT INTO Book_Categories(ISBN,Category) VALUES ('420-4-97-836956-8','Fantasy');
INSERT INTO Book_Categories(ISBN,Category) VALUES ('655-4-46-722143-6','Fantasy');
INSERT INTO Book_Categories(ISBN,Category) VALUES ('864-9-31-502873-9','Romance');
INSERT INTO Book_Categories(ISBN,Category) VALUES ('445-5-49-566969-7','Mystery');
INSERT INTO Book_Categories(ISBN,Category) VALUES ('142-8-28-319977-9','History');
INSERT INTO Book_Categories(ISBN,Category) VALUES ('190-9-43-402382-1','Science Fiction');
INSERT INTO Book_Categories(ISBN,Category) VALUES ('335-2-26-107643-1','Fiction');
INSERT INTO Book_Categories(ISBN,Category) VALUES ('485-8-71-522064-9','Non-fiction');
INSERT INTO Book_Categories(ISBN,Category) VALUES ('028-7-20-127575-8','Fiction');
INSERT INTO Book_Authors(Firstname,Lastname,ISBN) VALUES ('Sophia','Hernandez','100-2-13-018843-0');
INSERT INTO Book_Authors(Firstname,Lastname,ISBN) VALUES ('Sophia','Smith','757-6-51-954606-2');
INSERT INTO Book_Authors(Firstname,Lastname,ISBN) VALUES ('Alexander','White','468-1-39-413590-2');
INSERT INTO Book_Authors(Firstname,Lastname,ISBN) VALUES ('Harper','Thomas','608-6-59-135962-4');
INSERT INTO Book_Authors(Firstname,Lastname,ISBN) VALUES ('Emma','Martinez','868-1-85-556079-5');
INSERT INTO Book_Authors(Firstname,Lastname,ISBN) VALUES ('Noah','Garcia','977-5-67-043882-9');
INSERT INTO Book_Authors(Firstname,Lastname,ISBN) VALUES ('Henry','Davis','101-7-51-614265-3');
INSERT INTO Book_Authors(Firstname,Lastname,ISBN) VALUES ('Ava','Anderson','309-3-15-558224-0');
INSERT INTO Book_Authors(Firstname,Lastname,ISBN) VALUES ('Evelyn','Harris','827-8-98-105699-0');
INSERT INTO Book_Authors(Firstname,Lastname,ISBN) VALUES ('Benjamin','Williams','593-0-31-687835-6');
INSERT INTO Book_Authors(Firstname,Lastname,ISBN) VALUES ('Luna','Rodriguez','205-9-61-939681-0');
INSERT INTO Book_Authors(Firstname,Lastname,ISBN) VALUES ('Lucas','Anderson','525-1-95-421155-9');
INSERT INTO Book_Authors(Firstname,Lastname,ISBN) VALUES ('Evelyn','Brown','526-5-64-887365-1');
INSERT INTO Book_Authors(Firstname,Lastname,ISBN) VALUES ('Amelia','Clark','485-4-17-139224-8');
INSERT INTO Book_Authors(Firstname,Lastname,ISBN) VALUES ('Amelia','Davis','412-8-95-443782-2');
INSERT INTO Book_Authors(Firstname,Lastname,ISBN) VALUES ('Emma','Smith','696-7-09-373362-4');
INSERT INTO Book_Authors(Firstname,Lastname,ISBN) VALUES ('Charlotte','Williams','249-9-07-171803-6');
INSERT INTO Book_Authors(Firstname,Lastname,ISBN) VALUES ('Benjamin','Taylor','892-3-41-591606-5');
INSERT INTO Book_Authors(Firstname,Lastname,ISBN) VALUES ('Ava','White','760-4-86-639366-6');
INSERT INTO Book_Authors(Firstname,Lastname,ISBN) VALUES ('William','Moore','652-0-89-375341-5');
INSERT INTO Book_Authors(Firstname,Lastname,ISBN) VALUES ('Lucas','Brown','044-3-81-988976-4');
INSERT INTO Book_Authors(Firstname,Lastname,ISBN) VALUES ('Elijah','Thomas','271-8-79-641075-1');
INSERT INTO Book_Authors(Firstname,Lastname,ISBN) VALUES ('Alexander','Miller','628-4-78-858172-7');
INSERT INTO Book_Authors(Firstname,Lastname,ISBN) VALUES ('Olivia','Walker','335-9-14-779104-5');
INSERT INTO Book_Authors(Firstname,Lastname,ISBN) VALUES ('Lucas','Garcia','392-2-89-586138-0');
INSERT INTO Book_Authors(Firstname,Lastname,ISBN) VALUES ('Alexander','Moore','479-4-30-875505-8');
INSERT INTO Book_Authors(Firstname,Lastname,ISBN) VALUES ('Olivia','Thomas','368-9-97-000012-7');
INSERT INTO Book_Authors(Firstname,Lastname,ISBN) VALUES ('Mia','Taylor','220-7-71-472982-6');
INSERT INTO Book_Authors(Firstname,Lastname,ISBN) VALUES ('Luna','Brown','440-6-64-815739-8');
INSERT INTO Book_Authors(Firstname,Lastname,ISBN) VALUES ('Elijah','Williams','701-3-80-187095-7');
INSERT INTO Book_Authors(Firstname,Lastname,ISBN) VALUES ('Evelyn','White','961-4-06-592702-1');
INSERT INTO Book_Authors(Firstname,Lastname,ISBN) VALUES ('Benjamin','Brown','492-3-14-900055-9');
INSERT INTO Book_Authors(Firstname,Lastname,ISBN) VALUES ('Amelia','Taylor','339-3-65-750811-9');
INSERT INTO Book_Authors(Firstname,Lastname,ISBN) VALUES ('Sophia','Smith','822-6-45-069266-5');
INSERT INTO Book_Authors(Firstname,Lastname,ISBN) VALUES ('Luna','Moore','701-3-96-197269-7');
INSERT INTO Book_Authors(Firstname,Lastname,ISBN) VALUES ('Elijah','Jackson','605-1-61-221724-6');
INSERT INTO Book_Authors(Firstname,Lastname,ISBN) VALUES ('Elijah','Miller','107-3-25-070927-8');
INSERT INTO Book_Authors(Firstname,Lastname,ISBN) VALUES ('Mia','Davis','152-4-64-232030-3');
INSERT INTO Book_Authors(Firstname,Lastname,ISBN) VALUES ('Mia','Clark','093-0-28-900525-9');
INSERT INTO Book_Authors(Firstname,Lastname,ISBN) VALUES ('Mia','Hernandez','302-7-26-229131-4');
INSERT INTO Book_Authors(Firstname,Lastname,ISBN) VALUES ('Olivia','Moore','391-9-89-841419-3');
INSERT INTO Book_Authors(Firstname,Lastname,ISBN) VALUES ('Noah','Miller','772-9-94-745999-4');
INSERT INTO Book_Authors(Firstname,Lastname,ISBN) VALUES ('Sophia','Jones','924-6-72-955738-7');
INSERT INTO Book_Authors(Firstname,Lastname,ISBN) VALUES ('James','Harris','164-8-86-219949-6');
INSERT INTO Book_Authors(Firstname,Lastname,ISBN) VALUES ('Liam','Clark','158-0-56-679706-2');
INSERT INTO Book_Authors(Firstname,Lastname,ISBN) VALUES ('William','Brown','155-6-58-439926-6');
INSERT INTO Book_Authors(Firstname,Lastname,ISBN) VALUES ('Liam','Thomas','084-2-76-803078-6');
INSERT INTO Book_Authors(Firstname,Lastname,ISBN) VALUES ('Evelyn','Smith','765-2-44-126876-4');
INSERT INTO Book_Authors(Firstname,Lastname,ISBN) VALUES ('James','Harris','242-4-14-590247-6');
INSERT INTO Book_Authors(Firstname,Lastname,ISBN) VALUES ('Charlotte','Garcia','837-1-75-004086-4');
INSERT INTO Book_Authors(Firstname,Lastname,ISBN) VALUES ('Emma','Garcia','660-6-43-289163-1');
INSERT INTO Book_Authors(Firstname,Lastname,ISBN) VALUES ('Lucas','Moore','907-0-82-056720-7');
INSERT INTO Book_Authors(Firstname,Lastname,ISBN) VALUES ('Elijah','Jackson','337-6-99-940112-4');
INSERT INTO Book_Authors(Firstname,Lastname,ISBN) VALUES ('Olivia','White','822-9-62-753103-3');
INSERT INTO Book_Authors(Firstname,Lastname,ISBN) VALUES ('Liam','Jones','025-3-04-727405-8');
INSERT INTO Book_Authors(Firstname,Lastname,ISBN) VALUES ('Liam','Garcia','587-6-39-050989-4');
INSERT INTO Book_Authors(Firstname,Lastname,ISBN) VALUES ('Noah','Smith','653-7-79-007273-0');
INSERT INTO Book_Authors(Firstname,Lastname,ISBN) VALUES ('Sophia','Clark','094-8-89-258753-6');
INSERT INTO Book_Authors(Firstname,Lastname,ISBN) VALUES ('Ava','Johnson','289-9-74-304242-1');
INSERT INTO Book_Authors(Firstname,Lastname,ISBN) VALUES ('Luna','Rodriguez','914-4-21-008465-6');
INSERT INTO Book_Authors(Firstname,Lastname,ISBN) VALUES ('Charlotte','Taylor','397-3-72-687170-3');
INSERT INTO Book_Authors(Firstname,Lastname,ISBN) VALUES ('Emma','Davis','472-4-79-931423-0');
INSERT INTO Book_Authors(Firstname,Lastname,ISBN) VALUES ('Evelyn','Rodriguez','937-4-26-835758-2');
INSERT INTO Book_Authors(Firstname,Lastname,ISBN) VALUES ('William','Brown','602-7-78-637405-2');
INSERT INTO Book_Authors(Firstname,Lastname,ISBN) VALUES ('Luna','Hernandez','370-3-53-358392-7');
INSERT INTO Book_Authors(Firstname,Lastname,ISBN) VALUES ('Charlotte','Jones','902-0-22-172394-7');
INSERT INTO Book_Authors(Firstname,Lastname,ISBN) VALUES ('Olivia','Davis','581-0-47-345881-5');
INSERT INTO Book_Authors(Firstname,Lastname,ISBN) VALUES ('Luna','Martinez','771-6-54-059833-8');
INSERT INTO Book_Authors(Firstname,Lastname,ISBN) VALUES ('Isabella','Garcia','134-8-24-948670-7');
INSERT INTO Book_Authors(Firstname,Lastname,ISBN) VALUES ('Benjamin','Jones','814-2-02-562700-3');
INSERT INTO Book_Authors(Firstname,Lastname,ISBN) VALUES ('Ava','Brown','335-2-86-259330-5');
INSERT INTO Book_Authors(Firstname,Lastname,ISBN) VALUES ('Olivia','Davis','343-6-10-825476-3');
INSERT INTO Book_Authors(Firstname,Lastname,ISBN) VALUES ('Lucas','Brown','561-4-68-045697-6');
INSERT INTO Book_Authors(Firstname,Lastname,ISBN) VALUES ('Isabella','Clark','165-4-74-829638-6');
INSERT INTO Book_Authors(Firstname,Lastname,ISBN) VALUES ('Noah','Hernandez','326-4-78-396992-7');
INSERT INTO Book_Authors(Firstname,Lastname,ISBN) VALUES ('Luna','Martinez','552-6-34-281366-4');
INSERT INTO Book_Authors(Firstname,Lastname,ISBN) VALUES ('Sophia','Smith','338-0-42-464935-6');
INSERT INTO Book_Authors(Firstname,Lastname,ISBN) VALUES ('Mia','Johnson','743-6-41-279433-8');
INSERT INTO Book_Authors(Firstname,Lastname,ISBN) VALUES ('Henry','Moore','393-2-53-943326-3');
INSERT INTO Book_Authors(Firstname,Lastname,ISBN) VALUES ('James','Thomas','823-8-23-869940-5');
INSERT INTO Book_Authors(Firstname,Lastname,ISBN) VALUES ('Isabella','Walker','134-8-07-188469-5');
INSERT INTO Book_Authors(Firstname,Lastname,ISBN) VALUES ('Evelyn','Clark','958-0-15-216356-2');
INSERT INTO Book_Authors(Firstname,Lastname,ISBN) VALUES ('Lucas','Smith','482-7-07-941392-9');
INSERT INTO Book_Authors(Firstname,Lastname,ISBN) VALUES ('Luna','Jones','359-9-94-628880-5');
INSERT INTO Book_Authors(Firstname,Lastname,ISBN) VALUES ('Charlotte','Williams','792-4-16-164761-9');
INSERT INTO Book_Authors(Firstname,Lastname,ISBN) VALUES ('Emma','Anderson','711-8-45-933069-4');
INSERT INTO Book_Authors(Firstname,Lastname,ISBN) VALUES ('James','Brown','376-1-10-616555-4');
INSERT INTO Book_Authors(Firstname,Lastname,ISBN) VALUES ('Henry','Harris','562-5-49-625704-3');
INSERT INTO Book_Authors(Firstname,Lastname,ISBN) VALUES ('James','Smith','691-5-92-647957-4');
INSERT INTO Book_Authors(Firstname,Lastname,ISBN) VALUES ('Amelia','Brown','687-4-81-387289-1');
INSERT INTO Book_Authors(Firstname,Lastname,ISBN) VALUES ('Alexander','Moore','641-7-18-321324-3');
INSERT INTO Book_Authors(Firstname,Lastname,ISBN) VALUES ('Sophia','Hernandez','420-4-97-836956-8');
INSERT INTO Book_Authors(Firstname,Lastname,ISBN) VALUES ('Evelyn','Brown','655-4-46-722143-6');
INSERT INTO Book_Authors(Firstname,Lastname,ISBN) VALUES ('Liam','Taylor','864-9-31-502873-9');
INSERT INTO Book_Authors(Firstname,Lastname,ISBN) VALUES ('William','Jones','445-5-49-566969-7');
INSERT INTO Book_Authors(Firstname,Lastname,ISBN) VALUES ('Isabella','Garcia','142-8-28-319977-9');
INSERT INTO Book_Authors(Firstname,Lastname,ISBN) VALUES ('James','Harris','190-9-43-402382-1');
INSERT INTO Book_Authors(Firstname,Lastname,ISBN) VALUES ('Olivia','Taylor','335-2-26-107643-1');
INSERT INTO Book_Authors(Firstname,Lastname,ISBN) VALUES ('James','White','485-8-71-522064-9');
INSERT INTO Book_Authors(Firstname,Lastname,ISBN) VALUES ('Benjamin','Brown','028-7-20-127575-8');

-- Book_System_Live Tables

INSERT INTO Book_System_Live(Book_System_Live_id,School_Library_id,ISBN,User_id,Admin_id,Late_Days,Rent_Active) VALUES ('BSL-54800','SC-44053','593-0-31-687835-6','USR-06996','ADM-73248','0','1');
INSERT INTO Book_System_Live(Book_System_Live_id,School_Library_id,ISBN,User_id,Admin_id,Late_Days,Rent_Active) VALUES ('BSL-99939','SC-14453','552-6-34-281366-4','USR-13319','ADM-12520','0','1');
INSERT INTO Book_System_Live(Book_System_Live_id,School_Library_id,ISBN,User_id,Admin_id,Late_Days,Rent_Active) VALUES ('BSL-01007','SC-44053','420-4-97-836956-8','USR-03413','ADM-95455','0','0');
INSERT INTO Book_System_Live(Book_System_Live_id,School_Library_id,ISBN,User_id,Admin_id,Late_Days,Rent_Active) VALUES ('BSL-43882','SC-88947','837-1-75-004086-4','USR-38400','ADM-27032','0','1');
INSERT INTO Book_System_Live(Book_System_Live_id,School_Library_id,ISBN,User_id,Admin_id,Late_Days,Rent_Active) VALUES ('BSL-70804','SC-44053','028-7-20-127575-8','USR-78546','ADM-95455','0','0');
INSERT INTO Book_System_Live(Book_System_Live_id,School_Library_id,ISBN,User_id,Admin_id,Late_Days,Rent_Active) VALUES ('BSL-91663','SC-14453','868-1-85-556079-5','USR-64749','ADM-95455','0','1');
INSERT INTO Book_System_Live(Book_System_Live_id,School_Library_id,ISBN,User_id,Admin_id,Late_Days,Rent_Active) VALUES ('BSL-32115','SC-14453','902-0-22-172394-7','USR-32191','ADM-12520','0','1');
INSERT INTO Book_System_Live(Book_System_Live_id,School_Library_id,ISBN,User_id,Admin_id,Late_Days,Rent_Active) VALUES ('BSL-43913','SC-88947','302-7-26-229131-4','USR-32191','ADM-73248','0','1');
INSERT INTO Book_System_Live(Book_System_Live_id,School_Library_id,ISBN,User_id,Admin_id,Late_Days,Rent_Active) VALUES ('BSL-47560','SC-24226','924-6-72-955738-7','USR-63736','ADM-73248','0','0');
INSERT INTO Book_System_Live(Book_System_Live_id,School_Library_id,ISBN,User_id,Admin_id,Late_Days,Rent_Active) VALUES ('BSL-44143','SC-88947','376-1-10-616555-4','USR-55730','ADM-27032','0','1');
INSERT INTO Book_System_Live(Book_System_Live_id,School_Library_id,ISBN,User_id,Admin_id,Late_Days,Rent_Active) VALUES ('BSL-41978','SC-44053','412-8-95-443782-2','USR-88163','ADM-27032','0','0');
INSERT INTO Book_System_Live(Book_System_Live_id,School_Library_id,ISBN,User_id,Admin_id,Late_Days,Rent_Active) VALUES ('BSL-77891','SC-44053','393-2-53-943326-3','USR-95443','ADM-12520','0','0');
INSERT INTO Book_System_Live(Book_System_Live_id,School_Library_id,ISBN,User_id,Admin_id,Late_Days,Rent_Active) VALUES ('BSL-70677','SC-14453','271-8-79-641075-1','USR-01059','ADM-73248','0','1');
INSERT INTO Book_System_Live(Book_System_Live_id,School_Library_id,ISBN,User_id,Admin_id,Late_Days,Rent_Active) VALUES ('BSL-54999','SC-14453','608-6-59-135962-4','USR-63736','ADM-73248','0','1');
INSERT INTO Book_System_Live(Book_System_Live_id,School_Library_id,ISBN,User_id,Admin_id,Late_Days,Rent_Active) VALUES ('BSL-66550','SC-24226','335-2-86-259330-5','USR-35844','ADM-27032','0','1');
INSERT INTO Book_System_Live(Book_System_Live_id,School_Library_id,ISBN,User_id,Admin_id,Late_Days,Rent_Active) VALUES ('BSL-79311','SC-88947','655-4-46-722143-6','USR-19761','ADM-73248','0','1');
INSERT INTO Book_System_Live(Book_System_Live_id,School_Library_id,ISBN,User_id,Admin_id,Late_Days,Rent_Active) VALUES ('BSL-73459','SC-14453','142-8-28-319977-9','USR-38400','ADM-73248','0','0');
INSERT INTO Book_System_Live(Book_System_Live_id,School_Library_id,ISBN,User_id,Admin_id,Late_Days,Rent_Active) VALUES ('BSL-74900','SC-44053','440-6-64-815739-8','USR-65526','ADM-73248','0','1');
INSERT INTO Book_System_Live(Book_System_Live_id,School_Library_id,ISBN,User_id,Admin_id,Late_Days,Rent_Active) VALUES ('BSL-66661','SC-44053','822-9-62-753103-3','USR-64749','ADM-12520','0','0');
INSERT INTO Book_System_Live(Book_System_Live_id,School_Library_id,ISBN,User_id,Admin_id,Late_Days,Rent_Active) VALUES ('BSL-36903','SC-88947','370-3-53-358392-7','USR-47081','ADM-12520','0','1');
INSERT INTO Book_System_Live(Book_System_Live_id,School_Library_id,ISBN,User_id,Admin_id,Late_Days,Rent_Active) VALUES ('BSL-91921','SC-14453','220-7-71-472982-6','USR-95443','ADM-27032','0','0');
INSERT INTO Book_System_Live(Book_System_Live_id,School_Library_id,ISBN,User_id,Admin_id,Late_Days,Rent_Active) VALUES ('BSL-97224','SC-24226','190-9-43-402382-1','USR-03413','ADM-27032','0','0');
INSERT INTO Book_System_Live(Book_System_Live_id,School_Library_id,ISBN,User_id,Admin_id,Late_Days,Rent_Active) VALUES ('BSL-74161','SC-44053','701-3-80-187095-7','USR-87042','ADM-12520','0','1');
INSERT INTO Book_System_Live(Book_System_Live_id,School_Library_id,ISBN,User_id,Admin_id,Late_Days,Rent_Active) VALUES ('BSL-76327','SC-88947','485-4-17-139224-8','USR-06996','ADM-95455','0','0');
INSERT INTO Book_System_Live(Book_System_Live_id,School_Library_id,ISBN,User_id,Admin_id,Late_Days,Rent_Active) VALUES ('BSL-18327','SC-14453','701-3-96-197269-7','USR-92599','ADM-95455','0','0');
INSERT INTO Book_System_Live(Book_System_Live_id,School_Library_id,ISBN,User_id,Admin_id,Late_Days,Rent_Active) VALUES ('BSL-22776','SC-44053','412-8-95-443782-2','USR-13319','ADM-73248','0','1');
INSERT INTO Book_System_Live(Book_System_Live_id,School_Library_id,ISBN,User_id,Admin_id,Late_Days,Rent_Active) VALUES ('BSL-12039','SC-88947','711-8-45-933069-4','USR-60411','ADM-12520','0','0');
INSERT INTO Book_System_Live(Book_System_Live_id,School_Library_id,ISBN,User_id,Admin_id,Late_Days,Rent_Active) VALUES ('BSL-62874','SC-24226','602-7-78-637405-2','USR-88163','ADM-12520','0','0');
INSERT INTO Book_System_Live(Book_System_Live_id,School_Library_id,ISBN,User_id,Admin_id,Late_Days,Rent_Active) VALUES ('BSL-21349','SC-88947','760-4-86-639366-6','USR-38400','ADM-73248','0','0');
INSERT INTO Book_System_Live(Book_System_Live_id,School_Library_id,ISBN,User_id,Admin_id,Late_Days,Rent_Active) VALUES ('BSL-02505','SC-44053','100-2-13-018843-0','USR-19761','ADM-73248','0','1');
INSERT INTO Book_System_Live(Book_System_Live_id,School_Library_id,ISBN,User_id,Admin_id,Late_Days,Rent_Active) VALUES ('BSL-39110','SC-24226','823-8-23-869940-5','USR-39303','ADM-73248','0','1');
INSERT INTO Book_System_Live(Book_System_Live_id,School_Library_id,ISBN,User_id,Admin_id,Late_Days,Rent_Active) VALUES ('BSL-22582','SC-14453','958-0-15-216356-2','USR-32482','ADM-73248','0','1');
INSERT INTO Book_System_Live(Book_System_Live_id,School_Library_id,ISBN,User_id,Admin_id,Late_Days,Rent_Active) VALUES ('BSL-35010','SC-24226','326-4-78-396992-7','USR-87042','ADM-27032','0','1');
INSERT INTO Book_System_Live(Book_System_Live_id,School_Library_id,ISBN,User_id,Admin_id,Late_Days,Rent_Active) VALUES ('BSL-72273','SC-24226','653-7-79-007273-0','USR-41394','ADM-12520','0','1');
INSERT INTO Book_System_Live(Book_System_Live_id,School_Library_id,ISBN,User_id,Admin_id,Late_Days,Rent_Active) VALUES ('BSL-38544','SC-88947','958-0-15-216356-2','USR-23426','ADM-73248','0','0');
INSERT INTO Book_System_Live(Book_System_Live_id,School_Library_id,ISBN,User_id,Admin_id,Late_Days,Rent_Active) VALUES ('BSL-26011','SC-24226','822-9-62-753103-3','USR-10523','ADM-73248','0','0');
INSERT INTO Book_System_Live(Book_System_Live_id,School_Library_id,ISBN,User_id,Admin_id,Late_Days,Rent_Active) VALUES ('BSL-44673','SC-44053','445-5-49-566969-7','USR-23426','ADM-27032','0','0');
INSERT INTO Book_System_Live(Book_System_Live_id,School_Library_id,ISBN,User_id,Admin_id,Late_Days,Rent_Active) VALUES ('BSL-09518','SC-24226','961-4-06-592702-1','USR-35844','ADM-95455','0','1');
INSERT INTO Book_System_Live(Book_System_Live_id,School_Library_id,ISBN,User_id,Admin_id,Late_Days,Rent_Active) VALUES ('BSL-48334','SC-14453','028-7-20-127575-8','USR-55730','ADM-27032','0','1');
INSERT INTO Book_System_Live(Book_System_Live_id,School_Library_id,ISBN,User_id,Admin_id,Late_Days,Rent_Active) VALUES ('BSL-30470','SC-44053','641-7-18-321324-3','USR-65526','ADM-95455','0','0');
INSERT INTO Book_System_Live(Book_System_Live_id,School_Library_id,ISBN,User_id,Admin_id,Late_Days,Rent_Active) VALUES ('BSL-06504','SC-14453','902-0-22-172394-7','USR-39303','ADM-95455','0','0');
INSERT INTO Book_System_Live(Book_System_Live_id,School_Library_id,ISBN,User_id,Admin_id,Late_Days,Rent_Active) VALUES ('BSL-66669','SC-24226','977-5-67-043882-9','USR-78653','ADM-12520','0','0');
INSERT INTO Book_System_Live(Book_System_Live_id,School_Library_id,ISBN,User_id,Admin_id,Late_Days,Rent_Active) VALUES ('BSL-66810','SC-14453','765-2-44-126876-4','USR-32191','ADM-12520','0','0');
INSERT INTO Book_System_Live(Book_System_Live_id,School_Library_id,ISBN,User_id,Admin_id,Late_Days,Rent_Active) VALUES ('BSL-79930','SC-88947','743-6-41-279433-8','USR-64126','ADM-95455','0','1');
INSERT INTO Book_System_Live(Book_System_Live_id,School_Library_id,ISBN,User_id,Admin_id,Late_Days,Rent_Active) VALUES ('BSL-45460','SC-14453','134-8-07-188469-5','USR-78653','ADM-73248','0','0');
INSERT INTO Book_System_Live(Book_System_Live_id,School_Library_id,ISBN,User_id,Admin_id,Late_Days,Rent_Active) VALUES ('BSL-57518','SC-14453','343-6-10-825476-3','USR-64749','ADM-95455','0','0');
INSERT INTO Book_System_Live(Book_System_Live_id,School_Library_id,ISBN,User_id,Admin_id,Late_Days,Rent_Active) VALUES ('BSL-65020','SC-24226','691-5-92-647957-4','USR-23426','ADM-95455','0','1');
INSERT INTO Book_System_Live(Book_System_Live_id,School_Library_id,ISBN,User_id,Admin_id,Late_Days,Rent_Active) VALUES ('BSL-02227','SC-44053','653-7-79-007273-0','USR-39303','ADM-12520','0','1');
INSERT INTO Book_System_Live(Book_System_Live_id,School_Library_id,ISBN,User_id,Admin_id,Late_Days,Rent_Active) VALUES ('BSL-79188','SC-24226','765-2-44-126876-4','USR-64074','ADM-95455','0','0');
INSERT INTO Book_System_Live(Book_System_Live_id,School_Library_id,ISBN,User_id,Admin_id,Late_Days,Rent_Active) VALUES ('BSL-54674','SC-88947','302-7-26-229131-4','USR-55730','ADM-95455','0','1');

-- Credentials Tables

INSERT INTO Credentials VALUES ('USR-73775','lucas_8770','sklkb-9477');
INSERT INTO Credentials VALUES ('USR-94479','william_1474','njqpr-9150');
INSERT INTO Credentials VALUES ('USR-38400','alexander_7947','roxnr-1931');
INSERT INTO Credentials VALUES ('USR-13319','ava_5556','naexc-1514');
INSERT INTO Credentials VALUES ('USR-43883','emma_5186','tawfp-9323');
INSERT INTO Credentials VALUES ('USR-47081','benjamin_8559','mfhfh-6278');
INSERT INTO Credentials VALUES ('USR-55730','luna_6909','lahfk-9278');
INSERT INTO Credentials VALUES ('USR-23426','william_6738','bqcrc-8451');
INSERT INTO Credentials VALUES ('USR-64749','mia_2174','ycgjd-8730');
INSERT INTO Credentials VALUES ('USR-87042','evelyn_7575','wyzkm-9172');
INSERT INTO Credentials VALUES ('USR-01059','james_7996','rxsfo-7273');
INSERT INTO Credentials VALUES ('USR-64126','henry_0291','cajdo-5518');
INSERT INTO Credentials VALUES ('USR-65526','noah_5000','xejxd-0665');
INSERT INTO Credentials VALUES ('USR-62897','harper_2399','hvhjn-9498');
INSERT INTO Credentials VALUES ('USR-83277','emma_0698','gwueo-2000');
INSERT INTO Credentials VALUES ('USR-78546','isabella_2629','pgjcr-6326');
INSERT INTO Credentials VALUES ('USR-88686','william_7375','xzroe-2429');
INSERT INTO Credentials VALUES ('USR-24481','isabella_2396','hhgke-2212');
INSERT INTO Credentials VALUES ('USR-50909','evelyn_9202','icebg-8887');
INSERT INTO Credentials VALUES ('USR-92599','ava_7878','jmutb-5083');
INSERT INTO Credentials VALUES ('USR-16893','alexander_5426','euavs-4220');
INSERT INTO Credentials VALUES ('USR-22759','henry_3368','yvgmo-7762');
INSERT INTO Credentials VALUES ('USR-19953','benjamin_0686','ezhbr-2169');
INSERT INTO Credentials VALUES ('USR-41394','olivia_1659','qmvkg-1842');
INSERT INTO Credentials VALUES ('USR-88163','henry_8467','egohx-7886');
INSERT INTO Credentials VALUES ('USR-95443','benjamin_2711','kqvzx-3658');
INSERT INTO Credentials VALUES ('USR-68115','elijah_8811','gmbly-8132');
INSERT INTO Credentials VALUES ('USR-64074','amelia_9872','zutva-4893');
INSERT INTO Credentials VALUES ('USR-92585','luna_9618','mdhkd-2046');
INSERT INTO Credentials VALUES ('USR-60411','harper_8805','hwaqo-0790');
INSERT INTO Credentials VALUES ('USR-10409','evelyn_8201','elovq-9135');
INSERT INTO Credentials VALUES ('USR-72259','amelia_4815','dgfis-9898');
INSERT INTO Credentials VALUES ('USR-78653','olivia_1180','quxxv-5874');
INSERT INTO Credentials VALUES ('USR-06784','ava_5968','lydmm-8637');
INSERT INTO Credentials VALUES ('USR-50273','harper_4656','jlsgh-5140');
INSERT INTO Credentials VALUES ('USR-06996','evelyn_1388','keayw-7389');
INSERT INTO Credentials VALUES ('USR-10523','charlotte_0517','qjtis-9401');
INSERT INTO Credentials VALUES ('USR-65542','luna_8968','jwusq-5908');
INSERT INTO Credentials VALUES ('USR-63303','evelyn_2492','wnsyh-0595');
INSERT INTO Credentials VALUES ('USR-39303','alexander_3606','gsiwf-4868');
INSERT INTO Credentials VALUES ('USR-44460','luna_0417','uigun-7732');
INSERT INTO Credentials VALUES ('USR-03413','elijah_6667','atred-6897');
INSERT INTO Credentials VALUES ('USR-88402','sophia_7013','msbuk-9451');
INSERT INTO Credentials VALUES ('USR-32191','amelia_0303','bggim-4221');
INSERT INTO Credentials VALUES ('USR-19761','alexander_1531','icqwh-1449');
INSERT INTO Credentials VALUES ('USR-35844','elijah_4406','lupec-9862');
INSERT INTO Credentials VALUES ('USR-33740','henry_4844','wxkmr-6750');
INSERT INTO Credentials VALUES ('USR-32482','isabella_1265','gquis-1589');
INSERT INTO Credentials VALUES ('USR-63736','isabella_8911','ayiva-0603');
INSERT INTO Credentials VALUES ('USR-63205','amelia_2409','qmptu-2495');

-- Reviews Table

INSERT INTO Reviews VALUES ('RV-71495','USR-95443','440-6-64-815739-8','0','some review for the book with isbn 440-6-64-815739-8','0');
INSERT INTO Reviews VALUES ('RV-56726','USR-95443','660-6-43-289163-1','4','some review for the book with isbn 660-6-43-289163-1','0');
INSERT INTO Reviews VALUES ('RV-12377','USR-60411','100-2-13-018843-0','4','some review for the book with isbn 100-2-13-018843-0','0');
INSERT INTO Reviews VALUES ('RV-63239','USR-68115','641-7-18-321324-3','4','some review for the book with isbn 641-7-18-321324-3','0');
INSERT INTO Reviews VALUES ('RV-79516','USR-19761','165-4-74-829638-6','3','some review for the book with isbn 165-4-74-829638-6','0');
INSERT INTO Reviews VALUES ('RV-32895','USR-60411','376-1-10-616555-4','0','some review for the book with isbn 376-1-10-616555-4','0');
INSERT INTO Reviews VALUES ('RV-93704','USR-63205','864-9-31-502873-9','1','some review for the book with isbn 864-9-31-502873-9','0');
INSERT INTO Reviews VALUES ('RV-97006','USR-64749','587-6-39-050989-4','5','some review for the book with isbn 587-6-39-050989-4','0');
INSERT INTO Reviews VALUES ('RV-23417','USR-62897','044-3-81-988976-4','3','some review for the book with isbn 044-3-81-988976-4','0');
INSERT INTO Reviews VALUES ('RV-79269','USR-44460','359-9-94-628880-5','2','some review for the book with isbn 359-9-94-628880-5','0');
INSERT INTO Reviews VALUES ('RV-07467','USR-62897','587-6-39-050989-4','5','some review for the book with isbn 587-6-39-050989-4','0');
INSERT INTO Reviews VALUES ('RV-84243','USR-19953','158-0-56-679706-2','4','some review for the book with isbn 158-0-56-679706-2','0');
INSERT INTO Reviews VALUES ('RV-72611','USR-43883','711-8-45-933069-4','0','some review for the book with isbn 711-8-45-933069-4','0');
INSERT INTO Reviews VALUES ('RV-24583','USR-88163','376-1-10-616555-4','1','some review for the book with isbn 376-1-10-616555-4','0');
INSERT INTO Reviews VALUES ('RV-54244','USR-65526','655-4-46-722143-6','5','some review for the book with isbn 655-4-46-722143-6','0');
INSERT INTO Reviews VALUES ('RV-13475','USR-92599','937-4-26-835758-2','4','some review for the book with isbn 937-4-26-835758-2','0');
INSERT INTO Reviews VALUES ('RV-81290','USR-94479','655-4-46-722143-6','3','some review for the book with isbn 655-4-46-722143-6','0');
INSERT INTO Reviews VALUES ('RV-32103','USR-10523','485-8-71-522064-9','2','some review for the book with isbn 485-8-71-522064-9','0');
INSERT INTO Reviews VALUES ('RV-37813','USR-19953','743-6-41-279433-8','5','some review for the book with isbn 743-6-41-279433-8','0');
INSERT INTO Reviews VALUES ('RV-37447','USR-78546','309-3-15-558224-0','3','some review for the book with isbn 309-3-15-558224-0','0');
INSERT INTO Reviews VALUES ('RV-92688','USR-16893','249-9-07-171803-6','0','some review for the book with isbn 249-9-07-171803-6','0');
INSERT INTO Reviews VALUES ('RV-73378','USR-55730','025-3-04-727405-8','5','some review for the book with isbn 025-3-04-727405-8','0');
INSERT INTO Reviews VALUES ('RV-91159','USR-43883','242-4-14-590247-6','0','some review for the book with isbn 242-4-14-590247-6','0');
INSERT INTO Reviews VALUES ('RV-57667','USR-01059','924-6-72-955738-7','2','some review for the book with isbn 924-6-72-955738-7','0');
INSERT INTO Reviews VALUES ('RV-74708','USR-19953','937-4-26-835758-2','5','some review for the book with isbn 937-4-26-835758-2','0');
INSERT INTO Reviews VALUES ('RV-24917','USR-72259','084-2-76-803078-6','5','some review for the book with isbn 084-2-76-803078-6','0');
INSERT INTO Reviews VALUES ('RV-12692','USR-73775','711-8-45-933069-4','2','some review for the book with isbn 711-8-45-933069-4','0');
INSERT INTO Reviews VALUES ('RV-91153','USR-10409','370-3-53-358392-7','3','some review for the book with isbn 370-3-53-358392-7','0');
INSERT INTO Reviews VALUES ('RV-24185','USR-68115','526-5-64-887365-1','3','some review for the book with isbn 526-5-64-887365-1','0');
INSERT INTO Reviews VALUES ('RV-90342','USR-88163','827-8-98-105699-0','2','some review for the book with isbn 827-8-98-105699-0','0');
INSERT INTO Reviews VALUES ('RV-55989','USR-16893','822-9-62-753103-3','4','some review for the book with isbn 822-9-62-753103-3','0');
INSERT INTO Reviews VALUES ('RV-35281','USR-44460','468-1-39-413590-2','0','some review for the book with isbn 468-1-39-413590-2','0');
INSERT INTO Reviews VALUES ('RV-96228','USR-92599','368-9-97-000012-7','3','some review for the book with isbn 368-9-97-000012-7','0');
INSERT INTO Reviews VALUES ('RV-68551','USR-62897','743-6-41-279433-8','4','some review for the book with isbn 743-6-41-279433-8','0');
INSERT INTO Reviews VALUES ('RV-14819','USR-19761','249-9-07-171803-6','3','some review for the book with isbn 249-9-07-171803-6','0');
INSERT INTO Reviews VALUES ('RV-60079','USR-83277','165-4-74-829638-6','5','some review for the book with isbn 165-4-74-829638-6','0');
INSERT INTO Reviews VALUES ('RV-09475','USR-64074','958-0-15-216356-2','1','some review for the book with isbn 958-0-15-216356-2','0');
INSERT INTO Reviews VALUES ('RV-48591','USR-10523','335-2-86-259330-5','0','some review for the book with isbn 335-2-86-259330-5','0');
INSERT INTO Reviews VALUES ('RV-81510','USR-23426','093-0-28-900525-9','4','some review for the book with isbn 093-0-28-900525-9','0');
INSERT INTO Reviews VALUES ('RV-17852','USR-44460','772-9-94-745999-4','5','some review for the book with isbn 772-9-94-745999-4','0');
INSERT INTO Reviews VALUES ('RV-32883','USR-23426','028-7-20-127575-8','5','some review for the book with isbn 028-7-20-127575-8','0');
INSERT INTO Reviews VALUES ('RV-59769','USR-10523','961-4-06-592702-1','1','some review for the book with isbn 961-4-06-592702-1','0');
INSERT INTO Reviews VALUES ('RV-31437','USR-63205','338-0-42-464935-6','2','some review for the book with isbn 338-0-42-464935-6','0');
INSERT INTO Reviews VALUES ('RV-62298','USR-06784','660-6-43-289163-1','3','some review for the book with isbn 660-6-43-289163-1','0');
INSERT INTO Reviews VALUES ('RV-75248','USR-47081','492-3-14-900055-9','2','some review for the book with isbn 492-3-14-900055-9','0');
INSERT INTO Reviews VALUES ('RV-84827','USR-63205','827-8-98-105699-0','2','some review for the book with isbn 827-8-98-105699-0','0');
INSERT INTO Reviews VALUES ('RV-38922','USR-38400','958-0-15-216356-2','0','some review for the book with isbn 958-0-15-216356-2','0');
INSERT INTO Reviews VALUES ('RV-32117','USR-88163','562-5-49-625704-3','4','some review for the book with isbn 562-5-49-625704-3','0');
INSERT INTO Reviews VALUES ('RV-18741','USR-64126','391-9-89-841419-3','5','some review for the book with isbn 391-9-89-841419-3','0');
INSERT INTO Reviews VALUES ('RV-57596','USR-35844','326-4-78-396992-7','1','some review for the book with isbn 326-4-78-396992-7','0');

-- Registration Table

INSERT INTO Registrations VALUES ('RG-98424','SC-88947','Ava','Williams','43','WN-75278','pending','student','ava_9115','apuwv_18636','ava_williams45@gmail.com');
INSERT INTO Registrations VALUES ('RG-56097','SC-24226','Emma','Walker','30','WN-77075','pending','student','william_1731','xdbzg_72174','emma_walker59@gmail.com');
INSERT INTO Registrations VALUES ('RG-08784','SC-14453','Henry','Garcia','30','WN-34410','pending','student','william_0939','pxqda_43929','henry_garcia89@gmail.com');
INSERT INTO Registrations VALUES ('RG-45946','SC-44053','Elijah','Jones','25','WN-15385','pending','student','evelyn_1012','mrblm_43461','elijah_jones24@gmail.com');
INSERT INTO Registrations VALUES ('RG-35888','SC-24226','Amelia','Moore','50','WN-78807','pending','student','emma_0217','etvdo_02564','amelia_moore52@gmail.com');
INSERT INTO Registrations VALUES ('RG-16302','SC-24226','Elijah','Rodriguez','24','WN-66613','pending','student','emma_6295','mwdmq_77377','elijah_rodriguez18@gmail.com');
INSERT INTO Registrations VALUES ('RG-98127','SC-44053','Evelyn','Brown','19','WN-33845','pending','student','amelia_0617','twhsm_16137','evelyn_brown26@gmail.com');
INSERT INTO Registrations VALUES ('RG-03279','SC-44053','Charlotte','Anderson','39','WN-60482','pending','student','benjamin_0174','rewib_46170','charlotte_anderson22@gmail.com');
INSERT INTO Registrations VALUES ('RG-43440','SC-88947','Alexander','Clark','53','WN-01884','pending','student','luna_4930','rlobw_76832','alexander_clark11@gmail.com');
INSERT INTO Registrations VALUES ('RG-84502','SC-14453','Henry','Taylor','55','WN-98866','pending','student','harper_0284','ezlpz_78433','henry_taylor91@gmail.com');
INSERT INTO Registrations VALUES ('RG-24597','SC-44053','Henry','Walker','22','WN-99611','pending','student','noah_7663','mblzs_04048','henry_walker25@gmail.com');
INSERT INTO Registrations VALUES ('RG-22236','SC-14453','Lucas','Harris','30','WN-91314','pending','student','mia_9950','ebuas_19934','lucas_harris55@gmail.com');
INSERT INTO Registrations VALUES ('RG-44442','SC-14453','Henry','White','24','WN-18141','pending','student','luna_0083','lqlvt_23097','henry_white90@gmail.com');
INSERT INTO Registrations VALUES ('RG-40243','SC-24226','Noah','Brown','33','WN-76543','pending','student','henry_2608','ilcxp_47646','noah_brown02@gmail.com');
INSERT INTO Registrations VALUES ('RG-56495','SC-24226','Charlotte','Miller','22','WN-99159','pending','student','isabella_6369','ubaqy_11609','charlotte_miller07@gmail.com');
INSERT INTO Registrations VALUES ('RG-69891','SC-24226','Ava','Jones','45','WN-76388','pending','student','ava_5884','jdsgp_81105','ava_jones60@gmail.com');
INSERT INTO Registrations VALUES ('RG-45734','SC-24226','Sophia','Moore','27','WN-49414','pending','student','william_1486','zqsja_52304','sophia_moore69@gmail.com');
INSERT INTO Registrations VALUES ('RG-79140','SC-24226','Olivia','Martinez','28','WN-61407','pending','student','emma_2616','vclqb_28989','olivia_martinez66@gmail.com');
INSERT INTO Registrations VALUES ('RG-01193','SC-44053','Charlotte','Taylor','21','WN-92201','pending','student','amelia_4264','vwrar_11670','charlotte_taylor16@gmail.com');
INSERT INTO Registrations VALUES ('RG-41626','SC-24226','James','Miller','42','WN-74422','pending','student','isabella_3191','ytheg_45928','james_miller69@gmail.com');
INSERT INTO Registrations VALUES ('RG-88541','SC-88947','Emma','Hernandez','48','WN-06690','pending','student','charlotte_7027','gldaz_31084','emma_hernandez08@gmail.com');
INSERT INTO Registrations VALUES ('RG-62308','SC-44053','Noah','White','53','WN-92512','pending','student','emma_1054','mbkrt_46462','noah_white84@gmail.com');
INSERT INTO Registrations VALUES ('RG-03437','SC-14453','Olivia','Jackson','36','WN-08465','pending','student','luna_7910','qepcb_86054','olivia_jackson54@gmail.com');
INSERT INTO Registrations VALUES ('RG-95133','SC-14453','Sophia','Brown','39','WN-39088','pending','student','luna_1767','ovkxq_15268','sophia_brown10@gmail.com');
INSERT INTO Registrations VALUES ('RG-58837','SC-14453','James','Thomas','38','WN-18417','pending','student','emma_8461','jjqfb_92095','james_thomas94@gmail.com');
INSERT INTO Registrations VALUES ('RG-37828','SC-44053','Henry','Miller','41','WN-62499','pending','student','olivia_2424','ksbrw_07120','henry_miller10@gmail.com');
INSERT INTO Registrations VALUES ('RG-63173','SC-88947','William','Harris','39','WN-24271','pending','student','alexander_7587','ziyhv_89270','william_harris03@gmail.com');
INSERT INTO Registrations VALUES ('RG-44639','SC-14453','Liam','Davis','32','WN-99381','pending','student','elijah_2420','orfvk_72392','liam_davis16@gmail.com');
INSERT INTO Registrations VALUES ('RG-92723','SC-44053','Harper','Miller','50','WN-92215','pending','student','benjamin_6487','purpy_98556','harper_miller14@gmail.com');
INSERT INTO Registrations VALUES ('RG-31856','SC-14453','Charlotte','Williams','39','WN-38499','pending','student','luna_8735','akswm_00905','charlotte_williams89@gmail.com');
INSERT INTO Registrations VALUES ('RG-04797','SC-24226','Evelyn','Clark','53','WN-97351','pending','student','emma_5172','thfjp_03147','evelyn_clark34@gmail.com');
INSERT INTO Registrations VALUES ('RG-69453','SC-88947','Isabella','Rodriguez','36','WN-38709','pending','instructor','elijah_9250','vntrl_34032','isabella_rodriguez02@gmail.com');
INSERT INTO Registrations VALUES ('RG-16046','SC-24226','Charlotte','Jackson','39','WN-00467','pending','instructor','amelia_2927','hvhlk_56480','charlotte_jackson10@gmail.com');
INSERT INTO Registrations VALUES ('RG-15067','SC-88947','Benjamin','Walker','48','WN-93961','pending','instructor','ava_6239','peptf_03846','benjamin_walker35@gmail.com');
INSERT INTO Registrations VALUES ('RG-06588','SC-44053','Charlotte','Anderson','55','WN-02960','pending','instructor','elijah_1850','zctml_08721','charlotte_anderson84@gmail.com');
INSERT INTO Registrations VALUES ('RG-41995','SC-14453','Evelyn','Williams','49','WN-89287','pending','instructor','mia_5109','dtjsp_28453','evelyn_williams79@gmail.com');
INSERT INTO Registrations VALUES ('RG-30095','SC-88947','Benjamin','Taylor','31','WN-03759','pending','instructor','emma_5414','wqfxo_72981','benjamin_taylor72@gmail.com');
INSERT INTO Registrations VALUES ('RG-53837','SC-44053','Ava','Moore','43','WN-24461','pending','instructor','luna_3861','fkcaf_81812','ava_moore30@gmail.com');
INSERT INTO Registrations VALUES ('RG-01021','SC-24226','Emma','Anderson','42','WN-16687','pending','instructor','alexander_6699','wngsy_84776','emma_anderson71@gmail.com');
INSERT INTO Registrations VALUES ('RG-36504','SC-24226','Olivia','Garcia','48','WN-67401','pending','instructor','amelia_0536','arvzq_10316','olivia_garcia36@gmail.com');
INSERT INTO Registrations VALUES ('RG-65600','SC-24226','Amelia','Moore','25','WN-78438','pending','instructor','ava_4021','bwlca_15865','amelia_moore76@gmail.com');
INSERT INTO Registrations VALUES ('RG-64589','SC-88947','Sophia','Harris','26','WN-59705','pending','instructor','olivia_2036','uadgm_23739','sophia_harris33@gmail.com');
INSERT INTO Registrations VALUES ('RG-60136','SC-88947','Sophia','Moore','48','WN-94260','pending','instructor','isabella_6621','cvdtb_59595','sophia_moore13@gmail.com');
INSERT INTO Registrations VALUES ('RG-84824','SC-14453','Elijah','Anderson','39','WN-90783','pending','instructor','harper_5733','ltqlz_46657','elijah_anderson15@gmail.com');
INSERT INTO Registrations VALUES ('RG-05074','SC-24226','Ava','Hernandez','42','WN-42472','pending','instructor','luna_4876','kubrw_77979','ava_hernandez64@gmail.com');
INSERT INTO Registrations VALUES ('RG-66176','SC-14453','James','Harris','31','WN-95245','pending','instructor','liam_6124','rztmg_63054','james_harris48@gmail.com');
INSERT INTO Registrations VALUES ('RG-88943','SC-44053','Emma','Rodriguez','23','WN-78802','pending','instructor','benjamin_2936','cvmgw_45631','emma_rodriguez98@gmail.com');
INSERT INTO Registrations VALUES ('RG-17870','SC-88947','Isabella','Harris','26','WN-96636','pending','instructor','william_2806','uxmbf_11627','isabella_harris49@gmail.com');
INSERT INTO Registrations VALUES ('RG-80085','SC-88947','Olivia','Miller','31','WN-71435','pending','instructor','benjamin_8155','rbvvs_34954','olivia_miller50@gmail.com');
INSERT INTO Registrations VALUES ('RG-64077','SC-44053','Mia','Jones','33','WN-44381','pending','instructor','emma_0172','coptl_66816','mia_jones82@gmail.com');

-- Reservation Table

INSERT INTO Reservations VALUES('RSV-58335','SC-88947','USR-06996','608-6-59-135962-4','2023-05-31','0');
INSERT INTO Reservations VALUES('RSV-41408','SC-24226','USR-62897','492-3-14-900055-9','2023-05-31','1');
INSERT INTO Reservations VALUES('RSV-00910','SC-88947','USR-92585','660-6-43-289163-1','2023-05-31','1');
INSERT INTO Reservations VALUES('RSV-90129','SC-14453','USR-68115','134-8-07-188469-5','2023-05-31','0');
INSERT INTO Reservations VALUES('RSV-22716','SC-88947','USR-68115','485-8-71-522064-9','2023-05-31','1');
INSERT INTO Reservations VALUES('RSV-52488','SC-24226','USR-10523','343-6-10-825476-3','2023-05-31','1');
INSERT INTO Reservations VALUES('RSV-20308','SC-44053','USR-68115','093-0-28-900525-9','2023-05-31','0');
INSERT INTO Reservations VALUES('RSV-77187','SC-14453','USR-44460','652-0-89-375341-5','2023-05-31','0');
INSERT INTO Reservations VALUES('RSV-56451','SC-44053','USR-01059','602-7-78-637405-2','2023-05-31','0');
INSERT INTO Reservations VALUES('RSV-35426','SC-14453','USR-44460','271-8-79-641075-1','2023-05-31','1');
INSERT INTO Reservations VALUES('RSV-55658','SC-88947','USR-63303','391-9-89-841419-3','2023-05-31','1');
INSERT INTO Reservations VALUES('RSV-65941','SC-14453','USR-88163','100-2-13-018843-0','2023-05-31','1');
INSERT INTO Reservations VALUES('RSV-37957','SC-44053','USR-62897','743-6-41-279433-8','2023-05-31','1');
INSERT INTO Reservations VALUES('RSV-88494','SC-14453','USR-55730','687-4-81-387289-1','2023-05-31','0');
INSERT INTO Reservations VALUES('RSV-06631','SC-44053','USR-22759','420-4-97-836956-8','2023-05-31','0');
INSERT INTO Reservations VALUES('RSV-40433','SC-88947','USR-23426','485-8-71-522064-9','2023-05-31','0');
INSERT INTO Reservations VALUES('RSV-01729','SC-14453','USR-01059','822-9-62-753103-3','2023-05-31','0');
INSERT INTO Reservations VALUES('RSV-49185','SC-88947','USR-55730','492-3-14-900055-9','2023-06-29','1');
INSERT INTO Reservations VALUES('RSV-85713','SC-88947','USR-62897','392-2-89-586138-0','2023-05-31','0');
INSERT INTO Reservations VALUES('RSV-22734','SC-14453','USR-63736','765-2-44-126876-4','2023-05-31','0');
INSERT INTO Reservations VALUES('RSV-64497','SC-24226','USR-95443','420-4-97-836956-8','2023-06-30','1');
INSERT INTO Reservations VALUES('RSV-12477','SC-24226','USR-94479','961-4-06-592702-1','2023-06-30','1');
INSERT INTO Reservations VALUES('RSV-52204','SC-24226','USR-64749','289-9-74-304242-1','2023-06-30','1');
INSERT INTO Reservations VALUES('RSV-85061','SC-44053','USR-47081','868-1-85-556079-5','2023-05-31','0');
INSERT INTO Reservations VALUES('RSV-53212','SC-14453','USR-88402','249-9-07-171803-6','2023-05-31','0');
INSERT INTO Reservations VALUES('RSV-50649','SC-88947','USR-32191','479-4-30-875505-8','2023-05-31','0');
INSERT INTO Reservations VALUES('RSV-89624','SC-88947','USR-95443','101-7-51-614265-3','2023-05-31','0');
INSERT INTO Reservations VALUES('RSV-76194','SC-44053','USR-60411','562-5-49-625704-3','2023-05-31','0');
INSERT INTO Reservations VALUES('RSV-27270','SC-14453','USR-62897','084-2-76-803078-6','2023-05-31','0');
INSERT INTO Reservations VALUES('RSV-49674','SC-24226','USR-78653','220-7-71-472982-6','2023-05-31','0');
INSERT INTO Reservations VALUES('RSV-17014','SC-88947','USR-88163','249-9-07-171803-6','2023-05-31','0');
INSERT INTO Reservations VALUES('RSV-45043','SC-14453','USR-10409','134-8-24-948670-7','2023-05-31','0');
INSERT INTO Reservations VALUES('RSV-24081','SC-24226','USR-22759','249-9-07-171803-6','2023-06-30','1');
INSERT INTO Reservations VALUES('RSV-29345','SC-14453','USR-06784','653-7-79-007273-0','2023-05-31','0');
INSERT INTO Reservations VALUES('RSV-29470','SC-88947','USR-01059','765-2-44-126876-4','2023-05-30','1');
INSERT INTO Reservations VALUES('RSV-72008','SC-14453','USR-64126','134-8-24-948670-7','2023-05-31','0');
INSERT INTO Reservations VALUES('RSV-01576','SC-44053','USR-32191','691-5-92-647957-4','2023-06-30','1');
INSERT INTO Reservations VALUES('RSV-94414','SC-88947','USR-50909','392-2-89-586138-0','2023-05-31','0');
INSERT INTO Reservations VALUES('RSV-67226','SC-24226','USR-19761','335-2-26-107643-1','2023-06-30','1');
INSERT INTO Reservations VALUES('RSV-86320','SC-88947','USR-63205','158-0-56-679706-2','2023-05-31','0');
