USE Library;

-- School Tables

INSERT INTO School_Library VALUES ('SC-31388','North School#1664','Madrid','Megan','Green','33800', '33', 'rugby Rd.');
INSERT INTO School_Library VALUES ('SC-53885','East School#1886','Athens','Evan','Black','80597', '16', 'Apple St.');
INSERT INTO School_Library VALUES ('SC-58259','East School#1162','London','John','Orange','75198', '66', 'bond St.');
INSERT INTO School_Library VALUES ('SC-58052','West School#0741','Athens','Josh','Orange','77099', '88', 'Orange St.');
INSERT INTO School_Phones VALUES ('210-8521547', 'SC-31388');
INSERT INTO School_Phones VALUES ('210-4943297', 'SC-53885');
INSERT INTO School_Phones VALUES ('210-2430362', 'SC-58259');
INSERT INTO School_Phones VALUES ('210-1296068', 'SC-58052');
INSERT INTO School_Library_Email VALUES ('North_School#1664@pubschool.com', 'SC-31388');
INSERT INTO School_Library_Email VALUES ('East_School#1886@pubschool.com', 'SC-53885');
INSERT INTO School_Library_Email VALUES ('East_School#1162@pubschool.com', 'SC-58259');
INSERT INTO School_Library_Email VALUES ('West_School#0741@pubschool.com', 'SC-58052');
INSERT INTO School_Library_Admins VALUES ('ADM-28211','SC-31388','Megan','Blue','admin_atgmm','gleyf24548');
INSERT INTO School_Library_Admins VALUES ('ADM-97755','SC-53885','Megan','Blue','admin_fokob','hfehe20653');
INSERT INTO School_Library_Admins VALUES ('ADM-04870','SC-58259','Irene','Red','admin_naouk','jhaac41054');
INSERT INTO School_Library_Admins VALUES ('ADM-35637','SC-58052','John','Orange','admin_kjrtz','yxmgy32602');

-- User Tables

INSERT INTO Users VALUES ('USR-31550','SC-58052','Joseph','Jones','55','student','2','4','1','WN-59029');
INSERT INTO Users VALUES ('USR-52682','SC-58052','Isabella','Martinez','29','student','2','33','1','WN-00586');
INSERT INTO Users VALUES ('USR-65392','SC-58259','Samuel','Baker','38','student','2','40','1','WN-22714');
INSERT INTO Users VALUES ('USR-75225','SC-58052','David','Miller','22','student','2','20','1','WN-89159');
INSERT INTO Users VALUES ('USR-49814','SC-53885','Ava','Baker','30','student','2','12','1','WN-46849');
INSERT INTO Users VALUES ('USR-83832','SC-58259','Elizabeth','Martinez','48','student','2','36','1','WN-89653');
INSERT INTO Users VALUES ('USR-91282','SC-58259','Daniel','Jackson','24','student','2','17','1','WN-09912');
INSERT INTO Users VALUES ('USR-16363','SC-58052','Liam','King','39','student','2','29','1','WN-97301');
INSERT INTO Users VALUES ('USR-38963','SC-58052','Evelyn','Taylor','55','student','2','47','1','WN-85139');
INSERT INTO Users VALUES ('USR-78713','SC-31388','Michael','Carter','54','student','2','15','1','WN-15767');
INSERT INTO Users VALUES ('USR-63077','SC-58052','Daniel','Garcia','50','student','2','31','1','WN-49541');
INSERT INTO Users VALUES ('USR-27062','SC-53885','Victoria','Moore','55','student','2','6','1','WN-64624');
INSERT INTO Users VALUES ('USR-28770','SC-53885','Grace','Jones','56','student','2','44','1','WN-79817');
INSERT INTO Users VALUES ('USR-75613','SC-58052','Olivia','Lewis','35','student','2','34','1','WN-60063');
INSERT INTO Users VALUES ('USR-24198','SC-31388','Ava','Roberts','42','student','2','4','1','WN-68676');
INSERT INTO Users VALUES ('USR-04494','SC-58052','Sophia','Williams','32','student','2','3','1','WN-31348');
INSERT INTO Users VALUES ('USR-60115','SC-58052','Sofia','Jackson','38','student','2','8','1','WN-94598');
INSERT INTO Users VALUES ('USR-79011','SC-58259','Daniel','Jones','23','student','2','40','1','WN-34799');
INSERT INTO Users VALUES ('USR-49560','SC-58259','Grace','Hall','23','student','2','4','1','WN-18024');
INSERT INTO Users VALUES ('USR-28811','SC-31388','Logan','Miller','28','student','2','46','1','WN-37032');
INSERT INTO Users VALUES ('USR-24983','SC-53885','Joseph','Brown','20','student','2','29','1','WN-32203');
INSERT INTO Users VALUES ('USR-06698','SC-58052','Emily','Green','36','student','2','45','1','WN-90544');
INSERT INTO Users VALUES ('USR-92395','SC-58052','Joseph','Campbell','50','student','2','43','1','WN-76146');
INSERT INTO Users VALUES ('USR-62891','SC-58052','Emily','Taylor','21','student','2','22','1','WN-47834');
INSERT INTO Users VALUES ('USR-35462','SC-58259','Ava','Gonzalez','22','student','2','0','1','WN-88170');
INSERT INTO Users VALUES ('USR-69515','SC-58259','Sofia','Williams','34','student','2','30','1','WN-78029');
INSERT INTO Users VALUES ('USR-47076','SC-53885','Abigail','Baker','34','student','2','19','1','WN-89989');
INSERT INTO Users VALUES ('USR-32494','SC-53885','Daniel','Parker','29','student','2','8','1','WN-82563');
INSERT INTO Users VALUES ('USR-87508','SC-31388','Samuel','Harris','37','student','2','44','1','WN-64354');
INSERT INTO Users VALUES ('USR-48488','SC-31388','Elijah','King','27','student','2','27','1','WN-44189');
INSERT INTO Users VALUES ('USR-97558','SC-58052','Lucas','Wright','27','student','2','22','1','WN-54892');
INSERT INTO Users VALUES ('USR-46400','SC-58259','Henry','Clark','23','instructor','1','22','1','WN-42951');
INSERT INTO Users VALUES ('USR-12498','SC-58259','Ava','Lee','40','instructor','1','34','1','WN-91874');
INSERT INTO Users VALUES ('USR-00317','SC-58259','Ethan','Perez','27','instructor','1','9','1','WN-20227');
INSERT INTO Users VALUES ('USR-21402','SC-53885','Chloe','Hernandez','44','instructor','1','17','1','WN-90243');
INSERT INTO Users VALUES ('USR-31305','SC-58052','Victoria','Young','33','instructor','1','8','1','WN-82776');
INSERT INTO Users VALUES ('USR-32572','SC-31388','Avery','Green','36','instructor','1','45','1','WN-65998');
INSERT INTO Users VALUES ('USR-34240','SC-58259','Jacob','Garcia','29','instructor','1','6','1','WN-33283');
INSERT INTO Users VALUES ('USR-71046','SC-31388','Chloe','Clark','28','instructor','1','40','1','WN-04622');
INSERT INTO Users VALUES ('USR-55176','SC-53885','Daniel','Campbell','35','instructor','1','32','1','WN-49640');
INSERT INTO Users VALUES ('USR-62019','SC-58259','Elijah','Walker','57','instructor','1','8','1','WN-80203');
INSERT INTO Users VALUES ('USR-89430','SC-58052','Emily','Phillips','51','instructor','1','7','1','WN-21011');
INSERT INTO Users VALUES ('USR-98006','SC-53885','Amelia','Lee','29','instructor','1','38','1','WN-13087');
INSERT INTO Users VALUES ('USR-07162','SC-58259','William','Jones','45','instructor','1','21','1','WN-85687');
INSERT INTO Users VALUES ('USR-68966','SC-58259','Grace','Harris','52','instructor','1','43','1','WN-78920');
INSERT INTO Users VALUES ('USR-55054','SC-53885','Joseph','Clark','50','instructor','1','35','1','WN-68204');
INSERT INTO Users VALUES ('USR-77743','SC-53885','Avery','Phillips','60','instructor','1','37','1','WN-95334');
INSERT INTO Users VALUES ('USR-92230','SC-58259','Grace','Phillips','45','instructor','1','9','1','WN-96923');
INSERT INTO Users VALUES ('USR-27765','SC-58052','Benjamin','Phillips','38','instructor','1','1','1','WN-34442');
INSERT INTO Users VALUES ('USR-85900','SC-53885','David','Scott','52','instructor','1','22','1','WN-30631');
INSERT INTO Users_Email VALUES ('Joseph_Jones45@gmail.com','USR-31550');
INSERT INTO Users_Email VALUES ('Isabella_Martinez81@gmail.com','USR-52682');
INSERT INTO Users_Email VALUES ('Samuel_Baker99@gmail.com','USR-65392');
INSERT INTO Users_Email VALUES ('David_Miller45@gmail.com','USR-75225');
INSERT INTO Users_Email VALUES ('Ava_Baker44@gmail.com','USR-49814');
INSERT INTO Users_Email VALUES ('Elizabeth_Martinez41@gmail.com','USR-83832');
INSERT INTO Users_Email VALUES ('Daniel_Jackson28@gmail.com','USR-91282');
INSERT INTO Users_Email VALUES ('Liam_King54@gmail.com','USR-16363');
INSERT INTO Users_Email VALUES ('Evelyn_Taylor34@gmail.com','USR-38963');
INSERT INTO Users_Email VALUES ('Michael_Carter38@gmail.com','USR-78713');
INSERT INTO Users_Email VALUES ('Daniel_Garcia12@gmail.com','USR-63077');
INSERT INTO Users_Email VALUES ('Victoria_Moore49@gmail.com','USR-27062');
INSERT INTO Users_Email VALUES ('Grace_Jones61@gmail.com','USR-28770');
INSERT INTO Users_Email VALUES ('Olivia_Lewis17@gmail.com','USR-75613');
INSERT INTO Users_Email VALUES ('Ava_Roberts53@gmail.com','USR-24198');
INSERT INTO Users_Email VALUES ('Sophia_Williams72@gmail.com','USR-04494');
INSERT INTO Users_Email VALUES ('Sofia_Jackson89@gmail.com','USR-60115');
INSERT INTO Users_Email VALUES ('Daniel_Jones61@gmail.com','USR-79011');
INSERT INTO Users_Email VALUES ('Grace_Hall73@gmail.com','USR-49560');
INSERT INTO Users_Email VALUES ('Logan_Miller16@gmail.com','USR-28811');
INSERT INTO Users_Email VALUES ('Joseph_Brown41@gmail.com','USR-24983');
INSERT INTO Users_Email VALUES ('Emily_Green03@gmail.com','USR-06698');
INSERT INTO Users_Email VALUES ('Joseph_Campbell50@gmail.com','USR-92395');
INSERT INTO Users_Email VALUES ('Emily_Taylor94@gmail.com','USR-62891');
INSERT INTO Users_Email VALUES ('Ava_Gonzalez23@gmail.com','USR-35462');
INSERT INTO Users_Email VALUES ('Sofia_Williams69@gmail.com','USR-69515');
INSERT INTO Users_Email VALUES ('Abigail_Baker29@gmail.com','USR-47076');
INSERT INTO Users_Email VALUES ('Daniel_Parker68@gmail.com','USR-32494');
INSERT INTO Users_Email VALUES ('Samuel_Harris76@gmail.com','USR-87508');
INSERT INTO Users_Email VALUES ('Elijah_King64@gmail.com','USR-48488');
INSERT INTO Users_Email VALUES ('Lucas_Wright82@gmail.com','USR-97558');
INSERT INTO Users_Email VALUES ('Henry_Clark89@gmail.com','USR-46400');
INSERT INTO Users_Email VALUES ('Ava_Lee87@gmail.com','USR-12498');
INSERT INTO Users_Email VALUES ('Ethan_Perez40@gmail.com','USR-00317');
INSERT INTO Users_Email VALUES ('Chloe_Hernandez50@gmail.com','USR-21402');
INSERT INTO Users_Email VALUES ('Victoria_Young63@gmail.com','USR-31305');
INSERT INTO Users_Email VALUES ('Avery_Green33@gmail.com','USR-32572');
INSERT INTO Users_Email VALUES ('Jacob_Garcia99@gmail.com','USR-34240');
INSERT INTO Users_Email VALUES ('Chloe_Clark79@gmail.com','USR-71046');
INSERT INTO Users_Email VALUES ('Daniel_Campbell57@gmail.com','USR-55176');
INSERT INTO Users_Email VALUES ('Elijah_Walker70@gmail.com','USR-62019');
INSERT INTO Users_Email VALUES ('Emily_Phillips81@gmail.com','USR-89430');
INSERT INTO Users_Email VALUES ('Amelia_Lee18@gmail.com','USR-98006');
INSERT INTO Users_Email VALUES ('William_Jones61@gmail.com','USR-07162');
INSERT INTO Users_Email VALUES ('Grace_Harris17@gmail.com','USR-68966');
INSERT INTO Users_Email VALUES ('Joseph_Clark18@gmail.com','USR-55054');
INSERT INTO Users_Email VALUES ('Avery_Phillips40@gmail.com','USR-77743');
INSERT INTO Users_Email VALUES ('Grace_Phillips25@gmail.com','USR-92230');
INSERT INTO Users_Email VALUES ('Benjamin_Phillips32@gmail.com','USR-27765');
INSERT INTO Users_Email VALUES ('David_Scott01@gmail.com','USR-85900');

-- Book Tables

INSERT INTO Books VALUES ('954-2-59-405051-2','SC-58259','Spellbound Enthrall','Black Editions','701','Sample summary for Spellbound Enthrall With Regards Black Editions','62');
INSERT INTO Books VALUES ('917-5-70-329450-8','SC-58259','Tranquil Transcend','Orange Editions','626','Sample summary for Tranquil Transcend With Regards Orange Editions','64');
INSERT INTO Books VALUES ('653-5-97-297428-9','SC-58052','Captivate Phoenix','Orange Editions','627','Sample summary for Captivate Phoenix With Regards Orange Editions','4');
INSERT INTO Books VALUES ('787-1-66-252945-1','SC-58052','Radiant Awe-inspiring','Grey Editions','205','Sample summary for Radiant Awe-inspiring With Regards Grey Editions','7');
INSERT INTO Books VALUES ('108-0-17-623983-3','SC-53885','Nebula Tranquil','Black Editions','983','Sample summary for Nebula Tranquil With Regards Black Editions','70');
INSERT INTO Books VALUES ('787-1-74-668241-0','SC-31388','Whisper Twilight','Grey Editions','405','Sample summary for Whisper Twilight With Regards Grey Editions','24');
INSERT INTO Books VALUES ('794-1-68-810795-5','SC-53885','Spellbound Twilight','Orange Editions','445','Sample summary for Spellbound Twilight With Regards Orange Editions','73');
INSERT INTO Books VALUES ('451-8-22-643653-4','SC-58052','Resonance Whirlwind','Green Editios','815','Sample summary for Resonance Whirlwind With Regards Green Editios','78');
INSERT INTO Books VALUES ('287-8-37-560818-3','SC-31388','Enchanted Journey','Grey Editions','815','Sample summary for Enchanted Journey With Regards Grey Editions','40');
INSERT INTO Books VALUES ('716-3-28-207211-3','SC-53885','Resonance Uplift','Green Editios','652','Sample summary for Resonance Uplift With Regards Green Editios','57');
INSERT INTO Books VALUES ('559-0-98-816545-9','SC-31388','Paradigm Transcend','Orange Editions','469','Sample summary for Paradigm Transcend With Regards Orange Editions','71');
INSERT INTO Books VALUES ('473-3-04-771321-3','SC-53885','Spectrum Amplitude','Green Editios','520','Sample summary for Spectrum Amplitude With Regards Green Editios','71');
INSERT INTO Books VALUES ('919-0-94-927204-9','SC-58259','Spellbound Tranquil','Black Editions','418','Sample summary for Spellbound Tranquil With Regards Black Editions','61');
INSERT INTO Books VALUES ('400-8-43-381920-9','SC-53885','Spellbound Awakening','Grey Editions','190','Sample summary for Spellbound Awakening With Regards Grey Editions','96');
INSERT INTO Books VALUES ('048-5-65-554548-5','SC-53885','Harmonious Ecstasy','Black Editions','111','Sample summary for Harmonious Ecstasy With Regards Black Editions','71');
INSERT INTO Books VALUES ('658-2-42-142685-7','SC-53885','Luminous Spectrum','Grey Editions','252','Sample summary for Luminous Spectrum With Regards Grey Editions','95');
INSERT INTO Books VALUES ('734-2-48-095119-0','SC-58259','Ascend Ecstasy','Black Editions','179','Sample summary for Ascend Ecstasy With Regards Black Editions','27');
INSERT INTO Books VALUES ('853-0-62-116658-5','SC-53885','Amplitude Miraculous','Black Editions','65','Sample summary for Amplitude Miraculous With Regards Black Editions','100');
INSERT INTO Books VALUES ('128-3-59-534705-0','SC-31388','Transcend Luminescence','Black Editions','184','Sample summary for Transcend Luminescence With Regards Black Editions','99');
INSERT INTO Books VALUES ('740-1-79-629188-6','SC-58052','Radiant Dreamweaver','Orange Editions','204','Sample summary for Radiant Dreamweaver With Regards Orange Editions','77');
INSERT INTO Books VALUES ('725-1-29-623300-6','SC-53885','Spectrum Paradigm','Green Editios','488','Sample summary for Spectrum Paradigm With Regards Green Editios','15');
INSERT INTO Books VALUES ('072-7-44-648604-8','SC-31388','Harmonious Unveiled','Grey Editions','37','Sample summary for Harmonious Unveiled With Regards Grey Editions','30');
INSERT INTO Books VALUES ('144-6-23-725539-4','SC-31388','Mirage Cascade','Green Editios','337','Sample summary for Mirage Cascade With Regards Green Editios','31');
INSERT INTO Books VALUES ('584-3-81-093786-7','SC-53885','Harmonious Odyssey','Green Editios','592','Sample summary for Harmonious Odyssey With Regards Green Editios','67');
INSERT INTO Books VALUES ('986-1-24-199981-8','SC-53885','Cosmos Enchanted','Black Editions','623','Sample summary for Cosmos Enchanted With Regards Black Editions','35');
INSERT INTO Books VALUES ('795-3-52-499631-5','SC-31388','Echoes Solitude','Grey Editions','946','Sample summary for Echoes Solitude With Regards Grey Editions','30');
INSERT INTO Books VALUES ('702-4-86-318079-1','SC-58259','Ethereal Harmonious','Green Editios','155','Sample summary for Ethereal Harmonious With Regards Green Editios','100');
INSERT INTO Books VALUES ('290-4-82-432212-9','SC-53885','Enchanted Miraculous','Black Editions','532','Sample summary for Enchanted Miraculous With Regards Black Editions','31');
INSERT INTO Books VALUES ('243-7-50-118062-6','SC-31388','Reverence Enchanted','Green Editios','669','Sample summary for Reverence Enchanted With Regards Green Editios','32');
INSERT INTO Books VALUES ('718-7-98-746866-9','SC-53885','Spectrum Harmony','Orange Editions','666','Sample summary for Spectrum Harmony With Regards Orange Editions','38');
INSERT INTO Books VALUES ('513-3-46-763594-1','SC-53885','Vortex Illumination','Black Editions','112','Sample summary for Vortex Illumination With Regards Black Editions','35');
INSERT INTO Books VALUES ('483-0-30-711951-3','SC-58259','Utopia Ethereal','Black Editions','343','Sample summary for Utopia Ethereal With Regards Black Editions','81');
INSERT INTO Books VALUES ('500-0-09-116232-0','SC-31388','Tranquil Euphoria','Grey Editions','705','Sample summary for Tranquil Euphoria With Regards Grey Editions','19');
INSERT INTO Books VALUES ('740-3-87-256824-0','SC-31388','Wanderlust Serene','Green Editios','145','Sample summary for Wanderlust Serene With Regards Green Editios','5');
INSERT INTO Books VALUES ('338-0-21-088543-4','SC-31388','Symmetry Nebula','Orange Editions','407','Sample summary for Symmetry Nebula With Regards Orange Editions','70');
INSERT INTO Books VALUES ('762-7-98-425366-1','SC-58052','Harmonious Resonance','Black Editions','745','Sample summary for Harmonious Resonance With Regards Black Editions','45');
INSERT INTO Books VALUES ('603-2-66-326220-7','SC-58052','Enchanted Paradigm','Black Editions','469','Sample summary for Enchanted Paradigm With Regards Black Editions','49');
INSERT INTO Books VALUES ('211-0-91-213786-2','SC-58052','Spectrum Awakening','Orange Editions','799','Sample summary for Spectrum Awakening With Regards Orange Editions','86');
INSERT INTO Books VALUES ('961-2-62-796055-9','SC-58052','Enthrall Mirage','Black Editions','5','Sample summary for Enthrall Mirage With Regards Black Editions','57');
INSERT INTO Books VALUES ('623-2-38-141042-1','SC-58052','Vortex Awakening','Black Editions','40','Sample summary for Vortex Awakening With Regards Black Editions','16');
INSERT INTO Books VALUES ('975-6-05-090042-3','SC-58052','Zenith Whirlwind','Orange Editions','601','Sample summary for Zenith Whirlwind With Regards Orange Editions','98');
INSERT INTO Books VALUES ('559-9-39-149169-7','SC-53885','Essence Captivate','Orange Editions','22','Sample summary for Essence Captivate With Regards Orange Editions','42');
INSERT INTO Books VALUES ('333-2-44-250408-7','SC-58259','Euphoria Zenith','Orange Editions','107','Sample summary for Euphoria Zenith With Regards Orange Editions','48');
INSERT INTO Books VALUES ('947-1-92-482924-5','SC-53885','Twilight Whirlwind','Black Editions','27','Sample summary for Twilight Whirlwind With Regards Black Editions','40');
INSERT INTO Books VALUES ('139-8-32-930192-0','SC-58052','Luminescence Whimsical','Grey Editions','404','Sample summary for Luminescence Whimsical With Regards Grey Editions','100');
INSERT INTO Books VALUES ('399-3-75-067277-1','SC-53885','Dreamweaver Serene','Grey Editions','911','Sample summary for Dreamweaver Serene With Regards Grey Editions','74');
INSERT INTO Books VALUES ('371-2-19-499085-6','SC-58052','Quest Cosmos','Black Editions','966','Sample summary for Quest Cosmos With Regards Black Editions','95');
INSERT INTO Books VALUES ('442-3-57-395668-9','SC-31388','Harmony Evolve','Green Editios','719','Sample summary for Harmony Evolve With Regards Green Editios','43');
INSERT INTO Books VALUES ('103-5-45-279011-2','SC-58052','Wanderer Wanderer','Grey Editions','710','Sample summary for Wanderer Wanderer With Regards Grey Editions','32');
INSERT INTO Books VALUES ('162-3-39-680863-3','SC-58259','Illumination Enigmatic','Grey Editions','481','Sample summary for Illumination Enigmatic With Regards Grey Editions','74');
INSERT INTO Books VALUES ('141-6-70-849018-0','SC-58052','Cosmos Envelop','Grey Editions','773','Sample summary for Cosmos Envelop With Regards Grey Editions','49');
INSERT INTO Books VALUES ('528-5-74-324917-0','SC-31388','Twilight Nebula','Green Editios','632','Sample summary for Twilight Nebula With Regards Green Editios','75');
INSERT INTO Books VALUES ('924-5-21-886110-7','SC-58259','Tranquil Enchanting','Black Editions','198','Sample summary for Tranquil Enchanting With Regards Black Editions','12');
INSERT INTO Books VALUES ('152-5-35-659795-1','SC-58259','Envelop Luminous','Orange Editions','116','Sample summary for Envelop Luminous With Regards Orange Editions','49');
INSERT INTO Books VALUES ('210-0-16-179014-5','SC-31388','Ethereal Odyssey','Black Editions','134','Sample summary for Ethereal Odyssey With Regards Black Editions','31');
INSERT INTO Books VALUES ('256-9-28-972482-9','SC-31388','Resonance Odyssey','Black Editions','222','Sample summary for Resonance Odyssey With Regards Black Editions','81');
INSERT INTO Books VALUES ('162-1-51-170649-6','SC-31388','Captivate Enigma','Black Editions','424','Sample summary for Captivate Enigma With Regards Black Editions','49');
INSERT INTO Books VALUES ('279-6-30-991692-4','SC-53885','Twilight Solitude','Orange Editions','819','Sample summary for Twilight Solitude With Regards Orange Editions','40');
INSERT INTO Books VALUES ('044-0-91-370024-6','SC-58259','Catalyst Serendipity','Black Editions','910','Sample summary for Catalyst Serendipity With Regards Black Editions','35');
INSERT INTO Books VALUES ('006-2-86-883174-1','SC-53885','Melancholy Catalyst','Grey Editions','338','Sample summary for Melancholy Catalyst With Regards Grey Editions','64');
INSERT INTO Books VALUES ('464-4-72-881955-0','SC-58052','Reverie Cosmos','Black Editions','316','Sample summary for Reverie Cosmos With Regards Black Editions','15');
INSERT INTO Books VALUES ('016-8-24-198807-7','SC-58259','Celestial Twilight','Green Editios','142','Sample summary for Celestial Twilight With Regards Green Editios','60');
INSERT INTO Books VALUES ('456-2-10-733478-2','SC-58052','Captivate Stellar','Black Editions','927','Sample summary for Captivate Stellar With Regards Black Editions','14');
INSERT INTO Books VALUES ('498-1-96-946489-0','SC-53885','Tranquil Spellbound','Black Editions','643','Sample summary for Tranquil Spellbound With Regards Black Editions','33');
INSERT INTO Books VALUES ('082-7-99-496229-8','SC-58052','Stellar Melancholy','Black Editions','962','Sample summary for Stellar Melancholy With Regards Black Editions','70');
INSERT INTO Books VALUES ('052-1-20-181723-6','SC-58259','Odyssey Euphoria','Orange Editions','954','Sample summary for Odyssey Euphoria With Regards Orange Editions','17');
INSERT INTO Books VALUES ('281-9-72-786276-3','SC-58052','Catalyst Enchanted','Green Editios','100','Sample summary for Catalyst Enchanted With Regards Green Editios','33');
INSERT INTO Books VALUES ('118-0-58-368944-9','SC-31388','Twilight Enigma','Green Editios','5','Sample summary for Twilight Enigma With Regards Green Editios','28');
INSERT INTO Books VALUES ('836-1-03-392630-7','SC-31388','Zenith Mirage','Green Editios','898','Sample summary for Zenith Mirage With Regards Green Editios','61');
INSERT INTO Books VALUES ('881-1-00-044861-7','SC-58052','Abyss Enchant','Orange Editions','351','Sample summary for Abyss Enchant With Regards Orange Editions','51');
INSERT INTO Books VALUES ('406-9-94-619206-7','SC-58052','Odyssey Reverie','Black Editions','366','Sample summary for Odyssey Reverie With Regards Black Editions','32');
INSERT INTO Books VALUES ('925-7-81-401860-0','SC-53885','Paradigm Captivate','Black Editions','104','Sample summary for Paradigm Captivate With Regards Black Editions','39');
INSERT INTO Books VALUES ('957-6-51-378167-7','SC-31388','Ecstasy Enchanting','Green Editios','461','Sample summary for Ecstasy Enchanting With Regards Green Editios','35');
INSERT INTO Books VALUES ('387-7-95-622831-0','SC-31388','Enchant Quest','Black Editions','54','Sample summary for Enchant Quest With Regards Black Editions','3');
INSERT INTO Books VALUES ('102-8-08-407290-2','SC-53885','Awe-inspiring Ascend','Black Editions','736','Sample summary for Awe-inspiring Ascend With Regards Black Editions','43');
INSERT INTO Books VALUES ('874-0-37-884562-6','SC-31388','Reflection Envelop','Green Editios','736','Sample summary for Reflection Envelop With Regards Green Editios','36');
INSERT INTO Books VALUES ('458-8-03-769010-6','SC-53885','Symmetry Whimsical','Grey Editions','223','Sample summary for Symmetry Whimsical With Regards Grey Editions','34');
INSERT INTO Books VALUES ('339-1-87-212650-2','SC-58259','Tranquil Celestial','Orange Editions','827','Sample summary for Tranquil Celestial With Regards Orange Editions','38');
INSERT INTO Books VALUES ('958-7-87-347754-6','SC-58259','Enigmatic Odyssey','Orange Editions','983','Sample summary for Enigmatic Odyssey With Regards Orange Editions','49');
INSERT INTO Books VALUES ('989-9-65-135837-7','SC-58052','Reverie Mirage','Grey Editions','448','Sample summary for Reverie Mirage With Regards Grey Editions','98');
INSERT INTO Books VALUES ('842-4-99-053673-1','SC-58259','Radiant Ethereal','Grey Editions','700','Sample summary for Radiant Ethereal With Regards Grey Editions','88');
INSERT INTO Books VALUES ('164-1-25-189312-6','SC-31388','Whisper Tranquil','Orange Editions','834','Sample summary for Whisper Tranquil With Regards Orange Editions','97');
INSERT INTO Books VALUES ('859-0-56-282551-8','SC-58052','Infinite Reverie','Orange Editions','153','Sample summary for Infinite Reverie With Regards Orange Editions','77');
INSERT INTO Books VALUES ('687-3-10-510552-7','SC-58259','Ascend Utopia','Grey Editions','670','Sample summary for Ascend Utopia With Regards Grey Editions','72');
INSERT INTO Books VALUES ('819-0-86-477062-2','SC-58052','Cascade Abyss','Orange Editions','254','Sample summary for Cascade Abyss With Regards Orange Editions','80');
INSERT INTO Books VALUES ('733-8-71-386473-9','SC-31388','Ascend Melancholy','Green Editios','513','Sample summary for Ascend Melancholy With Regards Green Editios','40');
INSERT INTO Books VALUES ('762-4-94-024145-2','SC-31388','Tranquil Unveiled','Green Editios','630','Sample summary for Tranquil Unveiled With Regards Green Editios','44');
INSERT INTO Books VALUES ('366-9-84-853353-9','SC-58259','Reverence Nebula','Black Editions','378','Sample summary for Reverence Nebula With Regards Black Editions','40');
INSERT INTO Books VALUES ('385-1-42-633235-2','SC-58259','Resonance Unveiled','Orange Editions','904','Sample summary for Resonance Unveiled With Regards Orange Editions','82');
INSERT INTO Books VALUES ('815-1-14-903394-5','SC-58052','Catalyst Unveiled','Green Editios','904','Sample summary for Catalyst Unveiled With Regards Green Editios','87');
INSERT INTO Books VALUES ('344-8-09-231760-4','SC-58052','Paradigm Abyss','Grey Editions','226','Sample summary for Paradigm Abyss With Regards Grey Editions','47');
INSERT INTO Books VALUES ('691-7-38-242155-3','SC-58052','Melancholy Enchanted','Green Editios','176','Sample summary for Melancholy Enchanted With Regards Green Editios','81');
INSERT INTO Books VALUES ('366-9-55-152469-7','SC-58052','Zenith Spellbound','Green Editios','89','Sample summary for Zenith Spellbound With Regards Green Editios','37');
INSERT INTO Books VALUES ('515-8-51-873096-8','SC-53885','Enigma Enigmatic','Grey Editions','98','Sample summary for Enigma Enigmatic With Regards Grey Editions','59');
INSERT INTO Books VALUES ('138-5-75-641881-5','SC-58052','Ethereal Enchanted','Orange Editions','339','Sample summary for Ethereal Enchanted With Regards Orange Editions','18');
INSERT INTO Books VALUES ('488-1-33-030640-6','SC-58259','Nebula Whimsical','Orange Editions','388','Sample summary for Nebula Whimsical With Regards Orange Editions','95');
INSERT INTO Books VALUES ('882-0-13-752859-0','SC-58259','Evolve Luminous','Orange Editions','899','Sample summary for Evolve Luminous With Regards Orange Editions','58');
INSERT INTO Books VALUES ('882-7-80-814552-8','SC-58259','Cosmos Resonance','Black Editions','358','Sample summary for Cosmos Resonance With Regards Black Editions','29');
INSERT INTO Books VALUES ('314-6-64-492006-8','SC-58259','Uplift Enchanted','Orange Editions','644','Sample summary for Uplift Enchanted With Regards Orange Editions','74');
INSERT INTO Books VALUES ('468-4-92-576778-1','SC-31388','Nebula Dreamweaver','Black Editions','339','Sample summary for Nebula Dreamweaver With Regards Black Editions','47');
INSERT INTO Book_Categories(ISBN,Category) VALUES ('954-2-59-405051-2','Fiction');
INSERT INTO Book_Categories(ISBN,Category) VALUES ('917-5-70-329450-8','Self-help');
INSERT INTO Book_Categories(ISBN,Category) VALUES ('653-5-97-297428-9','Fantasy');
INSERT INTO Book_Categories(ISBN,Category) VALUES ('787-1-66-252945-1','History');
INSERT INTO Book_Categories(ISBN,Category) VALUES ('108-0-17-623983-3','History');
INSERT INTO Book_Categories(ISBN,Category) VALUES ('787-1-74-668241-0','Science Fiction');
INSERT INTO Book_Categories(ISBN,Category) VALUES ('794-1-68-810795-5','Fantasy');
INSERT INTO Book_Categories(ISBN,Category) VALUES ('451-8-22-643653-4','Romance');
INSERT INTO Book_Categories(ISBN,Category) VALUES ('287-8-37-560818-3','History');
INSERT INTO Book_Categories(ISBN,Category) VALUES ('716-3-28-207211-3','Self-help');
INSERT INTO Book_Categories(ISBN,Category) VALUES ('559-0-98-816545-9','Mystery');
INSERT INTO Book_Categories(ISBN,Category) VALUES ('473-3-04-771321-3','Mystery');
INSERT INTO Book_Categories(ISBN,Category) VALUES ('919-0-94-927204-9','History');
INSERT INTO Book_Categories(ISBN,Category) VALUES ('400-8-43-381920-9','Mystery');
INSERT INTO Book_Categories(ISBN,Category) VALUES ('048-5-65-554548-5','Thriller');
INSERT INTO Book_Categories(ISBN,Category) VALUES ('658-2-42-142685-7','History');
INSERT INTO Book_Categories(ISBN,Category) VALUES ('734-2-48-095119-0','Fantasy');
INSERT INTO Book_Categories(ISBN,Category) VALUES ('853-0-62-116658-5','Mystery');
INSERT INTO Book_Categories(ISBN,Category) VALUES ('128-3-59-534705-0','Non-fiction');
INSERT INTO Book_Categories(ISBN,Category) VALUES ('740-1-79-629188-6','History');
INSERT INTO Book_Categories(ISBN,Category) VALUES ('725-1-29-623300-6','Science Fiction');
INSERT INTO Book_Categories(ISBN,Category) VALUES ('072-7-44-648604-8','Biography');
INSERT INTO Book_Categories(ISBN,Category) VALUES ('144-6-23-725539-4','Fantasy');
INSERT INTO Book_Categories(ISBN,Category) VALUES ('584-3-81-093786-7','History');
INSERT INTO Book_Categories(ISBN,Category) VALUES ('986-1-24-199981-8','Thriller');
INSERT INTO Book_Categories(ISBN,Category) VALUES ('795-3-52-499631-5','Self-help');
INSERT INTO Book_Categories(ISBN,Category) VALUES ('702-4-86-318079-1','History');
INSERT INTO Book_Categories(ISBN,Category) VALUES ('290-4-82-432212-9','Science Fiction');
INSERT INTO Book_Categories(ISBN,Category) VALUES ('243-7-50-118062-6','Self-help');
INSERT INTO Book_Categories(ISBN,Category) VALUES ('718-7-98-746866-9','Fiction');
INSERT INTO Book_Categories(ISBN,Category) VALUES ('513-3-46-763594-1','Mystery');
INSERT INTO Book_Categories(ISBN,Category) VALUES ('483-0-30-711951-3','Thriller');
INSERT INTO Book_Categories(ISBN,Category) VALUES ('500-0-09-116232-0','Mystery');
INSERT INTO Book_Categories(ISBN,Category) VALUES ('740-3-87-256824-0','Non-fiction');
INSERT INTO Book_Categories(ISBN,Category) VALUES ('338-0-21-088543-4','History');
INSERT INTO Book_Categories(ISBN,Category) VALUES ('762-7-98-425366-1','Fiction');
INSERT INTO Book_Categories(ISBN,Category) VALUES ('603-2-66-326220-7','Romance');
INSERT INTO Book_Categories(ISBN,Category) VALUES ('211-0-91-213786-2','Mystery');
INSERT INTO Book_Categories(ISBN,Category) VALUES ('961-2-62-796055-9','Non-fiction');
INSERT INTO Book_Categories(ISBN,Category) VALUES ('623-2-38-141042-1','Biography');
INSERT INTO Book_Categories(ISBN,Category) VALUES ('975-6-05-090042-3','Romance');
INSERT INTO Book_Categories(ISBN,Category) VALUES ('559-9-39-149169-7','Non-fiction');
INSERT INTO Book_Categories(ISBN,Category) VALUES ('333-2-44-250408-7','Biography');
INSERT INTO Book_Categories(ISBN,Category) VALUES ('947-1-92-482924-5','Romance');
INSERT INTO Book_Categories(ISBN,Category) VALUES ('139-8-32-930192-0','Thriller');
INSERT INTO Book_Categories(ISBN,Category) VALUES ('399-3-75-067277-1','Science Fiction');
INSERT INTO Book_Categories(ISBN,Category) VALUES ('371-2-19-499085-6','Non-fiction');
INSERT INTO Book_Categories(ISBN,Category) VALUES ('442-3-57-395668-9','History');
INSERT INTO Book_Categories(ISBN,Category) VALUES ('103-5-45-279011-2','Non-fiction');
INSERT INTO Book_Categories(ISBN,Category) VALUES ('162-3-39-680863-3','Non-fiction');
INSERT INTO Book_Categories(ISBN,Category) VALUES ('141-6-70-849018-0','Mystery');
INSERT INTO Book_Categories(ISBN,Category) VALUES ('528-5-74-324917-0','Science Fiction');
INSERT INTO Book_Categories(ISBN,Category) VALUES ('924-5-21-886110-7','Mystery');
INSERT INTO Book_Categories(ISBN,Category) VALUES ('152-5-35-659795-1','Science Fiction');
INSERT INTO Book_Categories(ISBN,Category) VALUES ('210-0-16-179014-5','Thriller');
INSERT INTO Book_Categories(ISBN,Category) VALUES ('256-9-28-972482-9','Non-fiction');
INSERT INTO Book_Categories(ISBN,Category) VALUES ('162-1-51-170649-6','Mystery');
INSERT INTO Book_Categories(ISBN,Category) VALUES ('279-6-30-991692-4','Fantasy');
INSERT INTO Book_Categories(ISBN,Category) VALUES ('044-0-91-370024-6','Fantasy');
INSERT INTO Book_Categories(ISBN,Category) VALUES ('006-2-86-883174-1','Non-fiction');
INSERT INTO Book_Categories(ISBN,Category) VALUES ('464-4-72-881955-0','Mystery');
INSERT INTO Book_Categories(ISBN,Category) VALUES ('016-8-24-198807-7','Fiction');
INSERT INTO Book_Categories(ISBN,Category) VALUES ('456-2-10-733478-2','Non-fiction');
INSERT INTO Book_Categories(ISBN,Category) VALUES ('498-1-96-946489-0','Self-help');
INSERT INTO Book_Categories(ISBN,Category) VALUES ('082-7-99-496229-8','Non-fiction');
INSERT INTO Book_Categories(ISBN,Category) VALUES ('052-1-20-181723-6','Fiction');
INSERT INTO Book_Categories(ISBN,Category) VALUES ('281-9-72-786276-3','History');
INSERT INTO Book_Categories(ISBN,Category) VALUES ('118-0-58-368944-9','Fantasy');
INSERT INTO Book_Categories(ISBN,Category) VALUES ('836-1-03-392630-7','Mystery');
INSERT INTO Book_Categories(ISBN,Category) VALUES ('881-1-00-044861-7','Science Fiction');
INSERT INTO Book_Categories(ISBN,Category) VALUES ('406-9-94-619206-7','Thriller');
INSERT INTO Book_Categories(ISBN,Category) VALUES ('925-7-81-401860-0','Fantasy');
INSERT INTO Book_Categories(ISBN,Category) VALUES ('957-6-51-378167-7','Fantasy');
INSERT INTO Book_Categories(ISBN,Category) VALUES ('387-7-95-622831-0','Biography');
INSERT INTO Book_Categories(ISBN,Category) VALUES ('102-8-08-407290-2','Fantasy');
INSERT INTO Book_Categories(ISBN,Category) VALUES ('874-0-37-884562-6','Romance');
INSERT INTO Book_Categories(ISBN,Category) VALUES ('458-8-03-769010-6','History');
INSERT INTO Book_Categories(ISBN,Category) VALUES ('339-1-87-212650-2','Science Fiction');
INSERT INTO Book_Categories(ISBN,Category) VALUES ('958-7-87-347754-6','Thriller');
INSERT INTO Book_Categories(ISBN,Category) VALUES ('989-9-65-135837-7','Thriller');
INSERT INTO Book_Categories(ISBN,Category) VALUES ('842-4-99-053673-1','Romance');
INSERT INTO Book_Categories(ISBN,Category) VALUES ('164-1-25-189312-6','Thriller');
INSERT INTO Book_Categories(ISBN,Category) VALUES ('859-0-56-282551-8','Science Fiction');
INSERT INTO Book_Categories(ISBN,Category) VALUES ('687-3-10-510552-7','Thriller');
INSERT INTO Book_Categories(ISBN,Category) VALUES ('819-0-86-477062-2','Romance');
INSERT INTO Book_Categories(ISBN,Category) VALUES ('733-8-71-386473-9','Mystery');
INSERT INTO Book_Categories(ISBN,Category) VALUES ('762-4-94-024145-2','Fantasy');
INSERT INTO Book_Categories(ISBN,Category) VALUES ('366-9-84-853353-9','Fiction');
INSERT INTO Book_Categories(ISBN,Category) VALUES ('385-1-42-633235-2','Science Fiction');
INSERT INTO Book_Categories(ISBN,Category) VALUES ('815-1-14-903394-5','Mystery');
INSERT INTO Book_Categories(ISBN,Category) VALUES ('344-8-09-231760-4','Romance');
INSERT INTO Book_Categories(ISBN,Category) VALUES ('691-7-38-242155-3','Romance');
INSERT INTO Book_Categories(ISBN,Category) VALUES ('366-9-55-152469-7','History');
INSERT INTO Book_Categories(ISBN,Category) VALUES ('515-8-51-873096-8','Biography');
INSERT INTO Book_Categories(ISBN,Category) VALUES ('138-5-75-641881-5','Thriller');
INSERT INTO Book_Categories(ISBN,Category) VALUES ('488-1-33-030640-6','Thriller');
INSERT INTO Book_Categories(ISBN,Category) VALUES ('882-0-13-752859-0','Self-help');
INSERT INTO Book_Categories(ISBN,Category) VALUES ('882-7-80-814552-8','Fantasy');
INSERT INTO Book_Categories(ISBN,Category) VALUES ('314-6-64-492006-8','Mystery');
INSERT INTO Book_Categories(ISBN,Category) VALUES ('468-4-92-576778-1','Fiction');
INSERT INTO Book_Categories(ISBN,Category) VALUES ('954-2-59-405051-2','Fantasy');
INSERT INTO Book_Categories(ISBN,Category) VALUES ('917-5-70-329450-8','History');
INSERT INTO Book_Categories(ISBN,Category) VALUES ('653-5-97-297428-9','Thriller');
INSERT INTO Book_Categories(ISBN,Category) VALUES ('787-1-66-252945-1','Biography');
INSERT INTO Book_Categories(ISBN,Category) VALUES ('108-0-17-623983-3','Fiction');
INSERT INTO Book_Categories(ISBN,Category) VALUES ('787-1-74-668241-0','Biography');
INSERT INTO Book_Categories(ISBN,Category) VALUES ('794-1-68-810795-5','Self-help');
INSERT INTO Book_Categories(ISBN,Category) VALUES ('451-8-22-643653-4','Romance');
INSERT INTO Book_Categories(ISBN,Category) VALUES ('287-8-37-560818-3','Thriller');
INSERT INTO Book_Categories(ISBN,Category) VALUES ('716-3-28-207211-3','Fiction');
INSERT INTO Book_Categories(ISBN,Category) VALUES ('559-0-98-816545-9','Thriller');
INSERT INTO Book_Categories(ISBN,Category) VALUES ('473-3-04-771321-3','Science Fiction');
INSERT INTO Book_Categories(ISBN,Category) VALUES ('919-0-94-927204-9','Thriller');
INSERT INTO Book_Categories(ISBN,Category) VALUES ('400-8-43-381920-9','Thriller');
INSERT INTO Book_Categories(ISBN,Category) VALUES ('048-5-65-554548-5','Science Fiction');
INSERT INTO Book_Categories(ISBN,Category) VALUES ('658-2-42-142685-7','History');
INSERT INTO Book_Categories(ISBN,Category) VALUES ('734-2-48-095119-0','Romance');
INSERT INTO Book_Categories(ISBN,Category) VALUES ('853-0-62-116658-5','Non-fiction');
INSERT INTO Book_Categories(ISBN,Category) VALUES ('128-3-59-534705-0','History');
INSERT INTO Book_Categories(ISBN,Category) VALUES ('740-1-79-629188-6','Fiction');
INSERT INTO Book_Categories(ISBN,Category) VALUES ('725-1-29-623300-6','Mystery');
INSERT INTO Book_Categories(ISBN,Category) VALUES ('072-7-44-648604-8','Mystery');
INSERT INTO Book_Categories(ISBN,Category) VALUES ('144-6-23-725539-4','History');
INSERT INTO Book_Categories(ISBN,Category) VALUES ('584-3-81-093786-7','History');
INSERT INTO Book_Categories(ISBN,Category) VALUES ('986-1-24-199981-8','Biography');
INSERT INTO Book_Categories(ISBN,Category) VALUES ('795-3-52-499631-5','Biography');
INSERT INTO Book_Categories(ISBN,Category) VALUES ('702-4-86-318079-1','Biography');
INSERT INTO Book_Categories(ISBN,Category) VALUES ('290-4-82-432212-9','Science Fiction');
INSERT INTO Book_Categories(ISBN,Category) VALUES ('243-7-50-118062-6','Biography');
INSERT INTO Book_Categories(ISBN,Category) VALUES ('718-7-98-746866-9','Fantasy');
INSERT INTO Book_Categories(ISBN,Category) VALUES ('513-3-46-763594-1','History');
INSERT INTO Book_Categories(ISBN,Category) VALUES ('483-0-30-711951-3','Biography');
INSERT INTO Book_Categories(ISBN,Category) VALUES ('500-0-09-116232-0','Biography');
INSERT INTO Book_Categories(ISBN,Category) VALUES ('740-3-87-256824-0','Biography');
INSERT INTO Book_Categories(ISBN,Category) VALUES ('338-0-21-088543-4','Romance');
INSERT INTO Book_Categories(ISBN,Category) VALUES ('762-7-98-425366-1','Romance');
INSERT INTO Book_Categories(ISBN,Category) VALUES ('603-2-66-326220-7','Thriller');
INSERT INTO Book_Categories(ISBN,Category) VALUES ('211-0-91-213786-2','Thriller');
INSERT INTO Book_Categories(ISBN,Category) VALUES ('961-2-62-796055-9','Thriller');
INSERT INTO Book_Categories(ISBN,Category) VALUES ('623-2-38-141042-1','Biography');
INSERT INTO Book_Categories(ISBN,Category) VALUES ('975-6-05-090042-3','Fantasy');
INSERT INTO Book_Categories(ISBN,Category) VALUES ('559-9-39-149169-7','Fiction');
INSERT INTO Book_Categories(ISBN,Category) VALUES ('333-2-44-250408-7','Mystery');
INSERT INTO Book_Categories(ISBN,Category) VALUES ('947-1-92-482924-5','Fantasy');
INSERT INTO Book_Categories(ISBN,Category) VALUES ('139-8-32-930192-0','Self-help');
INSERT INTO Book_Categories(ISBN,Category) VALUES ('399-3-75-067277-1','Science Fiction');
INSERT INTO Book_Categories(ISBN,Category) VALUES ('371-2-19-499085-6','Fantasy');
INSERT INTO Book_Categories(ISBN,Category) VALUES ('442-3-57-395668-9','Fantasy');
INSERT INTO Book_Categories(ISBN,Category) VALUES ('103-5-45-279011-2','Romance');
INSERT INTO Book_Categories(ISBN,Category) VALUES ('162-3-39-680863-3','Fiction');
INSERT INTO Book_Categories(ISBN,Category) VALUES ('141-6-70-849018-0','Thriller');
INSERT INTO Book_Categories(ISBN,Category) VALUES ('528-5-74-324917-0','Fantasy');
INSERT INTO Book_Categories(ISBN,Category) VALUES ('924-5-21-886110-7','Science Fiction');
INSERT INTO Book_Categories(ISBN,Category) VALUES ('152-5-35-659795-1','Fantasy');
INSERT INTO Book_Categories(ISBN,Category) VALUES ('210-0-16-179014-5','Thriller');
INSERT INTO Book_Categories(ISBN,Category) VALUES ('256-9-28-972482-9','Biography');
INSERT INTO Book_Categories(ISBN,Category) VALUES ('162-1-51-170649-6','Biography');
INSERT INTO Book_Categories(ISBN,Category) VALUES ('279-6-30-991692-4','Non-fiction');
INSERT INTO Book_Categories(ISBN,Category) VALUES ('044-0-91-370024-6','Self-help');
INSERT INTO Book_Categories(ISBN,Category) VALUES ('006-2-86-883174-1','History');
INSERT INTO Book_Categories(ISBN,Category) VALUES ('464-4-72-881955-0','Self-help');
INSERT INTO Book_Categories(ISBN,Category) VALUES ('016-8-24-198807-7','History');
INSERT INTO Book_Categories(ISBN,Category) VALUES ('456-2-10-733478-2','Non-fiction');
INSERT INTO Book_Categories(ISBN,Category) VALUES ('498-1-96-946489-0','Biography');
INSERT INTO Book_Categories(ISBN,Category) VALUES ('082-7-99-496229-8','Non-fiction');
INSERT INTO Book_Categories(ISBN,Category) VALUES ('052-1-20-181723-6','Fantasy');
INSERT INTO Book_Categories(ISBN,Category) VALUES ('281-9-72-786276-3','Mystery');
INSERT INTO Book_Categories(ISBN,Category) VALUES ('118-0-58-368944-9','Romance');
INSERT INTO Book_Categories(ISBN,Category) VALUES ('836-1-03-392630-7','Thriller');
INSERT INTO Book_Categories(ISBN,Category) VALUES ('881-1-00-044861-7','Mystery');
INSERT INTO Book_Categories(ISBN,Category) VALUES ('406-9-94-619206-7','History');
INSERT INTO Book_Categories(ISBN,Category) VALUES ('925-7-81-401860-0','Romance');
INSERT INTO Book_Categories(ISBN,Category) VALUES ('957-6-51-378167-7','Romance');
INSERT INTO Book_Categories(ISBN,Category) VALUES ('387-7-95-622831-0','Thriller');
INSERT INTO Book_Categories(ISBN,Category) VALUES ('102-8-08-407290-2','Biography');
INSERT INTO Book_Categories(ISBN,Category) VALUES ('874-0-37-884562-6','Biography');
INSERT INTO Book_Categories(ISBN,Category) VALUES ('458-8-03-769010-6','Fiction');
INSERT INTO Book_Categories(ISBN,Category) VALUES ('339-1-87-212650-2','Science Fiction');
INSERT INTO Book_Categories(ISBN,Category) VALUES ('958-7-87-347754-6','Mystery');
INSERT INTO Book_Categories(ISBN,Category) VALUES ('989-9-65-135837-7','Fantasy');
INSERT INTO Book_Categories(ISBN,Category) VALUES ('842-4-99-053673-1','Non-fiction');
INSERT INTO Book_Categories(ISBN,Category) VALUES ('164-1-25-189312-6','Mystery');
INSERT INTO Book_Categories(ISBN,Category) VALUES ('859-0-56-282551-8','Romance');
INSERT INTO Book_Categories(ISBN,Category) VALUES ('687-3-10-510552-7','Romance');
INSERT INTO Book_Categories(ISBN,Category) VALUES ('819-0-86-477062-2','Fiction');
INSERT INTO Book_Categories(ISBN,Category) VALUES ('733-8-71-386473-9','Non-fiction');
INSERT INTO Book_Categories(ISBN,Category) VALUES ('762-4-94-024145-2','Romance');
INSERT INTO Book_Categories(ISBN,Category) VALUES ('366-9-84-853353-9','History');
INSERT INTO Book_Categories(ISBN,Category) VALUES ('385-1-42-633235-2','Science Fiction');
INSERT INTO Book_Categories(ISBN,Category) VALUES ('815-1-14-903394-5','Romance');
INSERT INTO Book_Categories(ISBN,Category) VALUES ('344-8-09-231760-4','Biography');
INSERT INTO Book_Categories(ISBN,Category) VALUES ('691-7-38-242155-3','Fiction');
INSERT INTO Book_Categories(ISBN,Category) VALUES ('366-9-55-152469-7','Mystery');
INSERT INTO Book_Categories(ISBN,Category) VALUES ('515-8-51-873096-8','Fantasy');
INSERT INTO Book_Categories(ISBN,Category) VALUES ('138-5-75-641881-5','Fiction');
INSERT INTO Book_Categories(ISBN,Category) VALUES ('488-1-33-030640-6','History');
INSERT INTO Book_Categories(ISBN,Category) VALUES ('882-0-13-752859-0','Self-help');
INSERT INTO Book_Categories(ISBN,Category) VALUES ('882-7-80-814552-8','Non-fiction');
INSERT INTO Book_Categories(ISBN,Category) VALUES ('314-6-64-492006-8','Science Fiction');
INSERT INTO Book_Categories(ISBN,Category) VALUES ('468-4-92-576778-1','Biography');
INSERT INTO Book_Authors(Firstname,Lastname,ISBN) VALUES ('Harper','Miller','954-2-59-405051-2');
INSERT INTO Book_Authors(Firstname,Lastname,ISBN) VALUES ('Olivia','Davis','917-5-70-329450-8');
INSERT INTO Book_Authors(Firstname,Lastname,ISBN) VALUES ('Noah','Jackson','653-5-97-297428-9');
INSERT INTO Book_Authors(Firstname,Lastname,ISBN) VALUES ('Alexander','Thomas','787-1-66-252945-1');
INSERT INTO Book_Authors(Firstname,Lastname,ISBN) VALUES ('Henry','Brown','108-0-17-623983-3');
INSERT INTO Book_Authors(Firstname,Lastname,ISBN) VALUES ('Alexander','Garcia','787-1-74-668241-0');
INSERT INTO Book_Authors(Firstname,Lastname,ISBN) VALUES ('Ava','Brown','794-1-68-810795-5');
INSERT INTO Book_Authors(Firstname,Lastname,ISBN) VALUES ('Emma','Anderson','451-8-22-643653-4');
INSERT INTO Book_Authors(Firstname,Lastname,ISBN) VALUES ('Elijah','Martinez','287-8-37-560818-3');
INSERT INTO Book_Authors(Firstname,Lastname,ISBN) VALUES ('Evelyn','Harris','716-3-28-207211-3');
INSERT INTO Book_Authors(Firstname,Lastname,ISBN) VALUES ('James','White','559-0-98-816545-9');
INSERT INTO Book_Authors(Firstname,Lastname,ISBN) VALUES ('Ava','Hernandez','473-3-04-771321-3');
INSERT INTO Book_Authors(Firstname,Lastname,ISBN) VALUES ('Amelia','Jackson','919-0-94-927204-9');
INSERT INTO Book_Authors(Firstname,Lastname,ISBN) VALUES ('William','Thomas','400-8-43-381920-9');
INSERT INTO Book_Authors(Firstname,Lastname,ISBN) VALUES ('Ava','Johnson','048-5-65-554548-5');
INSERT INTO Book_Authors(Firstname,Lastname,ISBN) VALUES ('Mia','Miller','658-2-42-142685-7');
INSERT INTO Book_Authors(Firstname,Lastname,ISBN) VALUES ('Evelyn','Smith','734-2-48-095119-0');
INSERT INTO Book_Authors(Firstname,Lastname,ISBN) VALUES ('Alexander','Moore','853-0-62-116658-5');
INSERT INTO Book_Authors(Firstname,Lastname,ISBN) VALUES ('Elijah','White','128-3-59-534705-0');
INSERT INTO Book_Authors(Firstname,Lastname,ISBN) VALUES ('Luna','Johnson','740-1-79-629188-6');
INSERT INTO Book_Authors(Firstname,Lastname,ISBN) VALUES ('Harper','Rodriguez','725-1-29-623300-6');
INSERT INTO Book_Authors(Firstname,Lastname,ISBN) VALUES ('Ava','Taylor','072-7-44-648604-8');
INSERT INTO Book_Authors(Firstname,Lastname,ISBN) VALUES ('Harper','Williams','144-6-23-725539-4');
INSERT INTO Book_Authors(Firstname,Lastname,ISBN) VALUES ('Harper','Moore','584-3-81-093786-7');
INSERT INTO Book_Authors(Firstname,Lastname,ISBN) VALUES ('Amelia','Harris','986-1-24-199981-8');
INSERT INTO Book_Authors(Firstname,Lastname,ISBN) VALUES ('Mia','Walker','795-3-52-499631-5');
INSERT INTO Book_Authors(Firstname,Lastname,ISBN) VALUES ('Ava','Anderson','702-4-86-318079-1');
INSERT INTO Book_Authors(Firstname,Lastname,ISBN) VALUES ('Benjamin','Smith','290-4-82-432212-9');
INSERT INTO Book_Authors(Firstname,Lastname,ISBN) VALUES ('Isabella','Miller','243-7-50-118062-6');
INSERT INTO Book_Authors(Firstname,Lastname,ISBN) VALUES ('Amelia','Davis','718-7-98-746866-9');
INSERT INTO Book_Authors(Firstname,Lastname,ISBN) VALUES ('Isabella','Williams','513-3-46-763594-1');
INSERT INTO Book_Authors(Firstname,Lastname,ISBN) VALUES ('Henry','Moore','483-0-30-711951-3');
INSERT INTO Book_Authors(Firstname,Lastname,ISBN) VALUES ('Emma','Harris','500-0-09-116232-0');
INSERT INTO Book_Authors(Firstname,Lastname,ISBN) VALUES ('Benjamin','Taylor','740-3-87-256824-0');
INSERT INTO Book_Authors(Firstname,Lastname,ISBN) VALUES ('Mia','Rodriguez','338-0-21-088543-4');
INSERT INTO Book_Authors(Firstname,Lastname,ISBN) VALUES ('Isabella','Anderson','762-7-98-425366-1');
INSERT INTO Book_Authors(Firstname,Lastname,ISBN) VALUES ('Isabella','Garcia','603-2-66-326220-7');
INSERT INTO Book_Authors(Firstname,Lastname,ISBN) VALUES ('Benjamin','Jones','211-0-91-213786-2');
INSERT INTO Book_Authors(Firstname,Lastname,ISBN) VALUES ('Charlotte','Jackson','961-2-62-796055-9');
INSERT INTO Book_Authors(Firstname,Lastname,ISBN) VALUES ('Emma','Brown','623-2-38-141042-1');
INSERT INTO Book_Authors(Firstname,Lastname,ISBN) VALUES ('Emma','Martinez','975-6-05-090042-3');
INSERT INTO Book_Authors(Firstname,Lastname,ISBN) VALUES ('Sophia','Williams','559-9-39-149169-7');
INSERT INTO Book_Authors(Firstname,Lastname,ISBN) VALUES ('Henry','Jackson','333-2-44-250408-7');
INSERT INTO Book_Authors(Firstname,Lastname,ISBN) VALUES ('Olivia','Smith','947-1-92-482924-5');
INSERT INTO Book_Authors(Firstname,Lastname,ISBN) VALUES ('Alexander','Smith','139-8-32-930192-0');
INSERT INTO Book_Authors(Firstname,Lastname,ISBN) VALUES ('Sophia','Miller','399-3-75-067277-1');
INSERT INTO Book_Authors(Firstname,Lastname,ISBN) VALUES ('Noah','Garcia','371-2-19-499085-6');
INSERT INTO Book_Authors(Firstname,Lastname,ISBN) VALUES ('Noah','Smith','442-3-57-395668-9');
INSERT INTO Book_Authors(Firstname,Lastname,ISBN) VALUES ('Ava','Harris','103-5-45-279011-2');
INSERT INTO Book_Authors(Firstname,Lastname,ISBN) VALUES ('Olivia','Jones','162-3-39-680863-3');
INSERT INTO Book_Authors(Firstname,Lastname,ISBN) VALUES ('Luna','Walker','141-6-70-849018-0');
INSERT INTO Book_Authors(Firstname,Lastname,ISBN) VALUES ('Mia','White','528-5-74-324917-0');
INSERT INTO Book_Authors(Firstname,Lastname,ISBN) VALUES ('James','Brown','924-5-21-886110-7');
INSERT INTO Book_Authors(Firstname,Lastname,ISBN) VALUES ('Emma','Taylor','152-5-35-659795-1');
INSERT INTO Book_Authors(Firstname,Lastname,ISBN) VALUES ('James','Thomas','210-0-16-179014-5');
INSERT INTO Book_Authors(Firstname,Lastname,ISBN) VALUES ('Mia','Hernandez','256-9-28-972482-9');
INSERT INTO Book_Authors(Firstname,Lastname,ISBN) VALUES ('Lucas','Jackson','162-1-51-170649-6');
INSERT INTO Book_Authors(Firstname,Lastname,ISBN) VALUES ('Lucas','Anderson','279-6-30-991692-4');
INSERT INTO Book_Authors(Firstname,Lastname,ISBN) VALUES ('Noah','White','044-0-91-370024-6');
INSERT INTO Book_Authors(Firstname,Lastname,ISBN) VALUES ('Benjamin','Rodriguez','006-2-86-883174-1');
INSERT INTO Book_Authors(Firstname,Lastname,ISBN) VALUES ('Amelia','Smith','464-4-72-881955-0');
INSERT INTO Book_Authors(Firstname,Lastname,ISBN) VALUES ('Olivia','Harris','016-8-24-198807-7');
INSERT INTO Book_Authors(Firstname,Lastname,ISBN) VALUES ('Olivia','Miller','456-2-10-733478-2');
INSERT INTO Book_Authors(Firstname,Lastname,ISBN) VALUES ('Benjamin','Hernandez','498-1-96-946489-0');
INSERT INTO Book_Authors(Firstname,Lastname,ISBN) VALUES ('James','Moore','082-7-99-496229-8');
INSERT INTO Book_Authors(Firstname,Lastname,ISBN) VALUES ('Luna','Smith','052-1-20-181723-6');
INSERT INTO Book_Authors(Firstname,Lastname,ISBN) VALUES ('Isabella','Moore','281-9-72-786276-3');
INSERT INTO Book_Authors(Firstname,Lastname,ISBN) VALUES ('Lucas','Garcia','118-0-58-368944-9');
INSERT INTO Book_Authors(Firstname,Lastname,ISBN) VALUES ('Charlotte','Jackson','836-1-03-392630-7');
INSERT INTO Book_Authors(Firstname,Lastname,ISBN) VALUES ('Harper','Martinez','881-1-00-044861-7');
INSERT INTO Book_Authors(Firstname,Lastname,ISBN) VALUES ('Henry','Jackson','406-9-94-619206-7');
INSERT INTO Book_Authors(Firstname,Lastname,ISBN) VALUES ('Olivia','White','925-7-81-401860-0');
INSERT INTO Book_Authors(Firstname,Lastname,ISBN) VALUES ('Elijah','Rodriguez','957-6-51-378167-7');
INSERT INTO Book_Authors(Firstname,Lastname,ISBN) VALUES ('Noah','Miller','387-7-95-622831-0');
INSERT INTO Book_Authors(Firstname,Lastname,ISBN) VALUES ('Isabella','Thomas','102-8-08-407290-2');
INSERT INTO Book_Authors(Firstname,Lastname,ISBN) VALUES ('James','Johnson','874-0-37-884562-6');
INSERT INTO Book_Authors(Firstname,Lastname,ISBN) VALUES ('Liam','Smith','458-8-03-769010-6');
INSERT INTO Book_Authors(Firstname,Lastname,ISBN) VALUES ('Henry','Williams','339-1-87-212650-2');
INSERT INTO Book_Authors(Firstname,Lastname,ISBN) VALUES ('Mia','Walker','958-7-87-347754-6');
INSERT INTO Book_Authors(Firstname,Lastname,ISBN) VALUES ('Olivia','Davis','989-9-65-135837-7');
INSERT INTO Book_Authors(Firstname,Lastname,ISBN) VALUES ('Mia','Smith','842-4-99-053673-1');
INSERT INTO Book_Authors(Firstname,Lastname,ISBN) VALUES ('Lucas','Thomas','164-1-25-189312-6');
INSERT INTO Book_Authors(Firstname,Lastname,ISBN) VALUES ('Amelia','Thomas','859-0-56-282551-8');
INSERT INTO Book_Authors(Firstname,Lastname,ISBN) VALUES ('Sophia','Jones','687-3-10-510552-7');
INSERT INTO Book_Authors(Firstname,Lastname,ISBN) VALUES ('Alexander','Clark','819-0-86-477062-2');
INSERT INTO Book_Authors(Firstname,Lastname,ISBN) VALUES ('Amelia','Williams','733-8-71-386473-9');
INSERT INTO Book_Authors(Firstname,Lastname,ISBN) VALUES ('Amelia','Davis','762-4-94-024145-2');
INSERT INTO Book_Authors(Firstname,Lastname,ISBN) VALUES ('Charlotte','Davis','366-9-84-853353-9');
INSERT INTO Book_Authors(Firstname,Lastname,ISBN) VALUES ('Lucas','Rodriguez','385-1-42-633235-2');
INSERT INTO Book_Authors(Firstname,Lastname,ISBN) VALUES ('Mia','Martinez','815-1-14-903394-5');
INSERT INTO Book_Authors(Firstname,Lastname,ISBN) VALUES ('Lucas','Garcia','344-8-09-231760-4');
INSERT INTO Book_Authors(Firstname,Lastname,ISBN) VALUES ('Luna','Johnson','691-7-38-242155-3');
INSERT INTO Book_Authors(Firstname,Lastname,ISBN) VALUES ('Alexander','Clark','366-9-55-152469-7');
INSERT INTO Book_Authors(Firstname,Lastname,ISBN) VALUES ('Alexander','Garcia','515-8-51-873096-8');
INSERT INTO Book_Authors(Firstname,Lastname,ISBN) VALUES ('Isabella','Smith','138-5-75-641881-5');
INSERT INTO Book_Authors(Firstname,Lastname,ISBN) VALUES ('Olivia','Jackson','488-1-33-030640-6');
INSERT INTO Book_Authors(Firstname,Lastname,ISBN) VALUES ('Noah','Harris','882-0-13-752859-0');
INSERT INTO Book_Authors(Firstname,Lastname,ISBN) VALUES ('James','Garcia','882-7-80-814552-8');
INSERT INTO Book_Authors(Firstname,Lastname,ISBN) VALUES ('Noah','Jackson','314-6-64-492006-8');
INSERT INTO Book_Authors(Firstname,Lastname,ISBN) VALUES ('Ava','Anderson','468-4-92-576778-1');

-- Book_System_Live Tables

INSERT INTO Book_System_Live(Book_System_Live_id,School_Library_id,ISBN,User_id,Admin_id,Late_Days,Rent_Active) VALUES ('BSL-53465','SC-31388','961-2-62-796055-9','USR-77743','ADM-97755','0','1');
INSERT INTO Book_System_Live(Book_System_Live_id,School_Library_id,ISBN,User_id,Admin_id,Late_Days,Rent_Active) VALUES ('BSL-81539','SC-31388','733-8-71-386473-9','USR-38963','ADM-04870','0','1');
INSERT INTO Book_System_Live(Book_System_Live_id,School_Library_id,ISBN,User_id,Admin_id,Late_Days,Rent_Active) VALUES ('BSL-16482','SC-53885','141-6-70-849018-0','USR-00317','ADM-35637','0','0');
INSERT INTO Book_System_Live(Book_System_Live_id,School_Library_id,ISBN,User_id,Admin_id,Late_Days,Rent_Active) VALUES ('BSL-19186','SC-58259','044-0-91-370024-6','USR-79011','ADM-35637','0','1');
INSERT INTO Book_System_Live(Book_System_Live_id,School_Library_id,ISBN,User_id,Admin_id,Late_Days,Rent_Active) VALUES ('BSL-67112','SC-31388','279-6-30-991692-4','USR-87508','ADM-97755','0','1');
INSERT INTO Book_System_Live(Book_System_Live_id,School_Library_id,ISBN,User_id,Admin_id,Late_Days,Rent_Active) VALUES ('BSL-09037','SC-31388','954-2-59-405051-2','USR-91282','ADM-35637','0','1');
INSERT INTO Book_System_Live(Book_System_Live_id,School_Library_id,ISBN,User_id,Admin_id,Late_Days,Rent_Active) VALUES ('BSL-28754','SC-58052','691-7-38-242155-3','USR-63077','ADM-28211','0','1');
INSERT INTO Book_System_Live(Book_System_Live_id,School_Library_id,ISBN,User_id,Admin_id,Late_Days,Rent_Active) VALUES ('BSL-94633','SC-31388','385-1-42-633235-2','USR-32572','ADM-97755','0','1');
INSERT INTO Book_System_Live(Book_System_Live_id,School_Library_id,ISBN,User_id,Admin_id,Late_Days,Rent_Active) VALUES ('BSL-15434','SC-58259','162-1-51-170649-6','USR-87508','ADM-35637','0','1');
INSERT INTO Book_System_Live(Book_System_Live_id,School_Library_id,ISBN,User_id,Admin_id,Late_Days,Rent_Active) VALUES ('BSL-48657','SC-31388','044-0-91-370024-6','USR-91282','ADM-04870','0','1');
INSERT INTO Book_System_Live(Book_System_Live_id,School_Library_id,ISBN,User_id,Admin_id,Late_Days,Rent_Active) VALUES ('BSL-27879','SC-58259','256-9-28-972482-9','USR-62019','ADM-04870','0','0');
INSERT INTO Book_System_Live(Book_System_Live_id,School_Library_id,ISBN,User_id,Admin_id,Late_Days,Rent_Active) VALUES ('BSL-07679','SC-58052','366-9-84-853353-9','USR-28770','ADM-97755','0','1');
INSERT INTO Book_System_Live(Book_System_Live_id,School_Library_id,ISBN,User_id,Admin_id,Late_Days,Rent_Active) VALUES ('BSL-33646','SC-58052','919-0-94-927204-9','USR-62891','ADM-04870','0','0');
INSERT INTO Book_System_Live(Book_System_Live_id,School_Library_id,ISBN,User_id,Admin_id,Late_Days,Rent_Active) VALUES ('BSL-06717','SC-31388','795-3-52-499631-5','USR-32494','ADM-04870','0','0');
INSERT INTO Book_System_Live(Book_System_Live_id,School_Library_id,ISBN,User_id,Admin_id,Late_Days,Rent_Active) VALUES ('BSL-10556','SC-31388','366-9-84-853353-9','USR-97558','ADM-97755','0','0');
INSERT INTO Book_System_Live(Book_System_Live_id,School_Library_id,ISBN,User_id,Admin_id,Late_Days,Rent_Active) VALUES ('BSL-56182','SC-58052','279-6-30-991692-4','USR-65392','ADM-04870','0','1');
INSERT INTO Book_System_Live(Book_System_Live_id,School_Library_id,ISBN,User_id,Admin_id,Late_Days,Rent_Active) VALUES ('BSL-11087','SC-58259','164-1-25-189312-6','USR-83832','ADM-97755','0','1');
INSERT INTO Book_System_Live(Book_System_Live_id,School_Library_id,ISBN,User_id,Admin_id,Late_Days,Rent_Active) VALUES ('BSL-36374','SC-58052','400-8-43-381920-9','USR-46400','ADM-28211','0','1');
INSERT INTO Book_System_Live(Book_System_Live_id,School_Library_id,ISBN,User_id,Admin_id,Late_Days,Rent_Active) VALUES ('BSL-29831','SC-58052','795-3-52-499631-5','USR-38963','ADM-28211','0','0');
INSERT INTO Book_System_Live(Book_System_Live_id,School_Library_id,ISBN,User_id,Admin_id,Late_Days,Rent_Active) VALUES ('BSL-57675','SC-31388','653-5-97-297428-9','USR-98006','ADM-28211','0','0');
INSERT INTO Book_System_Live(Book_System_Live_id,School_Library_id,ISBN,User_id,Admin_id,Late_Days,Rent_Active) VALUES ('BSL-40123','SC-53885','989-9-65-135837-7','USR-24198','ADM-04870','0','0');
INSERT INTO Book_System_Live(Book_System_Live_id,School_Library_id,ISBN,User_id,Admin_id,Late_Days,Rent_Active) VALUES ('BSL-75175','SC-53885','947-1-92-482924-5','USR-31305','ADM-35637','0','0');
INSERT INTO Book_System_Live(Book_System_Live_id,School_Library_id,ISBN,User_id,Admin_id,Late_Days,Rent_Active) VALUES ('BSL-21687','SC-58259','559-9-39-149169-7','USR-00317','ADM-97755','0','1');
INSERT INTO Book_System_Live(Book_System_Live_id,School_Library_id,ISBN,User_id,Admin_id,Late_Days,Rent_Active) VALUES ('BSL-77056','SC-31388','989-9-65-135837-7','USR-16363','ADM-35637','0','0');
INSERT INTO Book_System_Live(Book_System_Live_id,School_Library_id,ISBN,User_id,Admin_id,Late_Days,Rent_Active) VALUES ('BSL-08220','SC-58259','653-5-97-297428-9','USR-62891','ADM-97755','0','1');
INSERT INTO Book_System_Live(Book_System_Live_id,School_Library_id,ISBN,User_id,Admin_id,Late_Days,Rent_Active) VALUES ('BSL-75220','SC-31388','925-7-81-401860-0','USR-75613','ADM-04870','0','1');
INSERT INTO Book_System_Live(Book_System_Live_id,School_Library_id,ISBN,User_id,Admin_id,Late_Days,Rent_Active) VALUES ('BSL-72162','SC-53885','103-5-45-279011-2','USR-46400','ADM-04870','0','0');
INSERT INTO Book_System_Live(Book_System_Live_id,School_Library_id,ISBN,User_id,Admin_id,Late_Days,Rent_Active) VALUES ('BSL-68566','SC-58052','473-3-04-771321-3','USR-04494','ADM-97755','0','0');
INSERT INTO Book_System_Live(Book_System_Live_id,School_Library_id,ISBN,User_id,Admin_id,Late_Days,Rent_Active) VALUES ('BSL-05742','SC-53885','603-2-66-326220-7','USR-63077','ADM-97755','0','1');
INSERT INTO Book_System_Live(Book_System_Live_id,School_Library_id,ISBN,User_id,Admin_id,Late_Days,Rent_Active) VALUES ('BSL-24396','SC-31388','366-9-84-853353-9','USR-24983','ADM-28211','0','0');
INSERT INTO Book_System_Live(Book_System_Live_id,School_Library_id,ISBN,User_id,Admin_id,Late_Days,Rent_Active) VALUES ('BSL-33128','SC-31388','483-0-30-711951-3','USR-98006','ADM-97755','0','1');
INSERT INTO Book_System_Live(Book_System_Live_id,School_Library_id,ISBN,User_id,Admin_id,Late_Days,Rent_Active) VALUES ('BSL-08392','SC-58259','725-1-29-623300-6','USR-28770','ADM-28211','0','0');
INSERT INTO Book_System_Live(Book_System_Live_id,School_Library_id,ISBN,User_id,Admin_id,Late_Days,Rent_Active) VALUES ('BSL-82970','SC-53885','513-3-46-763594-1','USR-65392','ADM-28211','0','1');
INSERT INTO Book_System_Live(Book_System_Live_id,School_Library_id,ISBN,User_id,Admin_id,Late_Days,Rent_Active) VALUES ('BSL-02336','SC-58052','603-2-66-326220-7','USR-77743','ADM-97755','0','0');
INSERT INTO Book_System_Live(Book_System_Live_id,School_Library_id,ISBN,User_id,Admin_id,Late_Days,Rent_Active) VALUES ('BSL-28713','SC-58259','623-2-38-141042-1','USR-24198','ADM-35637','0','1');
INSERT INTO Book_System_Live(Book_System_Live_id,School_Library_id,ISBN,User_id,Admin_id,Late_Days,Rent_Active) VALUES ('BSL-23261','SC-58259','725-1-29-623300-6','USR-92395','ADM-35637','0','1');
INSERT INTO Book_System_Live(Book_System_Live_id,School_Library_id,ISBN,User_id,Admin_id,Late_Days,Rent_Active) VALUES ('BSL-17142','SC-58052','702-4-86-318079-1','USR-28811','ADM-28211','0','1');
INSERT INTO Book_System_Live(Book_System_Live_id,School_Library_id,ISBN,User_id,Admin_id,Late_Days,Rent_Active) VALUES ('BSL-36792','SC-31388','287-8-37-560818-3','USR-92395','ADM-04870','0','1');
INSERT INTO Book_System_Live(Book_System_Live_id,School_Library_id,ISBN,User_id,Admin_id,Late_Days,Rent_Active) VALUES ('BSL-98606','SC-31388','623-2-38-141042-1','USR-34240','ADM-35637','0','1');
INSERT INTO Book_System_Live(Book_System_Live_id,School_Library_id,ISBN,User_id,Admin_id,Late_Days,Rent_Active) VALUES ('BSL-91519','SC-31388','718-7-98-746866-9','USR-75225','ADM-28211','0','0');
INSERT INTO Book_System_Live(Book_System_Live_id,School_Library_id,ISBN,User_id,Admin_id,Late_Days,Rent_Active) VALUES ('BSL-16804','SC-58052','528-5-74-324917-0','USR-98006','ADM-04870','0','1');
INSERT INTO Book_System_Live(Book_System_Live_id,School_Library_id,ISBN,User_id,Admin_id,Late_Days,Rent_Active) VALUES ('BSL-31307','SC-53885','513-3-46-763594-1','USR-49560','ADM-28211','0','0');
INSERT INTO Book_System_Live(Book_System_Live_id,School_Library_id,ISBN,User_id,Admin_id,Late_Days,Rent_Active) VALUES ('BSL-32379','SC-58052','333-2-44-250408-7','USR-07162','ADM-28211','0','1');
INSERT INTO Book_System_Live(Book_System_Live_id,School_Library_id,ISBN,User_id,Admin_id,Late_Days,Rent_Active) VALUES ('BSL-54300','SC-53885','052-1-20-181723-6','USR-92395','ADM-35637','0','1');
INSERT INTO Book_System_Live(Book_System_Live_id,School_Library_id,ISBN,User_id,Admin_id,Late_Days,Rent_Active) VALUES ('BSL-24922','SC-53885','468-4-92-576778-1','USR-12498','ADM-35637','0','1');
INSERT INTO Book_System_Live(Book_System_Live_id,School_Library_id,ISBN,User_id,Admin_id,Late_Days,Rent_Active) VALUES ('BSL-88928','SC-58259','882-7-80-814552-8','USR-62019','ADM-35637','0','0');
INSERT INTO Book_System_Live(Book_System_Live_id,School_Library_id,ISBN,User_id,Admin_id,Late_Days,Rent_Active) VALUES ('BSL-22103','SC-31388','339-1-87-212650-2','USR-47076','ADM-35637','0','0');
INSERT INTO Book_System_Live(Book_System_Live_id,School_Library_id,ISBN,User_id,Admin_id,Late_Days,Rent_Active) VALUES ('BSL-79291','SC-31388','211-0-91-213786-2','USR-89430','ADM-97755','0','0');
INSERT INTO Book_System_Live(Book_System_Live_id,School_Library_id,ISBN,User_id,Admin_id,Late_Days,Rent_Active) VALUES ('BSL-50041','SC-31388','653-5-97-297428-9','USR-49814','ADM-04870','0','0');
INSERT INTO Book_System_Live(Book_System_Live_id,School_Library_id,ISBN,User_id,Admin_id,Late_Days,Rent_Active) VALUES ('BSL-59664','SC-31388','762-7-98-425366-1','USR-83832','ADM-35637','0','0');

-- Credentials Tables

INSERT INTO Credentials VALUES ('USR-31550','isabella_3537','mobgp-4528');
INSERT INTO Credentials VALUES ('USR-52682','evelyn_1160','mlhcw-6395');
INSERT INTO Credentials VALUES ('USR-65392','emma_2184','qeeth-2549');
INSERT INTO Credentials VALUES ('USR-75225','amelia_9795','mswhs-2668');
INSERT INTO Credentials VALUES ('USR-49814','benjamin_2022','rfwiq-5391');
INSERT INTO Credentials VALUES ('USR-83832','olivia_7189','fiozu-8403');
INSERT INTO Credentials VALUES ('USR-91282','emma_0129','vclqu-7505');
INSERT INTO Credentials VALUES ('USR-16363','mia_9525','fsklm-2268');
INSERT INTO Credentials VALUES ('USR-38963','sophia_6582','awkta-4486');
INSERT INTO Credentials VALUES ('USR-78713','alexander_2956','cugrw-7083');
INSERT INTO Credentials VALUES ('USR-63077','amelia_4592','nbgki-5737');
INSERT INTO Credentials VALUES ('USR-27062','lucas_0538','vxvbw-6167');
INSERT INTO Credentials VALUES ('USR-28770','mia_4007','riege-1342');
INSERT INTO Credentials VALUES ('USR-75613','benjamin_4501','cnhtk-8099');
INSERT INTO Credentials VALUES ('USR-24198','emma_0820','pkdgl-3734');
INSERT INTO Credentials VALUES ('USR-04494','emma_7054','pljcs-4900');
INSERT INTO Credentials VALUES ('USR-60115','charlotte_1628','fuxjg-8229');
INSERT INTO Credentials VALUES ('USR-79011','sophia_0605','mrhwl-3405');
INSERT INTO Credentials VALUES ('USR-49560','liam_1077','gtsyk-8029');
INSERT INTO Credentials VALUES ('USR-28811','amelia_2203','bcias-7127');
INSERT INTO Credentials VALUES ('USR-24983','alexander_5116','rqdvj-9963');
INSERT INTO Credentials VALUES ('USR-06698','lucas_7357','zjkkb-2897');
INSERT INTO Credentials VALUES ('USR-92395','amelia_5823','btrwh-0247');
INSERT INTO Credentials VALUES ('USR-62891','harper_2636','pbdjt-5926');
INSERT INTO Credentials VALUES ('USR-35462','amelia_0742','mjpkp-7128');
INSERT INTO Credentials VALUES ('USR-69515','mia_4621','ofmtm-0136');
INSERT INTO Credentials VALUES ('USR-47076','harper_0467','chexn-3431');
INSERT INTO Credentials VALUES ('USR-32494','sophia_3182','rzsje-0376');
INSERT INTO Credentials VALUES ('USR-87508','amelia_4495','vcosn-0300');
INSERT INTO Credentials VALUES ('USR-48488','benjamin_6573','idfhd-6235');
INSERT INTO Credentials VALUES ('USR-97558','james_9162','ltxfc-0910');
INSERT INTO Credentials VALUES ('USR-46400','ava_1858','jqptv-4056');
INSERT INTO Credentials VALUES ('USR-12498','elijah_6233','pdfed-4722');
INSERT INTO Credentials VALUES ('USR-00317','liam_0872','tggit-8999');
INSERT INTO Credentials VALUES ('USR-21402','evelyn_8950','qjfrq-1949');
INSERT INTO Credentials VALUES ('USR-31305','henry_5980','utlmw-5093');
INSERT INTO Credentials VALUES ('USR-32572','james_1330','ujhay-6342');
INSERT INTO Credentials VALUES ('USR-34240','amelia_5734','qpnrs-1123');
INSERT INTO Credentials VALUES ('USR-71046','benjamin_6309','qxmwk-8226');
INSERT INTO Credentials VALUES ('USR-55176','sophia_8621','mkbbw-6824');
INSERT INTO Credentials VALUES ('USR-62019','emma_2755','jvfiq-6197');
INSERT INTO Credentials VALUES ('USR-89430','elijah_9139','todcq-1088');
INSERT INTO Credentials VALUES ('USR-98006','noah_0238','bnehq-4233');
INSERT INTO Credentials VALUES ('USR-07162','olivia_9446','kwiwe-0839');
INSERT INTO Credentials VALUES ('USR-68966','elijah_7907','kzeny-5713');
INSERT INTO Credentials VALUES ('USR-55054','luna_1699','ireba-9062');
INSERT INTO Credentials VALUES ('USR-77743','alexander_0411','hclzf-4676');
INSERT INTO Credentials VALUES ('USR-92230','luna_7479','vdavv-0827');
INSERT INTO Credentials VALUES ('USR-27765','mia_2611','kdjej-5582');
INSERT INTO Credentials VALUES ('USR-85900','evelyn_2952','goafk-4771');

-- Reviews Table

INSERT INTO Reviews VALUES ('RV-27785','USR-31550','687-3-10-510552-7','3','some review for the book with isbn 687-3-10-510552-7','0');
INSERT INTO Reviews VALUES ('RV-11627','USR-31550','881-1-00-044861-7','2','some review for the book with isbn 881-1-00-044861-7','0');
INSERT INTO Reviews VALUES ('RV-95475','USR-52682','740-1-79-629188-6','2','some review for the book with isbn 740-1-79-629188-6','0');
INSERT INTO Reviews VALUES ('RV-70504','USR-32494','917-5-70-329450-8','3','some review for the book with isbn 917-5-70-329450-8','0');
INSERT INTO Reviews VALUES ('RV-44183','USR-92395','162-3-39-680863-3','4','some review for the book with isbn 162-3-39-680863-3','0');
INSERT INTO Reviews VALUES ('RV-04245','USR-63077','366-9-84-853353-9','2','some review for the book with isbn 366-9-84-853353-9','0');
INSERT INTO Reviews VALUES ('RV-48341','USR-04494','385-1-42-633235-2','0','some review for the book with isbn 385-1-42-633235-2','0');
INSERT INTO Reviews VALUES ('RV-18352','USR-91282','338-0-21-088543-4','5','some review for the book with isbn 338-0-21-088543-4','0');
INSERT INTO Reviews VALUES ('RV-35461','USR-46400','787-1-74-668241-0','1','some review for the book with isbn 787-1-74-668241-0','0');
INSERT INTO Reviews VALUES ('RV-46826','USR-60115','006-2-86-883174-1','5','some review for the book with isbn 006-2-86-883174-1','0');
INSERT INTO Reviews VALUES ('RV-91049','USR-46400','333-2-44-250408-7','1','some review for the book with isbn 333-2-44-250408-7','0');
INSERT INTO Reviews VALUES ('RV-35960','USR-92230','366-9-84-853353-9','4','some review for the book with isbn 366-9-84-853353-9','0');
INSERT INTO Reviews VALUES ('RV-01900','USR-16363','290-4-82-432212-9','2','some review for the book with isbn 290-4-82-432212-9','0');
INSERT INTO Reviews VALUES ('RV-36060','USR-71046','406-9-94-619206-7','5','some review for the book with isbn 406-9-94-619206-7','0');
INSERT INTO Reviews VALUES ('RV-49369','USR-31550','338-0-21-088543-4','2','some review for the book with isbn 338-0-21-088543-4','0');
INSERT INTO Reviews VALUES ('RV-66933','USR-34240','716-3-28-207211-3','0','some review for the book with isbn 716-3-28-207211-3','0');
INSERT INTO Reviews VALUES ('RV-67907','USR-49814','164-1-25-189312-6','4','some review for the book with isbn 164-1-25-189312-6','0');
INSERT INTO Reviews VALUES ('RV-46521','USR-55054','138-5-75-641881-5','5','some review for the book with isbn 138-5-75-641881-5','0');
INSERT INTO Reviews VALUES ('RV-16190','USR-71046','281-9-72-786276-3','5','some review for the book with isbn 281-9-72-786276-3','0');
INSERT INTO Reviews VALUES ('RV-54479','USR-21402','498-1-96-946489-0','5','some review for the book with isbn 498-1-96-946489-0','0');
INSERT INTO Reviews VALUES ('RV-25268','USR-85900','787-1-66-252945-1','3','some review for the book with isbn 787-1-66-252945-1','0');
INSERT INTO Reviews VALUES ('RV-16574','USR-55176','687-3-10-510552-7','1','some review for the book with isbn 687-3-10-510552-7','0');
INSERT INTO Reviews VALUES ('RV-30030','USR-79011','387-7-95-622831-0','5','some review for the book with isbn 387-7-95-622831-0','0');
INSERT INTO Reviews VALUES ('RV-90760','USR-71046','954-2-59-405051-2','1','some review for the book with isbn 954-2-59-405051-2','0');
INSERT INTO Reviews VALUES ('RV-43178','USR-00317','211-0-91-213786-2','4','some review for the book with isbn 211-0-91-213786-2','0');
INSERT INTO Reviews VALUES ('RV-75066','USR-63077','740-3-87-256824-0','1','some review for the book with isbn 740-3-87-256824-0','0');
INSERT INTO Reviews VALUES ('RV-55185','USR-21402','287-8-37-560818-3','2','some review for the book with isbn 287-8-37-560818-3','0');
INSERT INTO Reviews VALUES ('RV-57834','USR-32572','859-0-56-282551-8','2','some review for the book with isbn 859-0-56-282551-8','0');
INSERT INTO Reviews VALUES ('RV-16302','USR-79011','118-0-58-368944-9','4','some review for the book with isbn 118-0-58-368944-9','0');
INSERT INTO Reviews VALUES ('RV-50215','USR-77743','456-2-10-733478-2','4','some review for the book with isbn 456-2-10-733478-2','0');
INSERT INTO Reviews VALUES ('RV-87433','USR-89430','162-1-51-170649-6','2','some review for the book with isbn 162-1-51-170649-6','0');
INSERT INTO Reviews VALUES ('RV-00311','USR-48488','853-0-62-116658-5','3','some review for the book with isbn 853-0-62-116658-5','0');
INSERT INTO Reviews VALUES ('RV-77679','USR-24198','385-1-42-633235-2','4','some review for the book with isbn 385-1-42-633235-2','0');
INSERT INTO Reviews VALUES ('RV-04360','USR-34240','279-6-30-991692-4','0','some review for the book with isbn 279-6-30-991692-4','0');
INSERT INTO Reviews VALUES ('RV-60662','USR-49560','691-7-38-242155-3','1','some review for the book with isbn 691-7-38-242155-3','0');
INSERT INTO Reviews VALUES ('RV-74788','USR-62019','333-2-44-250408-7','0','some review for the book with isbn 333-2-44-250408-7','0');
INSERT INTO Reviews VALUES ('RV-41595','USR-55054','716-3-28-207211-3','5','some review for the book with isbn 716-3-28-207211-3','0');
INSERT INTO Reviews VALUES ('RV-99822','USR-77743','082-7-99-496229-8','3','some review for the book with isbn 082-7-99-496229-8','0');
INSERT INTO Reviews VALUES ('RV-74735','USR-55176','623-2-38-141042-1','1','some review for the book with isbn 623-2-38-141042-1','0');
INSERT INTO Reviews VALUES ('RV-54401','USR-04494','016-8-24-198807-7','4','some review for the book with isbn 016-8-24-198807-7','0');
INSERT INTO Reviews VALUES ('RV-33963','USR-24198','528-5-74-324917-0','5','some review for the book with isbn 528-5-74-324917-0','0');
INSERT INTO Reviews VALUES ('RV-53708','USR-87508','256-9-28-972482-9','3','some review for the book with isbn 256-9-28-972482-9','0');
INSERT INTO Reviews VALUES ('RV-83643','USR-78713','287-8-37-560818-3','5','some review for the book with isbn 287-8-37-560818-3','0');
INSERT INTO Reviews VALUES ('RV-85340','USR-63077','762-7-98-425366-1','0','some review for the book with isbn 762-7-98-425366-1','0');
INSERT INTO Reviews VALUES ('RV-69479','USR-47076','102-8-08-407290-2','2','some review for the book with isbn 102-8-08-407290-2','0');
INSERT INTO Reviews VALUES ('RV-30590','USR-55176','468-4-92-576778-1','2','some review for the book with isbn 468-4-92-576778-1','0');
INSERT INTO Reviews VALUES ('RV-77500','USR-55176','947-1-92-482924-5','3','some review for the book with isbn 947-1-92-482924-5','0');
INSERT INTO Reviews VALUES ('RV-05738','USR-47076','954-2-59-405051-2','4','some review for the book with isbn 954-2-59-405051-2','0');
INSERT INTO Reviews VALUES ('RV-33197','USR-65392','762-4-94-024145-2','4','some review for the book with isbn 762-4-94-024145-2','0');
INSERT INTO Reviews VALUES ('RV-08328','USR-83832','819-0-86-477062-2','0','some review for the book with isbn 819-0-86-477062-2','0');

-- Registration Table

INSERT INTO Registrations VALUES ('RG-04271','SC-31388','Amelia','Thomas','47','WN-41079','pending','student','ava_1346','ycttl_48342','amelia_thomas88@gmail.com');
INSERT INTO Registrations VALUES ('RG-97960','SC-31388','Emma','Harris','23','WN-71080','pending','student','ava_4967','zjkus_75387','emma_harris15@gmail.com');
INSERT INTO Registrations VALUES ('RG-39086','SC-58052','Henry','Jackson','44','WN-46781','pending','student','charlotte_4118','vgzbs_14794','henry_jackson81@gmail.com');
INSERT INTO Registrations VALUES ('RG-95195','SC-58052','Olivia','Garcia','54','WN-36630','pending','student','olivia_6579','ieekp_50512','olivia_garcia69@gmail.com');
INSERT INTO Registrations VALUES ('RG-80092','SC-58052','James','Garcia','44','WN-89826','pending','student','evelyn_3114','plujj_47204','james_garcia59@gmail.com');
INSERT INTO Registrations VALUES ('RG-76447','SC-31388','Evelyn','Martinez','33','WN-67360','pending','student','isabella_1883','ptjgd_03022','evelyn_martinez77@gmail.com');
INSERT INTO Registrations VALUES ('RG-11271','SC-53885','Elijah','Thomas','55','WN-41080','pending','student','lucas_0685','gtibf_40276','elijah_thomas31@gmail.com');
INSERT INTO Registrations VALUES ('RG-08970','SC-31388','Luna','Taylor','31','WN-59763','pending','student','james_0785','fgfzt_16828','luna_taylor83@gmail.com');
INSERT INTO Registrations VALUES ('RG-77186','SC-58259','Harper','Rodriguez','20','WN-49788','pending','student','charlotte_8860','dkyqj_67860','harper_rodriguez59@gmail.com');
INSERT INTO Registrations VALUES ('RG-02525','SC-53885','Charlotte','Harris','28','WN-20839','pending','student','william_3509','calnq_93981','charlotte_harris29@gmail.com');
INSERT INTO Registrations VALUES ('RG-74290','SC-58052','Mia','Moore','28','WN-04931','pending','student','elijah_4974','lhtxn_27502','mia_moore47@gmail.com');
INSERT INTO Registrations VALUES ('RG-45466','SC-53885','Henry','Anderson','32','WN-54760','pending','student','mia_1227','raihx_08619','henry_anderson14@gmail.com');
INSERT INTO Registrations VALUES ('RG-89033','SC-31388','James','Jones','29','WN-56609','pending','student','emma_6403','rtzqt_27312','james_jones63@gmail.com');
INSERT INTO Registrations VALUES ('RG-45673','SC-53885','Lucas','Hernandez','26','WN-39142','pending','student','william_6672','gszuk_20151','lucas_hernandez38@gmail.com');
INSERT INTO Registrations VALUES ('RG-42777','SC-58052','James','Jones','32','WN-34761','pending','student','henry_8455','tilqm_07242','james_jones41@gmail.com');
INSERT INTO Registrations VALUES ('RG-96011','SC-31388','James','Jackson','54','WN-69486','pending','student','ava_5922','iqeph_54058','james_jackson20@gmail.com');
INSERT INTO Registrations VALUES ('RG-88043','SC-58259','Mia','Moore','52','WN-34865','pending','student','lucas_0545','gzuvd_84515','mia_moore90@gmail.com');
INSERT INTO Registrations VALUES ('RG-99274','SC-31388','Mia','Garcia','25','WN-18599','pending','student','olivia_9794','nnnfd_23654','mia_garcia03@gmail.com');
INSERT INTO Registrations VALUES ('RG-56418','SC-58052','Evelyn','Davis','45','WN-70536','pending','student','liam_0771','pwolx_42468','evelyn_davis34@gmail.com');
INSERT INTO Registrations VALUES ('RG-36846','SC-31388','Olivia','Johnson','27','WN-97068','pending','student','lucas_0031','dtlti_39553','olivia_johnson29@gmail.com');
INSERT INTO Registrations VALUES ('RG-35843','SC-58052','Noah','Brown','53','WN-78484','pending','student','mia_2602','fghjd_63190','noah_brown98@gmail.com');
INSERT INTO Registrations VALUES ('RG-90395','SC-58259','Mia','Davis','55','WN-72565','pending','student','james_0694','vtrkw_35633','mia_davis22@gmail.com');
INSERT INTO Registrations VALUES ('RG-76921','SC-31388','Sophia','Martinez','34','WN-91754','pending','student','liam_4195','fnofx_20296','sophia_martinez83@gmail.com');
INSERT INTO Registrations VALUES ('RG-84343','SC-58259','Charlotte','Williams','45','WN-28627','pending','student','emma_1287','zfugo_56058','charlotte_williams89@gmail.com');
INSERT INTO Registrations VALUES ('RG-89870','SC-53885','Evelyn','Anderson','22','WN-44810','pending','student','henry_5479','okftl_58493','evelyn_anderson70@gmail.com');
INSERT INTO Registrations VALUES ('RG-57176','SC-58259','William','Taylor','35','WN-20320','pending','student','mia_9835','kqpmu_59530','william_taylor41@gmail.com');
INSERT INTO Registrations VALUES ('RG-63358','SC-53885','Mia','Thomas','50','WN-55327','pending','student','harper_5820','snrqr_30302','mia_thomas82@gmail.com');
INSERT INTO Registrations VALUES ('RG-58980','SC-58052','Henry','Johnson','54','WN-86083','pending','student','mia_0202','brsof_92803','henry_johnson07@gmail.com');
INSERT INTO Registrations VALUES ('RG-07619','SC-58052','Luna','Brown','52','WN-08226','pending','student','noah_4475','rrzba_42446','luna_brown41@gmail.com');
INSERT INTO Registrations VALUES ('RG-90587','SC-58259','Emma','Walker','23','WN-98207','pending','student','william_5903','srjog_66408','emma_walker74@gmail.com');
INSERT INTO Registrations VALUES ('RG-57669','SC-53885','William','Brown','39','WN-93491','pending','student','benjamin_9844','ptept_38698','william_brown52@gmail.com');
INSERT INTO Registrations VALUES ('RG-19118','SC-31388','Luna','Moore','55','WN-12243','pending','instructor','mia_1373','qgngz_35604','luna_moore80@gmail.com');
INSERT INTO Registrations VALUES ('RG-14918','SC-31388','Liam','Williams','30','WN-81042','pending','instructor','lucas_3663','xhtfl_87823','liam_williams35@gmail.com');
INSERT INTO Registrations VALUES ('RG-35469','SC-58259','Luna','Moore','22','WN-32079','pending','instructor','sophia_6706','fgorh_58565','luna_moore68@gmail.com');
INSERT INTO Registrations VALUES ('RG-00998','SC-58259','Benjamin','Taylor','44','WN-54932','pending','instructor','james_0916','nwggn_63594','benjamin_taylor65@gmail.com');
INSERT INTO Registrations VALUES ('RG-14664','SC-58259','Lucas','Johnson','55','WN-38551','pending','instructor','noah_2079','whupm_00864','lucas_johnson42@gmail.com');
INSERT INTO Registrations VALUES ('RG-14331','SC-53885','Evelyn','Harris','43','WN-74137','pending','instructor','benjamin_8736','uximv_84139','evelyn_harris69@gmail.com');
INSERT INTO Registrations VALUES ('RG-94451','SC-53885','Harper','Garcia','51','WN-58430','pending','instructor','noah_2041','csdda_26120','harper_garcia64@gmail.com');
INSERT INTO Registrations VALUES ('RG-21430','SC-31388','Evelyn','Walker','22','WN-80359','pending','instructor','william_5168','ykbct_73909','evelyn_walker13@gmail.com');
INSERT INTO Registrations VALUES ('RG-92529','SC-58052','Luna','Thomas','47','WN-18819','pending','instructor','harper_8675','rbphb_66119','luna_thomas92@gmail.com');
INSERT INTO Registrations VALUES ('RG-95619','SC-58052','Charlotte','Smith','26','WN-40238','pending','instructor','lucas_9686','rckts_06088','charlotte_smith63@gmail.com');
INSERT INTO Registrations VALUES ('RG-51410','SC-53885','James','Thomas','29','WN-16493','pending','instructor','benjamin_8841','pjlad_80575','james_thomas31@gmail.com');
INSERT INTO Registrations VALUES ('RG-97688','SC-53885','Ava','Hernandez','24','WN-83123','pending','instructor','noah_9827','hkxmz_69193','ava_hernandez61@gmail.com');
INSERT INTO Registrations VALUES ('RG-77833','SC-31388','Olivia','Moore','38','WN-67426','pending','instructor','noah_4877','tnxgl_78708','olivia_moore61@gmail.com');
INSERT INTO Registrations VALUES ('RG-43500','SC-53885','James','Miller','32','WN-16301','pending','instructor','liam_5056','mmwbw_45092','james_miller87@gmail.com');
INSERT INTO Registrations VALUES ('RG-75457','SC-31388','Mia','Moore','38','WN-39617','pending','instructor','lucas_8214','rnecv_87036','mia_moore57@gmail.com');
INSERT INTO Registrations VALUES ('RG-30049','SC-58052','Sophia','Williams','43','WN-14682','pending','instructor','liam_9992','bibqp_74910','sophia_williams37@gmail.com');
INSERT INTO Registrations VALUES ('RG-80832','SC-53885','James','Anderson','43','WN-04671','pending','instructor','olivia_9176','whajx_47467','james_anderson60@gmail.com');
INSERT INTO Registrations VALUES ('RG-44865','SC-31388','Lucas','Moore','27','WN-15969','pending','instructor','lucas_9887','paurw_79189','lucas_moore36@gmail.com');
INSERT INTO Registrations VALUES ('RG-28911','SC-53885','Sophia','Harris','27','WN-95902','pending','instructor','luna_0463','bbzxy_93838','sophia_harris96@gmail.com');

-- Reservation Table

INSERT INTO Reservations VALUES('RSV-35593','SC-58259','USR-38963','344-8-09-231760-4','2023-06-04','1');
INSERT INTO Reservations VALUES('RSV-72630','SC-53885','USR-12498','787-1-66-252945-1','2023-06-04','0');
INSERT INTO Reservations VALUES('RSV-16243','SC-58259','USR-75613','500-0-09-116232-0','2023-06-04','1');
INSERT INTO Reservations VALUES('RSV-17207','SC-58052','USR-83832','464-4-72-881955-0','2023-06-04','1');
INSERT INTO Reservations VALUES('RSV-86801','SC-31388','USR-06698','210-0-16-179014-5','2023-06-04','1');
INSERT INTO Reservations VALUES('RSV-40454','SC-58052','USR-35462','925-7-81-401860-0','2023-06-04','1');
INSERT INTO Reservations VALUES('RSV-86604','SC-31388','USR-62891','144-6-23-725539-4','2023-06-04','1');
INSERT INTO Reservations VALUES('RSV-12511','SC-53885','USR-28770','925-7-81-401860-0','2023-06-04','1');
INSERT INTO Reservations VALUES('RSV-86887','SC-58259','USR-48488','658-2-42-142685-7','2023-06-04','0');
INSERT INTO Reservations VALUES('RSV-19325','SC-58052','USR-31305','139-8-32-930192-0','2023-06-04','1');
INSERT INTO Reservations VALUES('RSV-46211','SC-31388','USR-24983','975-6-05-090042-3','2023-06-04','1');
INSERT INTO Reservations VALUES('RSV-92876','SC-58052','USR-07162','483-0-30-711951-3','2023-06-04','1');
INSERT INTO Reservations VALUES('RSV-89537','SC-58259','USR-46400','882-7-80-814552-8','2023-06-04','1');
INSERT INTO Reservations VALUES('RSV-61172','SC-31388','USR-28770','162-1-51-170649-6','2023-06-04','1');
INSERT INTO Reservations VALUES('RSV-32660','SC-53885','USR-31305','483-0-30-711951-3','2023-06-04','0');
INSERT INTO Reservations VALUES('RSV-41127','SC-53885','USR-24983','468-4-92-576778-1','2023-06-04','1');
INSERT INTO Reservations VALUES('RSV-89569','SC-58259','USR-89430','653-5-97-297428-9','2023-06-04','1');
INSERT INTO Reservations VALUES('RSV-74501','SC-58259','USR-71046','118-0-58-368944-9','2023-06-04','1');
INSERT INTO Reservations VALUES('RSV-44185','SC-58259','USR-63077','874-0-37-884562-6','2023-06-04','1');
INSERT INTO Reservations VALUES('RSV-64568','SC-58259','USR-62891','498-1-96-946489-0','2023-06-04','1');
INSERT INTO Reservations VALUES('RSV-54698','SC-31388','USR-49814','559-9-39-149169-7','2023-06-04','0');
INSERT INTO Reservations VALUES('RSV-02514','SC-58259','USR-32494','740-1-79-629188-6','2023-06-04','1');
INSERT INTO Reservations VALUES('RSV-48965','SC-58052','USR-00317','691-7-38-242155-3','2023-06-04','1');
INSERT INTO Reservations VALUES('RSV-18829','SC-53885','USR-89430','256-9-28-972482-9','2023-06-04','0');
INSERT INTO Reservations VALUES('RSV-08069','SC-31388','USR-28770','740-1-79-629188-6','2023-06-04','0');
INSERT INTO Reservations VALUES('RSV-22464','SC-58259','USR-49560','458-8-03-769010-6','2023-06-04','0');
INSERT INTO Reservations VALUES('RSV-05509','SC-58052','USR-47076','406-9-94-619206-7','2023-06-04','0');
INSERT INTO Reservations VALUES('RSV-51117','SC-58052','USR-31305','957-6-51-378167-7','2023-06-04','0');
INSERT INTO Reservations VALUES('RSV-15748','SC-31388','USR-75613','859-0-56-282551-8','2023-06-04','1');
INSERT INTO Reservations VALUES('RSV-36981','SC-58052','USR-28811','152-5-35-659795-1','2023-06-04','1');
INSERT INTO Reservations VALUES('RSV-36234','SC-58259','USR-89430','859-0-56-282551-8','2023-06-04','1');
INSERT INTO Reservations VALUES('RSV-66166','SC-58052','USR-47076','103-5-45-279011-2','2023-06-04','0');
INSERT INTO Reservations VALUES('RSV-11668','SC-58259','USR-71046','138-5-75-641881-5','2023-06-04','1');
INSERT INTO Reservations VALUES('RSV-21905','SC-31388','USR-78713','287-8-37-560818-3','2023-06-04','1');
INSERT INTO Reservations VALUES('RSV-71717','SC-53885','USR-47076','464-4-72-881955-0','2023-06-04','0');
INSERT INTO Reservations VALUES('RSV-28365','SC-58052','USR-55054','687-3-10-510552-7','2023-06-04','1');
INSERT INTO Reservations VALUES('RSV-57102','SC-53885','USR-47076','006-2-86-883174-1','2023-06-04','0');
INSERT INTO Reservations VALUES('RSV-49175','SC-53885','USR-91282','919-0-94-927204-9','2023-06-04','0');
INSERT INTO Reservations VALUES('RSV-04688','SC-58052','USR-27765','333-2-44-250408-7','2023-06-04','0');
INSERT INTO Reservations VALUES('RSV-43280','SC-58259','USR-00317','687-3-10-510552-7','2023-06-04','1');
