USE Library;

-- School Tables

INSERT INTO School_Library VALUES ('SC-16764','North School#3653','Madrid','Evan','Green','44645', '38', 'Apple St.');
INSERT INTO School_Library VALUES ('SC-17381','North School#1993','Athens','Kate','Brown','20657', '92', 'bond St.');
INSERT INTO School_Library VALUES ('SC-57165','North School#8987','Venice','Megan','Blue','14505', '81', 'Apple St.');
INSERT INTO School_Library VALUES ('SC-47828','South School#5329','Madrid','Megan','Black','20115', '97', 'bond St.');
INSERT INTO School_Phones VALUES ('210-3915314', 'SC-16764');
INSERT INTO School_Phones VALUES ('210-7724788', 'SC-17381');
INSERT INTO School_Phones VALUES ('210-8737700', 'SC-57165');
INSERT INTO School_Phones VALUES ('210-8711963', 'SC-47828');
INSERT INTO School_Library_Email VALUES ('North_School#3653@pubschool.com', 'SC-16764');
INSERT INTO School_Library_Email VALUES ('North_School#1993@pubschool.com', 'SC-17381');
INSERT INTO School_Library_Email VALUES ('North_School#8987@pubschool.com', 'SC-57165');
INSERT INTO School_Library_Email VALUES ('South_School#5329@pubschool.com', 'SC-47828');
INSERT INTO School_Library_Admins VALUES ('ADM-98075','SC-16764','Evan','Black','admin_gyroc','dngpl43892');
INSERT INTO School_Library_Admins VALUES ('ADM-81723','SC-17381','Megan','Green','admin_mpkye','qphkm10012');
INSERT INTO School_Library_Admins VALUES ('ADM-11989','SC-57165','Irene','Black','admin_vyzov','thjrr79408');
INSERT INTO School_Library_Admins VALUES ('ADM-76607','SC-47828','Irene','Orange','admin_iakcl','oicwg34101');

-- User Tables

INSERT INTO Users VALUES ('USR-49793','SC-17381','Ethan','Davis','38','student','2','13','1','WN-77975');
INSERT INTO Users VALUES ('USR-00209','SC-17381','Victoria','Young','49','student','2','15','1','WN-48698');
INSERT INTO Users VALUES ('USR-60766','SC-57165','Daniel','Phillips','43','student','2','14','1','WN-06580');
INSERT INTO Users VALUES ('USR-77619','SC-16764','Samuel','Anderson','34','student','2','42','1','WN-79054');
INSERT INTO Users VALUES ('USR-91235','SC-16764','Ava','Young','42','student','2','24','1','WN-45017');
INSERT INTO Users VALUES ('USR-76572','SC-16764','Sophia','Nelson','27','student','2','36','1','WN-34060');
INSERT INTO Users VALUES ('USR-86115','SC-57165','Lucas','Jackson','57','student','2','41','1','WN-94758');
INSERT INTO Users VALUES ('USR-28616','SC-17381','Henry','White','50','student','2','10','1','WN-62656');
INSERT INTO Users VALUES ('USR-04411','SC-16764','Jacob','Anderson','60','student','2','11','1','WN-36508');
INSERT INTO Users VALUES ('USR-18042','SC-17381','Elizabeth','Lewis','26','student','2','14','1','WN-31293');
INSERT INTO Users VALUES ('USR-11668','SC-47828','James','Garcia','57','student','2','47','1','WN-09346');
INSERT INTO Users VALUES ('USR-22289','SC-17381','Elizabeth','Lee','55','student','2','15','1','WN-65371');
INSERT INTO Users VALUES ('USR-17678','SC-47828','Joseph','Clark','44','student','2','47','1','WN-08393');
INSERT INTO Users VALUES ('USR-52451','SC-16764','Jacob','White','46','student','2','48','1','WN-34315');
INSERT INTO Users VALUES ('USR-73633','SC-57165','Harper','Carter','49','student','2','8','1','WN-88813');
INSERT INTO Users VALUES ('USR-06584','SC-16764','Harper','Scott','20','student','2','35','1','WN-64615');
INSERT INTO Users VALUES ('USR-12133','SC-16764','Luna','Smith','45','student','2','33','1','WN-29032');
INSERT INTO Users VALUES ('USR-05458','SC-47828','Sofia','Rodriguez','39','student','2','22','1','WN-07650');
INSERT INTO Users VALUES ('USR-11752','SC-17381','Samuel','Brown','22','student','2','18','1','WN-91331');
INSERT INTO Users VALUES ('USR-12973','SC-47828','Olivia','Johnson','20','student','2','24','1','WN-57490');
INSERT INTO Users VALUES ('USR-43251','SC-47828','Mia','Rodriguez','26','student','2','0','1','WN-51148');
INSERT INTO Users VALUES ('USR-66320','SC-57165','Daniel','Davis','53','student','2','36','1','WN-03355');
INSERT INTO Users VALUES ('USR-53144','SC-17381','Luna','Smith','46','student','2','18','1','WN-04841');
INSERT INTO Users VALUES ('USR-53857','SC-47828','Noah','Campbell','41','student','2','40','1','WN-43460');
INSERT INTO Users VALUES ('USR-50169','SC-17381','Natalie','Taylor','36','student','2','0','1','WN-46823');
INSERT INTO Users VALUES ('USR-86711','SC-57165','Liam','Jones','48','student','2','15','1','WN-07613');
INSERT INTO Users VALUES ('USR-50423','SC-17381','William','Parker','43','student','2','13','1','WN-85256');
INSERT INTO Users VALUES ('USR-80090','SC-57165','Samuel','Parker','40','student','2','38','1','WN-44738');
INSERT INTO Users VALUES ('USR-53369','SC-47828','Benjamin','Scott','41','student','2','39','1','WN-65620');
INSERT INTO Users VALUES ('USR-60757','SC-57165','Michael','Adams','26','student','2','50','1','WN-53172');
INSERT INTO Users VALUES ('USR-86940','SC-16764','Grace','Phillips','35','student','2','7','1','WN-71330');
INSERT INTO Users VALUES ('USR-28899','SC-17381','Ava','Harris','26','instructor','1','37','1','WN-27460');
INSERT INTO Users VALUES ('USR-18859','SC-17381','Victoria','Parker','37','instructor','1','48','1','WN-44749');
INSERT INTO Users VALUES ('USR-61556','SC-47828','Sophia','Smith','47','instructor','1','18','1','WN-88253');
INSERT INTO Users VALUES ('USR-45535','SC-57165','Luna','Baker','38','instructor','1','18','1','WN-59078');
INSERT INTO Users VALUES ('USR-97144','SC-16764','James','Martinez','57','instructor','1','12','1','WN-23822');
INSERT INTO Users VALUES ('USR-74504','SC-47828','Evelyn','Thomas','27','instructor','1','36','1','WN-34997');
INSERT INTO Users VALUES ('USR-17332','SC-57165','Victoria','Johnson','37','instructor','1','15','1','WN-06981');
INSERT INTO Users VALUES ('USR-57094','SC-57165','Olivia','Thomas','43','instructor','1','41','1','WN-02241');
INSERT INTO Users VALUES ('USR-62014','SC-16764','Elizabeth','Miller','28','instructor','1','12','1','WN-14766');
INSERT INTO Users VALUES ('USR-82930','SC-17381','Victoria','Moore','54','instructor','1','16','1','WN-27358');
INSERT INTO Users VALUES ('USR-01810','SC-47828','Natalie','King','24','instructor','1','22','1','WN-10836');
INSERT INTO Users VALUES ('USR-70118','SC-16764','Daniel','Wright','22','instructor','1','48','1','WN-90165');
INSERT INTO Users VALUES ('USR-85672','SC-47828','Victoria','Rodriguez','27','instructor','1','30','1','WN-64789');
INSERT INTO Users VALUES ('USR-90524','SC-16764','Emma','Rodriguez','46','instructor','1','19','1','WN-58873');
INSERT INTO Users VALUES ('USR-01146','SC-16764','David','Lopez','38','instructor','1','19','1','WN-87679');
INSERT INTO Users VALUES ('USR-03061','SC-47828','Matthew','Lee','39','instructor','1','50','1','WN-96358');
INSERT INTO Users VALUES ('USR-95365','SC-16764','Alexander','Parker','38','instructor','1','1','1','WN-19252');
INSERT INTO Users VALUES ('USR-30474','SC-16764','James','Roberts','49','instructor','1','11','1','WN-11403');
INSERT INTO Users VALUES ('USR-13278','SC-17381','Isabella','Wright','47','instructor','1','32','1','WN-74990');
INSERT INTO Users_Email VALUES ('Ethan_Davis17@gmail.com','USR-49793');
INSERT INTO Users_Email VALUES ('Victoria_Young93@gmail.com','USR-00209');
INSERT INTO Users_Email VALUES ('Daniel_Phillips60@gmail.com','USR-60766');
INSERT INTO Users_Email VALUES ('Samuel_Anderson91@gmail.com','USR-77619');
INSERT INTO Users_Email VALUES ('Ava_Young00@gmail.com','USR-91235');
INSERT INTO Users_Email VALUES ('Sophia_Nelson86@gmail.com','USR-76572');
INSERT INTO Users_Email VALUES ('Lucas_Jackson33@gmail.com','USR-86115');
INSERT INTO Users_Email VALUES ('Henry_White37@gmail.com','USR-28616');
INSERT INTO Users_Email VALUES ('Jacob_Anderson08@gmail.com','USR-04411');
INSERT INTO Users_Email VALUES ('Elizabeth_Lewis01@gmail.com','USR-18042');
INSERT INTO Users_Email VALUES ('James_Garcia27@gmail.com','USR-11668');
INSERT INTO Users_Email VALUES ('Elizabeth_Lee60@gmail.com','USR-22289');
INSERT INTO Users_Email VALUES ('Joseph_Clark14@gmail.com','USR-17678');
INSERT INTO Users_Email VALUES ('Jacob_White75@gmail.com','USR-52451');
INSERT INTO Users_Email VALUES ('Harper_Carter12@gmail.com','USR-73633');
INSERT INTO Users_Email VALUES ('Harper_Scott28@gmail.com','USR-06584');
INSERT INTO Users_Email VALUES ('Luna_Smith14@gmail.com','USR-12133');
INSERT INTO Users_Email VALUES ('Sofia_Rodriguez13@gmail.com','USR-05458');
INSERT INTO Users_Email VALUES ('Samuel_Brown52@gmail.com','USR-11752');
INSERT INTO Users_Email VALUES ('Olivia_Johnson81@gmail.com','USR-12973');
INSERT INTO Users_Email VALUES ('Mia_Rodriguez31@gmail.com','USR-43251');
INSERT INTO Users_Email VALUES ('Daniel_Davis29@gmail.com','USR-66320');
INSERT INTO Users_Email VALUES ('Luna_Smith37@gmail.com','USR-53144');
INSERT INTO Users_Email VALUES ('Noah_Campbell65@gmail.com','USR-53857');
INSERT INTO Users_Email VALUES ('Natalie_Taylor15@gmail.com','USR-50169');
INSERT INTO Users_Email VALUES ('Liam_Jones27@gmail.com','USR-86711');
INSERT INTO Users_Email VALUES ('William_Parker65@gmail.com','USR-50423');
INSERT INTO Users_Email VALUES ('Samuel_Parker08@gmail.com','USR-80090');
INSERT INTO Users_Email VALUES ('Benjamin_Scott61@gmail.com','USR-53369');
INSERT INTO Users_Email VALUES ('Michael_Adams07@gmail.com','USR-60757');
INSERT INTO Users_Email VALUES ('Grace_Phillips00@gmail.com','USR-86940');
INSERT INTO Users_Email VALUES ('Ava_Harris79@gmail.com','USR-28899');
INSERT INTO Users_Email VALUES ('Victoria_Parker07@gmail.com','USR-18859');
INSERT INTO Users_Email VALUES ('Sophia_Smith42@gmail.com','USR-61556');
INSERT INTO Users_Email VALUES ('Luna_Baker55@gmail.com','USR-45535');
INSERT INTO Users_Email VALUES ('James_Martinez09@gmail.com','USR-97144');
INSERT INTO Users_Email VALUES ('Evelyn_Thomas22@gmail.com','USR-74504');
INSERT INTO Users_Email VALUES ('Victoria_Johnson18@gmail.com','USR-17332');
INSERT INTO Users_Email VALUES ('Olivia_Thomas28@gmail.com','USR-57094');
INSERT INTO Users_Email VALUES ('Elizabeth_Miller73@gmail.com','USR-62014');
INSERT INTO Users_Email VALUES ('Victoria_Moore76@gmail.com','USR-82930');
INSERT INTO Users_Email VALUES ('Natalie_King20@gmail.com','USR-01810');
INSERT INTO Users_Email VALUES ('Daniel_Wright64@gmail.com','USR-70118');
INSERT INTO Users_Email VALUES ('Victoria_Rodriguez26@gmail.com','USR-85672');
INSERT INTO Users_Email VALUES ('Emma_Rodriguez27@gmail.com','USR-90524');
INSERT INTO Users_Email VALUES ('David_Lopez08@gmail.com','USR-01146');
INSERT INTO Users_Email VALUES ('Matthew_Lee68@gmail.com','USR-03061');
INSERT INTO Users_Email VALUES ('Alexander_Parker37@gmail.com','USR-95365');
INSERT INTO Users_Email VALUES ('James_Roberts08@gmail.com','USR-30474');
INSERT INTO Users_Email VALUES ('Isabella_Wright65@gmail.com','USR-13278');

-- Book Tables

INSERT INTO Books VALUES ('217-4-48-995915-5','SC-57165','Celestial Reflection','Green Editios','580','Sample summary for Celestial Reflection With Regards Green Editios','84');
INSERT INTO Books VALUES ('071-4-50-818152-4','SC-57165','Evolve Nebula','Green Editios','119','Sample summary for Evolve Nebula With Regards Green Editios','14');
INSERT INTO Books VALUES ('549-4-97-766770-6','SC-47828','Tranquil Utopia','Green Editios','154','Sample summary for Tranquil Utopia With Regards Green Editios','88');
INSERT INTO Books VALUES ('015-3-34-755054-5','SC-47828','Uplift Evolve','Green Editios','397','Sample summary for Uplift Evolve With Regards Green Editios','30');
INSERT INTO Books VALUES ('791-6-34-133175-6','SC-16764','Phoenix Essence','Black Editions','146','Sample summary for Phoenix Essence With Regards Black Editions','4');
INSERT INTO Books VALUES ('131-1-07-054842-6','SC-16764','Awakening Reverence','Black Editions','937','Sample summary for Awakening Reverence With Regards Black Editions','94');
INSERT INTO Books VALUES ('456-9-20-199300-4','SC-47828','Luminous Whirlwind','Grey Editions','503','Sample summary for Luminous Whirlwind With Regards Grey Editions','39');
INSERT INTO Books VALUES ('283-4-37-757439-9','SC-57165','Enigma Enthrall','Green Editios','282','Sample summary for Enigma Enthrall With Regards Green Editios','36');
INSERT INTO Books VALUES ('554-3-62-622806-1','SC-16764','Odyssey Awe-inspiring','Grey Editions','889','Sample summary for Odyssey Awe-inspiring With Regards Grey Editions','44');
INSERT INTO Books VALUES ('566-1-23-359836-9','SC-57165','Wanderlust Spectrum','Black Editions','827','Sample summary for Wanderlust Spectrum With Regards Black Editions','83');
INSERT INTO Books VALUES ('668-2-53-741531-8','SC-16764','Ethereal Enigma','Orange Editions','759','Sample summary for Ethereal Enigma With Regards Orange Editions','13');
INSERT INTO Books VALUES ('582-6-60-208271-6','SC-47828','Celestial Envelop','Grey Editions','900','Sample summary for Celestial Envelop With Regards Grey Editions','84');
INSERT INTO Books VALUES ('168-2-55-754851-7','SC-17381','Nebula Nebula','Orange Editions','83','Sample summary for Nebula Nebula With Regards Orange Editions','63');
INSERT INTO Books VALUES ('358-8-30-954422-6','SC-17381','Essence Serene','Black Editions','629','Sample summary for Essence Serene With Regards Black Editions','59');
INSERT INTO Books VALUES ('121-3-40-739006-7','SC-47828','Abyss Stellar','Orange Editions','61','Sample summary for Abyss Stellar With Regards Orange Editions','1');
INSERT INTO Books VALUES ('248-9-23-652055-3','SC-47828','Enchanted Ecstasy','Grey Editions','283','Sample summary for Enchanted Ecstasy With Regards Grey Editions','88');
INSERT INTO Books VALUES ('925-1-43-561562-8','SC-47828','Solitude Luminous','Grey Editions','52','Sample summary for Solitude Luminous With Regards Grey Editions','88');
INSERT INTO Books VALUES ('701-2-20-071309-5','SC-17381','Infinite Ethereal','Black Editions','303','Sample summary for Infinite Ethereal With Regards Black Editions','84');
INSERT INTO Books VALUES ('261-5-95-054031-1','SC-16764','Enchant Catalyst','Black Editions','44','Sample summary for Enchant Catalyst With Regards Black Editions','30');
INSERT INTO Books VALUES ('930-7-97-436966-0','SC-16764','Nebula Whirlwind','Orange Editions','653','Sample summary for Nebula Whirlwind With Regards Orange Editions','82');
INSERT INTO Books VALUES ('139-5-57-293192-5','SC-57165','Nebula Reflection','Grey Editions','15','Sample summary for Nebula Reflection With Regards Grey Editions','89');
INSERT INTO Books VALUES ('996-1-16-782442-7','SC-57165','Whirlwind Luminous','Black Editions','190','Sample summary for Whirlwind Luminous With Regards Black Editions','5');
INSERT INTO Books VALUES ('902-1-77-390435-0','SC-47828','Essence Tranquil','Grey Editions','738','Sample summary for Essence Tranquil With Regards Grey Editions','17');
INSERT INTO Books VALUES ('731-6-09-167500-3','SC-17381','Uplift Odyssey','Black Editions','373','Sample summary for Uplift Odyssey With Regards Black Editions','26');
INSERT INTO Books VALUES ('592-5-81-081943-8','SC-17381','Luminescence Enigma','Black Editions','18','Sample summary for Luminescence Enigma With Regards Black Editions','1');
INSERT INTO Books VALUES ('359-2-54-508531-5','SC-17381','Odyssey Amplitude','Grey Editions','328','Sample summary for Odyssey Amplitude With Regards Grey Editions','75');
INSERT INTO Books VALUES ('528-8-93-813899-8','SC-16764','Serendipity Euphoria','Grey Editions','861','Sample summary for Serendipity Euphoria With Regards Grey Editions','63');
INSERT INTO Books VALUES ('180-1-34-744584-5','SC-47828','Whimsical Tranquil','Orange Editions','326','Sample summary for Whimsical Tranquil With Regards Orange Editions','100');
INSERT INTO Books VALUES ('291-8-47-527735-0','SC-47828','Harmonious Enchant','Black Editions','679','Sample summary for Harmonious Enchant With Regards Black Editions','22');
INSERT INTO Books VALUES ('102-9-36-501972-2','SC-17381','Melancholy Radiant','Grey Editions','71','Sample summary for Melancholy Radiant With Regards Grey Editions','91');
INSERT INTO Books VALUES ('027-8-65-565847-0','SC-16764','Odyssey Whisper','Orange Editions','622','Sample summary for Odyssey Whisper With Regards Orange Editions','8');
INSERT INTO Books VALUES ('871-6-35-664720-5','SC-47828','Envelop Serene','Orange Editions','925','Sample summary for Envelop Serene With Regards Orange Editions','32');
INSERT INTO Books VALUES ('251-7-28-328858-3','SC-57165','Enigmatic Reverence','Black Editions','478','Sample summary for Enigmatic Reverence With Regards Black Editions','5');
INSERT INTO Books VALUES ('375-3-78-179191-3','SC-57165','Catalyst Radiant','Orange Editions','721','Sample summary for Catalyst Radiant With Regards Orange Editions','32');
INSERT INTO Books VALUES ('852-0-21-520442-6','SC-16764','Enigmatic Ecstasy','Green Editios','211','Sample summary for Enigmatic Ecstasy With Regards Green Editios','25');
INSERT INTO Books VALUES ('201-2-41-674547-7','SC-47828','Resonance Captivate','Green Editios','568','Sample summary for Resonance Captivate With Regards Green Editios','2');
INSERT INTO Books VALUES ('569-1-50-292539-1','SC-17381','Spectrum Symmetry','Orange Editions','250','Sample summary for Spectrum Symmetry With Regards Orange Editions','85');
INSERT INTO Books VALUES ('695-6-75-230401-6','SC-57165','Solitude Enigma','Grey Editions','844','Sample summary for Solitude Enigma With Regards Grey Editions','12');
INSERT INTO Books VALUES ('400-8-76-426518-5','SC-57165','Ethereal Amplitude','Orange Editions','868','Sample summary for Ethereal Amplitude With Regards Orange Editions','47');
INSERT INTO Books VALUES ('757-9-01-492106-1','SC-57165','Quest Vortex','Green Editios','434','Sample summary for Quest Vortex With Regards Green Editios','12');
INSERT INTO Books VALUES ('388-0-52-117392-5','SC-17381','Wanderlust Twilight','Orange Editions','610','Sample summary for Wanderlust Twilight With Regards Orange Editions','100');
INSERT INTO Books VALUES ('308-9-71-462831-2','SC-47828','Enchanted Enigmatic','Green Editios','686','Sample summary for Enchanted Enigmatic With Regards Green Editios','57');
INSERT INTO Books VALUES ('680-1-23-625688-8','SC-47828','Spectrum Dreamweaver','Green Editios','200','Sample summary for Spectrum Dreamweaver With Regards Green Editios','77');
INSERT INTO Books VALUES ('895-1-68-432431-8','SC-47828','Cosmos Reverence','Black Editions','433','Sample summary for Cosmos Reverence With Regards Black Editions','94');
INSERT INTO Books VALUES ('464-6-34-086347-7','SC-16764','Illumination Luminescence','Black Editions','486','Sample summary for Illumination Luminescence With Regards Black Editions','12');
INSERT INTO Books VALUES ('045-5-81-421066-3','SC-16764','Illumination Radiant','Black Editions','838','Sample summary for Illumination Radiant With Regards Black Editions','58');
INSERT INTO Books VALUES ('646-9-86-115053-9','SC-17381','Echoes Unveiled','Orange Editions','878','Sample summary for Echoes Unveiled With Regards Orange Editions','24');
INSERT INTO Books VALUES ('945-0-14-431060-4','SC-57165','Wanderlust Enigmatic','Orange Editions','24','Sample summary for Wanderlust Enigmatic With Regards Orange Editions','5');
INSERT INTO Books VALUES ('802-5-35-851156-2','SC-47828','Harmonious Whirlwind','Orange Editions','818','Sample summary for Harmonious Whirlwind With Regards Orange Editions','72');
INSERT INTO Books VALUES ('429-8-09-075666-1','SC-17381','Echoes Reverie','Orange Editions','4','Sample summary for Echoes Reverie With Regards Orange Editions','57');
INSERT INTO Books VALUES ('759-0-73-613931-6','SC-16764','Spectrum Dreamweaver','Black Editions','412','Sample summary for Spectrum Dreamweaver With Regards Black Editions','52');
INSERT INTO Books VALUES ('551-7-00-560047-0','SC-57165','Ecstasy Enchanted','Black Editions','614','Sample summary for Ecstasy Enchanted With Regards Black Editions','74');
INSERT INTO Books VALUES ('871-1-01-179488-5','SC-16764','Mirage Wanderer','Black Editions','884','Sample summary for Mirage Wanderer With Regards Black Editions','12');
INSERT INTO Books VALUES ('796-7-59-688803-0','SC-57165','Enigma Harmony','Black Editions','309','Sample summary for Enigma Harmony With Regards Black Editions','51');
INSERT INTO Books VALUES ('880-3-53-538675-3','SC-17381','Reverence Whisper','Green Editios','926','Sample summary for Reverence Whisper With Regards Green Editios','85');
INSERT INTO Books VALUES ('307-7-74-797878-9','SC-16764','Dreamweaver Cascade','Grey Editions','778','Sample summary for Dreamweaver Cascade With Regards Grey Editions','9');
INSERT INTO Books VALUES ('210-2-43-653241-2','SC-57165','Mirage Tranquil','Grey Editions','136','Sample summary for Mirage Tranquil With Regards Grey Editions','61');
INSERT INTO Books VALUES ('324-6-50-456053-0','SC-16764','Enchanted Spellbound','Orange Editions','99','Sample summary for Enchanted Spellbound With Regards Orange Editions','13');
INSERT INTO Books VALUES ('731-5-20-005846-8','SC-16764','Symmetry Enigma','Orange Editions','111','Sample summary for Symmetry Enigma With Regards Orange Editions','24');
INSERT INTO Books VALUES ('812-3-63-464051-9','SC-57165','Ascend Serene','Green Editios','793','Sample summary for Ascend Serene With Regards Green Editios','40');
INSERT INTO Books VALUES ('592-0-65-700707-9','SC-16764','Envelop Transcend','Grey Editions','226','Sample summary for Envelop Transcend With Regards Grey Editions','38');
INSERT INTO Books VALUES ('323-6-71-730186-8','SC-47828','Cosmos Luminous','Grey Editions','468','Sample summary for Cosmos Luminous With Regards Grey Editions','90');
INSERT INTO Books VALUES ('102-7-57-322471-2','SC-16764','Enchanting Euphoria','Green Editios','112','Sample summary for Enchanting Euphoria With Regards Green Editios','36');
INSERT INTO Books VALUES ('130-0-54-697975-3','SC-57165','Dreamweaver Reflection','Black Editions','369','Sample summary for Dreamweaver Reflection With Regards Black Editions','83');
INSERT INTO Books VALUES ('161-1-33-716854-2','SC-57165','Abyss Reflection','Green Editios','501','Sample summary for Abyss Reflection With Regards Green Editios','62');
INSERT INTO Books VALUES ('347-4-15-278155-6','SC-16764','Luminescence Solitude','Black Editions','921','Sample summary for Luminescence Solitude With Regards Black Editions','39');
INSERT INTO Books VALUES ('316-9-87-422865-2','SC-47828','Tranquil Reverence','Grey Editions','426','Sample summary for Tranquil Reverence With Regards Grey Editions','81');
INSERT INTO Books VALUES ('289-3-22-914154-2','SC-57165','Illumination Ascend','Orange Editions','751','Sample summary for Illumination Ascend With Regards Orange Editions','3');
INSERT INTO Books VALUES ('747-4-06-611114-9','SC-17381','Awe-inspiring Illumination','Green Editios','495','Sample summary for Awe-inspiring Illumination With Regards Green Editios','81');
INSERT INTO Books VALUES ('618-9-86-620922-6','SC-57165','Euphoria Twilight','Green Editios','763','Sample summary for Euphoria Twilight With Regards Green Editios','10');
INSERT INTO Books VALUES ('838-4-05-335309-1','SC-17381','Radiant Cosmos','Grey Editions','980','Sample summary for Radiant Cosmos With Regards Grey Editions','93');
INSERT INTO Books VALUES ('614-6-99-268307-1','SC-16764','Luminescence Solitude','Black Editions','967','Sample summary for Luminescence Solitude With Regards Black Editions','76');
INSERT INTO Books VALUES ('302-3-08-456375-9','SC-16764','Whirlwind Dreamweaver','Orange Editions','110','Sample summary for Whirlwind Dreamweaver With Regards Orange Editions','56');
INSERT INTO Books VALUES ('085-5-20-368339-5','SC-47828','Resonance Harmonious','Green Editios','57','Sample summary for Resonance Harmonious With Regards Green Editios','79');
INSERT INTO Books VALUES ('822-4-20-731162-2','SC-47828','Abyss Enigma','Orange Editions','314','Sample summary for Abyss Enigma With Regards Orange Editions','3');
INSERT INTO Books VALUES ('185-2-51-631905-8','SC-57165','Amplitude Spectrum','Black Editions','187','Sample summary for Amplitude Spectrum With Regards Black Editions','35');
INSERT INTO Books VALUES ('618-5-54-852839-4','SC-17381','Symmetry Essence','Green Editios','966','Sample summary for Symmetry Essence With Regards Green Editios','53');
INSERT INTO Books VALUES ('783-9-23-502432-2','SC-16764','Enigma Utopia','Green Editios','771','Sample summary for Enigma Utopia With Regards Green Editios','37');
INSERT INTO Books VALUES ('966-3-51-025223-7','SC-17381','Harmony Essence','Orange Editions','464','Sample summary for Harmony Essence With Regards Orange Editions','7');
INSERT INTO Books VALUES ('831-8-09-457402-6','SC-16764','Melancholy Solitude','Green Editios','50','Sample summary for Melancholy Solitude With Regards Green Editios','38');
INSERT INTO Books VALUES ('587-8-56-836812-9','SC-17381','Ethereal Luminous','Black Editions','463','Sample summary for Ethereal Luminous With Regards Black Editions','30');
INSERT INTO Books VALUES ('360-2-81-579386-3','SC-57165','Serendipity Enthrall','Black Editions','379','Sample summary for Serendipity Enthrall With Regards Black Editions','47');
INSERT INTO Books VALUES ('995-1-71-050998-5','SC-57165','Enigmatic Whimsical','Grey Editions','459','Sample summary for Enigmatic Whimsical With Regards Grey Editions','19');
INSERT INTO Books VALUES ('597-6-32-442721-6','SC-17381','Enigma Odyssey','Orange Editions','582','Sample summary for Enigma Odyssey With Regards Orange Editions','67');
INSERT INTO Books VALUES ('457-4-56-405928-4','SC-57165','Mirage Cascade','Orange Editions','187','Sample summary for Mirage Cascade With Regards Orange Editions','83');
INSERT INTO Books VALUES ('847-4-13-131127-0','SC-47828','Spectrum Enigmatic','Grey Editions','229','Sample summary for Spectrum Enigmatic With Regards Grey Editions','22');
INSERT INTO Books VALUES ('769-3-66-728396-8','SC-57165','Enchanting Twilight','Orange Editions','725','Sample summary for Enchanting Twilight With Regards Orange Editions','92');
INSERT INTO Books VALUES ('395-9-08-168653-9','SC-47828','Nebula Utopia','Green Editios','346','Sample summary for Nebula Utopia With Regards Green Editios','11');
INSERT INTO Books VALUES ('345-1-51-064332-0','SC-16764','Tranquil Enchant','Green Editios','881','Sample summary for Tranquil Enchant With Regards Green Editios','9');
INSERT INTO Books VALUES ('172-0-89-318442-1','SC-17381','Wanderer Cosmos','Green Editios','772','Sample summary for Wanderer Cosmos With Regards Green Editios','26');
INSERT INTO Books VALUES ('113-3-96-237422-6','SC-17381','Harmony Luminous','Black Editions','360','Sample summary for Harmony Luminous With Regards Black Editions','11');
INSERT INTO Books VALUES ('572-2-13-814015-2','SC-16764','Enigma Enchanted','Orange Editions','525','Sample summary for Enigma Enchanted With Regards Orange Editions','5');
INSERT INTO Books VALUES ('470-2-02-376410-6','SC-57165','Harmony Ecstasy','Grey Editions','734','Sample summary for Harmony Ecstasy With Regards Grey Editions','36');
INSERT INTO Books VALUES ('910-0-50-823450-0','SC-16764','Melancholy Enthrall','Grey Editions','834','Sample summary for Melancholy Enthrall With Regards Grey Editions','61');
INSERT INTO Books VALUES ('968-9-96-266660-6','SC-57165','Reverie Enthrall','Green Editios','140','Sample summary for Reverie Enthrall With Regards Green Editios','65');
INSERT INTO Books VALUES ('508-8-53-455563-7','SC-47828','Harmonious Luminescence','Grey Editions','676','Sample summary for Harmonious Luminescence With Regards Grey Editions','38');
INSERT INTO Books VALUES ('501-6-95-053735-9','SC-17381','Awe-inspiring Uplift','Green Editios','611','Sample summary for Awe-inspiring Uplift With Regards Green Editios','5');
INSERT INTO Books VALUES ('975-8-72-058742-5','SC-17381','Luminescence Symmetry','Grey Editions','326','Sample summary for Luminescence Symmetry With Regards Grey Editions','98');
INSERT INTO Books VALUES ('368-9-05-688062-0','SC-17381','Abyss Ecstasy','Grey Editions','442','Sample summary for Abyss Ecstasy With Regards Grey Editions','15');
INSERT INTO Books VALUES ('034-3-81-654923-2','SC-17381','Enchanting Captivate','Green Editios','543','Sample summary for Enchanting Captivate With Regards Green Editios','62');
INSERT INTO Book_Categories(ISBN,Category) VALUES ('217-4-48-995915-5','Non-fiction');
INSERT INTO Book_Categories(ISBN,Category) VALUES ('071-4-50-818152-4','History');
INSERT INTO Book_Categories(ISBN,Category) VALUES ('549-4-97-766770-6','History');
INSERT INTO Book_Categories(ISBN,Category) VALUES ('015-3-34-755054-5','Fiction');
INSERT INTO Book_Categories(ISBN,Category) VALUES ('791-6-34-133175-6','Romance');
INSERT INTO Book_Categories(ISBN,Category) VALUES ('131-1-07-054842-6','Fantasy');
INSERT INTO Book_Categories(ISBN,Category) VALUES ('456-9-20-199300-4','Self-help');
INSERT INTO Book_Categories(ISBN,Category) VALUES ('283-4-37-757439-9','Thriller');
INSERT INTO Book_Categories(ISBN,Category) VALUES ('554-3-62-622806-1','Fantasy');
INSERT INTO Book_Categories(ISBN,Category) VALUES ('566-1-23-359836-9','Thriller');
INSERT INTO Book_Categories(ISBN,Category) VALUES ('668-2-53-741531-8','Self-help');
INSERT INTO Book_Categories(ISBN,Category) VALUES ('582-6-60-208271-6','Science Fiction');
INSERT INTO Book_Categories(ISBN,Category) VALUES ('168-2-55-754851-7','Self-help');
INSERT INTO Book_Categories(ISBN,Category) VALUES ('358-8-30-954422-6','Romance');
INSERT INTO Book_Categories(ISBN,Category) VALUES ('121-3-40-739006-7','Non-fiction');
INSERT INTO Book_Categories(ISBN,Category) VALUES ('248-9-23-652055-3','History');
INSERT INTO Book_Categories(ISBN,Category) VALUES ('925-1-43-561562-8','Thriller');
INSERT INTO Book_Categories(ISBN,Category) VALUES ('701-2-20-071309-5','Mystery');
INSERT INTO Book_Categories(ISBN,Category) VALUES ('261-5-95-054031-1','Fantasy');
INSERT INTO Book_Categories(ISBN,Category) VALUES ('930-7-97-436966-0','Romance');
INSERT INTO Book_Categories(ISBN,Category) VALUES ('139-5-57-293192-5','Fiction');
INSERT INTO Book_Categories(ISBN,Category) VALUES ('996-1-16-782442-7','Fantasy');
INSERT INTO Book_Categories(ISBN,Category) VALUES ('902-1-77-390435-0','Fiction');
INSERT INTO Book_Categories(ISBN,Category) VALUES ('731-6-09-167500-3','Mystery');
INSERT INTO Book_Categories(ISBN,Category) VALUES ('592-5-81-081943-8','Biography');
INSERT INTO Book_Categories(ISBN,Category) VALUES ('359-2-54-508531-5','Thriller');
INSERT INTO Book_Categories(ISBN,Category) VALUES ('528-8-93-813899-8','Romance');
INSERT INTO Book_Categories(ISBN,Category) VALUES ('180-1-34-744584-5','Biography');
INSERT INTO Book_Categories(ISBN,Category) VALUES ('291-8-47-527735-0','Fiction');
INSERT INTO Book_Categories(ISBN,Category) VALUES ('102-9-36-501972-2','History');
INSERT INTO Book_Categories(ISBN,Category) VALUES ('027-8-65-565847-0','Non-fiction');
INSERT INTO Book_Categories(ISBN,Category) VALUES ('871-6-35-664720-5','Science Fiction');
INSERT INTO Book_Categories(ISBN,Category) VALUES ('251-7-28-328858-3','Fiction');
INSERT INTO Book_Categories(ISBN,Category) VALUES ('375-3-78-179191-3','Science Fiction');
INSERT INTO Book_Categories(ISBN,Category) VALUES ('852-0-21-520442-6','Mystery');
INSERT INTO Book_Categories(ISBN,Category) VALUES ('201-2-41-674547-7','Fantasy');
INSERT INTO Book_Categories(ISBN,Category) VALUES ('569-1-50-292539-1','Biography');
INSERT INTO Book_Categories(ISBN,Category) VALUES ('695-6-75-230401-6','Self-help');
INSERT INTO Book_Categories(ISBN,Category) VALUES ('400-8-76-426518-5','Fantasy');
INSERT INTO Book_Categories(ISBN,Category) VALUES ('757-9-01-492106-1','Non-fiction');
INSERT INTO Book_Categories(ISBN,Category) VALUES ('388-0-52-117392-5','Fantasy');
INSERT INTO Book_Categories(ISBN,Category) VALUES ('308-9-71-462831-2','Fiction');
INSERT INTO Book_Categories(ISBN,Category) VALUES ('680-1-23-625688-8','Biography');
INSERT INTO Book_Categories(ISBN,Category) VALUES ('895-1-68-432431-8','Fantasy');
INSERT INTO Book_Categories(ISBN,Category) VALUES ('464-6-34-086347-7','History');
INSERT INTO Book_Categories(ISBN,Category) VALUES ('045-5-81-421066-3','Fiction');
INSERT INTO Book_Categories(ISBN,Category) VALUES ('646-9-86-115053-9','Self-help');
INSERT INTO Book_Categories(ISBN,Category) VALUES ('945-0-14-431060-4','Mystery');
INSERT INTO Book_Categories(ISBN,Category) VALUES ('802-5-35-851156-2','Romance');
INSERT INTO Book_Categories(ISBN,Category) VALUES ('429-8-09-075666-1','Non-fiction');
INSERT INTO Book_Categories(ISBN,Category) VALUES ('759-0-73-613931-6','Fiction');
INSERT INTO Book_Categories(ISBN,Category) VALUES ('551-7-00-560047-0','Thriller');
INSERT INTO Book_Categories(ISBN,Category) VALUES ('871-1-01-179488-5','Mystery');
INSERT INTO Book_Categories(ISBN,Category) VALUES ('796-7-59-688803-0','History');
INSERT INTO Book_Categories(ISBN,Category) VALUES ('880-3-53-538675-3','Science Fiction');
INSERT INTO Book_Categories(ISBN,Category) VALUES ('307-7-74-797878-9','Mystery');
INSERT INTO Book_Categories(ISBN,Category) VALUES ('210-2-43-653241-2','Biography');
INSERT INTO Book_Categories(ISBN,Category) VALUES ('324-6-50-456053-0','Science Fiction');
INSERT INTO Book_Categories(ISBN,Category) VALUES ('731-5-20-005846-8','History');
INSERT INTO Book_Categories(ISBN,Category) VALUES ('812-3-63-464051-9','Self-help');
INSERT INTO Book_Categories(ISBN,Category) VALUES ('592-0-65-700707-9','Fiction');
INSERT INTO Book_Categories(ISBN,Category) VALUES ('323-6-71-730186-8','Science Fiction');
INSERT INTO Book_Categories(ISBN,Category) VALUES ('102-7-57-322471-2','Romance');
INSERT INTO Book_Categories(ISBN,Category) VALUES ('130-0-54-697975-3','Mystery');
INSERT INTO Book_Categories(ISBN,Category) VALUES ('161-1-33-716854-2','Biography');
INSERT INTO Book_Categories(ISBN,Category) VALUES ('347-4-15-278155-6','Science Fiction');
INSERT INTO Book_Categories(ISBN,Category) VALUES ('316-9-87-422865-2','Fantasy');
INSERT INTO Book_Categories(ISBN,Category) VALUES ('289-3-22-914154-2','Thriller');
INSERT INTO Book_Categories(ISBN,Category) VALUES ('747-4-06-611114-9','Biography');
INSERT INTO Book_Categories(ISBN,Category) VALUES ('618-9-86-620922-6','Science Fiction');
INSERT INTO Book_Categories(ISBN,Category) VALUES ('838-4-05-335309-1','Mystery');
INSERT INTO Book_Categories(ISBN,Category) VALUES ('614-6-99-268307-1','Self-help');
INSERT INTO Book_Categories(ISBN,Category) VALUES ('302-3-08-456375-9','Fiction');
INSERT INTO Book_Categories(ISBN,Category) VALUES ('085-5-20-368339-5','Self-help');
INSERT INTO Book_Categories(ISBN,Category) VALUES ('822-4-20-731162-2','Biography');
INSERT INTO Book_Categories(ISBN,Category) VALUES ('185-2-51-631905-8','Non-fiction');
INSERT INTO Book_Categories(ISBN,Category) VALUES ('618-5-54-852839-4','Mystery');
INSERT INTO Book_Categories(ISBN,Category) VALUES ('783-9-23-502432-2','Biography');
INSERT INTO Book_Categories(ISBN,Category) VALUES ('966-3-51-025223-7','Science Fiction');
INSERT INTO Book_Categories(ISBN,Category) VALUES ('831-8-09-457402-6','Romance');
INSERT INTO Book_Categories(ISBN,Category) VALUES ('587-8-56-836812-9','Self-help');
INSERT INTO Book_Categories(ISBN,Category) VALUES ('360-2-81-579386-3','Science Fiction');
INSERT INTO Book_Categories(ISBN,Category) VALUES ('995-1-71-050998-5','Romance');
INSERT INTO Book_Categories(ISBN,Category) VALUES ('597-6-32-442721-6','Fiction');
INSERT INTO Book_Categories(ISBN,Category) VALUES ('457-4-56-405928-4','Self-help');
INSERT INTO Book_Categories(ISBN,Category) VALUES ('847-4-13-131127-0','Romance');
INSERT INTO Book_Categories(ISBN,Category) VALUES ('769-3-66-728396-8','Non-fiction');
INSERT INTO Book_Categories(ISBN,Category) VALUES ('395-9-08-168653-9','Fantasy');
INSERT INTO Book_Categories(ISBN,Category) VALUES ('345-1-51-064332-0','Thriller');
INSERT INTO Book_Categories(ISBN,Category) VALUES ('172-0-89-318442-1','Thriller');
INSERT INTO Book_Categories(ISBN,Category) VALUES ('113-3-96-237422-6','Biography');
INSERT INTO Book_Categories(ISBN,Category) VALUES ('572-2-13-814015-2','Romance');
INSERT INTO Book_Categories(ISBN,Category) VALUES ('470-2-02-376410-6','Mystery');
INSERT INTO Book_Categories(ISBN,Category) VALUES ('910-0-50-823450-0','Science Fiction');
INSERT INTO Book_Categories(ISBN,Category) VALUES ('968-9-96-266660-6','Mystery');
INSERT INTO Book_Categories(ISBN,Category) VALUES ('508-8-53-455563-7','Self-help');
INSERT INTO Book_Categories(ISBN,Category) VALUES ('501-6-95-053735-9','Romance');
INSERT INTO Book_Categories(ISBN,Category) VALUES ('975-8-72-058742-5','Thriller');
INSERT INTO Book_Categories(ISBN,Category) VALUES ('368-9-05-688062-0','Self-help');
INSERT INTO Book_Categories(ISBN,Category) VALUES ('034-3-81-654923-2','Biography');
INSERT INTO Book_Categories(ISBN,Category) VALUES ('217-4-48-995915-5','Biography');
INSERT INTO Book_Categories(ISBN,Category) VALUES ('071-4-50-818152-4','History');
INSERT INTO Book_Categories(ISBN,Category) VALUES ('549-4-97-766770-6','Science Fiction');
INSERT INTO Book_Categories(ISBN,Category) VALUES ('015-3-34-755054-5','Self-help');
INSERT INTO Book_Categories(ISBN,Category) VALUES ('791-6-34-133175-6','Fantasy');
INSERT INTO Book_Categories(ISBN,Category) VALUES ('131-1-07-054842-6','Romance');
INSERT INTO Book_Categories(ISBN,Category) VALUES ('456-9-20-199300-4','Romance');
INSERT INTO Book_Categories(ISBN,Category) VALUES ('283-4-37-757439-9','Thriller');
INSERT INTO Book_Categories(ISBN,Category) VALUES ('554-3-62-622806-1','Science Fiction');
INSERT INTO Book_Categories(ISBN,Category) VALUES ('566-1-23-359836-9','Fiction');
INSERT INTO Book_Categories(ISBN,Category) VALUES ('668-2-53-741531-8','Non-fiction');
INSERT INTO Book_Categories(ISBN,Category) VALUES ('582-6-60-208271-6','Self-help');
INSERT INTO Book_Categories(ISBN,Category) VALUES ('168-2-55-754851-7','Non-fiction');
INSERT INTO Book_Categories(ISBN,Category) VALUES ('358-8-30-954422-6','Romance');
INSERT INTO Book_Categories(ISBN,Category) VALUES ('121-3-40-739006-7','Non-fiction');
INSERT INTO Book_Categories(ISBN,Category) VALUES ('248-9-23-652055-3','Self-help');
INSERT INTO Book_Categories(ISBN,Category) VALUES ('925-1-43-561562-8','Fantasy');
INSERT INTO Book_Categories(ISBN,Category) VALUES ('701-2-20-071309-5','Biography');
INSERT INTO Book_Categories(ISBN,Category) VALUES ('261-5-95-054031-1','History');
INSERT INTO Book_Categories(ISBN,Category) VALUES ('930-7-97-436966-0','Biography');
INSERT INTO Book_Categories(ISBN,Category) VALUES ('139-5-57-293192-5','Self-help');
INSERT INTO Book_Categories(ISBN,Category) VALUES ('996-1-16-782442-7','Romance');
INSERT INTO Book_Categories(ISBN,Category) VALUES ('902-1-77-390435-0','Science Fiction');
INSERT INTO Book_Categories(ISBN,Category) VALUES ('731-6-09-167500-3','Science Fiction');
INSERT INTO Book_Categories(ISBN,Category) VALUES ('592-5-81-081943-8','Fiction');
INSERT INTO Book_Categories(ISBN,Category) VALUES ('359-2-54-508531-5','Science Fiction');
INSERT INTO Book_Categories(ISBN,Category) VALUES ('528-8-93-813899-8','Science Fiction');
INSERT INTO Book_Categories(ISBN,Category) VALUES ('180-1-34-744584-5','Mystery');
INSERT INTO Book_Categories(ISBN,Category) VALUES ('291-8-47-527735-0','Science Fiction');
INSERT INTO Book_Categories(ISBN,Category) VALUES ('102-9-36-501972-2','Mystery');
INSERT INTO Book_Categories(ISBN,Category) VALUES ('027-8-65-565847-0','Fiction');
INSERT INTO Book_Categories(ISBN,Category) VALUES ('871-6-35-664720-5','History');
INSERT INTO Book_Categories(ISBN,Category) VALUES ('251-7-28-328858-3','Non-fiction');
INSERT INTO Book_Categories(ISBN,Category) VALUES ('375-3-78-179191-3','Fiction');
INSERT INTO Book_Categories(ISBN,Category) VALUES ('852-0-21-520442-6','Self-help');
INSERT INTO Book_Categories(ISBN,Category) VALUES ('201-2-41-674547-7','Mystery');
INSERT INTO Book_Categories(ISBN,Category) VALUES ('569-1-50-292539-1','Biography');
INSERT INTO Book_Categories(ISBN,Category) VALUES ('695-6-75-230401-6','Fantasy');
INSERT INTO Book_Categories(ISBN,Category) VALUES ('400-8-76-426518-5','Non-fiction');
INSERT INTO Book_Categories(ISBN,Category) VALUES ('757-9-01-492106-1','Thriller');
INSERT INTO Book_Categories(ISBN,Category) VALUES ('388-0-52-117392-5','Self-help');
INSERT INTO Book_Categories(ISBN,Category) VALUES ('308-9-71-462831-2','Non-fiction');
INSERT INTO Book_Categories(ISBN,Category) VALUES ('680-1-23-625688-8','History');
INSERT INTO Book_Categories(ISBN,Category) VALUES ('895-1-68-432431-8','Thriller');
INSERT INTO Book_Categories(ISBN,Category) VALUES ('464-6-34-086347-7','Self-help');
INSERT INTO Book_Categories(ISBN,Category) VALUES ('045-5-81-421066-3','Biography');
INSERT INTO Book_Categories(ISBN,Category) VALUES ('646-9-86-115053-9','Science Fiction');
INSERT INTO Book_Categories(ISBN,Category) VALUES ('945-0-14-431060-4','Biography');
INSERT INTO Book_Categories(ISBN,Category) VALUES ('802-5-35-851156-2','Fantasy');
INSERT INTO Book_Categories(ISBN,Category) VALUES ('429-8-09-075666-1','Fiction');
INSERT INTO Book_Categories(ISBN,Category) VALUES ('759-0-73-613931-6','Fiction');
INSERT INTO Book_Categories(ISBN,Category) VALUES ('551-7-00-560047-0','Self-help');
INSERT INTO Book_Categories(ISBN,Category) VALUES ('871-1-01-179488-5','Fiction');
INSERT INTO Book_Categories(ISBN,Category) VALUES ('796-7-59-688803-0','Romance');
INSERT INTO Book_Categories(ISBN,Category) VALUES ('880-3-53-538675-3','Fantasy');
INSERT INTO Book_Categories(ISBN,Category) VALUES ('307-7-74-797878-9','Mystery');
INSERT INTO Book_Categories(ISBN,Category) VALUES ('210-2-43-653241-2','Self-help');
INSERT INTO Book_Categories(ISBN,Category) VALUES ('324-6-50-456053-0','Romance');
INSERT INTO Book_Categories(ISBN,Category) VALUES ('731-5-20-005846-8','Mystery');
INSERT INTO Book_Categories(ISBN,Category) VALUES ('812-3-63-464051-9','Non-fiction');
INSERT INTO Book_Categories(ISBN,Category) VALUES ('592-0-65-700707-9','Fantasy');
INSERT INTO Book_Categories(ISBN,Category) VALUES ('323-6-71-730186-8','Thriller');
INSERT INTO Book_Categories(ISBN,Category) VALUES ('102-7-57-322471-2','Science Fiction');
INSERT INTO Book_Categories(ISBN,Category) VALUES ('130-0-54-697975-3','Biography');
INSERT INTO Book_Categories(ISBN,Category) VALUES ('161-1-33-716854-2','Self-help');
INSERT INTO Book_Categories(ISBN,Category) VALUES ('347-4-15-278155-6','Thriller');
INSERT INTO Book_Categories(ISBN,Category) VALUES ('316-9-87-422865-2','Fiction');
INSERT INTO Book_Categories(ISBN,Category) VALUES ('289-3-22-914154-2','Non-fiction');
INSERT INTO Book_Categories(ISBN,Category) VALUES ('747-4-06-611114-9','Fiction');
INSERT INTO Book_Categories(ISBN,Category) VALUES ('618-9-86-620922-6','Romance');
INSERT INTO Book_Categories(ISBN,Category) VALUES ('838-4-05-335309-1','Non-fiction');
INSERT INTO Book_Categories(ISBN,Category) VALUES ('614-6-99-268307-1','Mystery');
INSERT INTO Book_Categories(ISBN,Category) VALUES ('302-3-08-456375-9','Fiction');
INSERT INTO Book_Categories(ISBN,Category) VALUES ('085-5-20-368339-5','Biography');
INSERT INTO Book_Categories(ISBN,Category) VALUES ('822-4-20-731162-2','Fantasy');
INSERT INTO Book_Categories(ISBN,Category) VALUES ('185-2-51-631905-8','Thriller');
INSERT INTO Book_Categories(ISBN,Category) VALUES ('618-5-54-852839-4','Fiction');
INSERT INTO Book_Categories(ISBN,Category) VALUES ('783-9-23-502432-2','Self-help');
INSERT INTO Book_Categories(ISBN,Category) VALUES ('966-3-51-025223-7','Non-fiction');
INSERT INTO Book_Categories(ISBN,Category) VALUES ('831-8-09-457402-6','Fantasy');
INSERT INTO Book_Categories(ISBN,Category) VALUES ('587-8-56-836812-9','Fiction');
INSERT INTO Book_Categories(ISBN,Category) VALUES ('360-2-81-579386-3','Self-help');
INSERT INTO Book_Categories(ISBN,Category) VALUES ('995-1-71-050998-5','Self-help');
INSERT INTO Book_Categories(ISBN,Category) VALUES ('597-6-32-442721-6','Fiction');
INSERT INTO Book_Categories(ISBN,Category) VALUES ('457-4-56-405928-4','Thriller');
INSERT INTO Book_Categories(ISBN,Category) VALUES ('847-4-13-131127-0','Self-help');
INSERT INTO Book_Categories(ISBN,Category) VALUES ('769-3-66-728396-8','Fantasy');
INSERT INTO Book_Categories(ISBN,Category) VALUES ('395-9-08-168653-9','Romance');
INSERT INTO Book_Categories(ISBN,Category) VALUES ('345-1-51-064332-0','Biography');
INSERT INTO Book_Categories(ISBN,Category) VALUES ('172-0-89-318442-1','Self-help');
INSERT INTO Book_Categories(ISBN,Category) VALUES ('113-3-96-237422-6','Thriller');
INSERT INTO Book_Categories(ISBN,Category) VALUES ('572-2-13-814015-2','Fiction');
INSERT INTO Book_Categories(ISBN,Category) VALUES ('470-2-02-376410-6','Thriller');
INSERT INTO Book_Categories(ISBN,Category) VALUES ('910-0-50-823450-0','Self-help');
INSERT INTO Book_Categories(ISBN,Category) VALUES ('968-9-96-266660-6','Biography');
INSERT INTO Book_Categories(ISBN,Category) VALUES ('508-8-53-455563-7','Thriller');
INSERT INTO Book_Categories(ISBN,Category) VALUES ('501-6-95-053735-9','Fiction');
INSERT INTO Book_Categories(ISBN,Category) VALUES ('975-8-72-058742-5','Science Fiction');
INSERT INTO Book_Categories(ISBN,Category) VALUES ('368-9-05-688062-0','Thriller');
INSERT INTO Book_Categories(ISBN,Category) VALUES ('034-3-81-654923-2','Fantasy');
INSERT INTO Book_Authors(Firstname,Lastname,ISBN) VALUES ('Liam','White','217-4-48-995915-5');
INSERT INTO Book_Authors(Firstname,Lastname,ISBN) VALUES ('William','Thomas','071-4-50-818152-4');
INSERT INTO Book_Authors(Firstname,Lastname,ISBN) VALUES ('Isabella','Thomas','549-4-97-766770-6');
INSERT INTO Book_Authors(Firstname,Lastname,ISBN) VALUES ('William','Garcia','015-3-34-755054-5');
INSERT INTO Book_Authors(Firstname,Lastname,ISBN) VALUES ('Harper','Anderson','791-6-34-133175-6');
INSERT INTO Book_Authors(Firstname,Lastname,ISBN) VALUES ('Emma','Anderson','131-1-07-054842-6');
INSERT INTO Book_Authors(Firstname,Lastname,ISBN) VALUES ('William','Anderson','456-9-20-199300-4');
INSERT INTO Book_Authors(Firstname,Lastname,ISBN) VALUES ('Harper','Smith','283-4-37-757439-9');
INSERT INTO Book_Authors(Firstname,Lastname,ISBN) VALUES ('Benjamin','Brown','554-3-62-622806-1');
INSERT INTO Book_Authors(Firstname,Lastname,ISBN) VALUES ('Benjamin','Jones','566-1-23-359836-9');
INSERT INTO Book_Authors(Firstname,Lastname,ISBN) VALUES ('Henry','Hernandez','668-2-53-741531-8');
INSERT INTO Book_Authors(Firstname,Lastname,ISBN) VALUES ('Evelyn','Anderson','582-6-60-208271-6');
INSERT INTO Book_Authors(Firstname,Lastname,ISBN) VALUES ('Noah','Harris','168-2-55-754851-7');
INSERT INTO Book_Authors(Firstname,Lastname,ISBN) VALUES ('Emma','Thomas','358-8-30-954422-6');
INSERT INTO Book_Authors(Firstname,Lastname,ISBN) VALUES ('Luna','Clark','121-3-40-739006-7');
INSERT INTO Book_Authors(Firstname,Lastname,ISBN) VALUES ('Mia','Thomas','248-9-23-652055-3');
INSERT INTO Book_Authors(Firstname,Lastname,ISBN) VALUES ('Alexander','Clark','925-1-43-561562-8');
INSERT INTO Book_Authors(Firstname,Lastname,ISBN) VALUES ('Ava','Davis','701-2-20-071309-5');
INSERT INTO Book_Authors(Firstname,Lastname,ISBN) VALUES ('Isabella','Harris','261-5-95-054031-1');
INSERT INTO Book_Authors(Firstname,Lastname,ISBN) VALUES ('Lucas','Davis','930-7-97-436966-0');
INSERT INTO Book_Authors(Firstname,Lastname,ISBN) VALUES ('Lucas','Moore','139-5-57-293192-5');
INSERT INTO Book_Authors(Firstname,Lastname,ISBN) VALUES ('Isabella','Walker','996-1-16-782442-7');
INSERT INTO Book_Authors(Firstname,Lastname,ISBN) VALUES ('Olivia','Anderson','902-1-77-390435-0');
INSERT INTO Book_Authors(Firstname,Lastname,ISBN) VALUES ('Charlotte','Taylor','731-6-09-167500-3');
INSERT INTO Book_Authors(Firstname,Lastname,ISBN) VALUES ('Benjamin','Brown','592-5-81-081943-8');
INSERT INTO Book_Authors(Firstname,Lastname,ISBN) VALUES ('Luna','Martinez','359-2-54-508531-5');
INSERT INTO Book_Authors(Firstname,Lastname,ISBN) VALUES ('Harper','Thomas','528-8-93-813899-8');
INSERT INTO Book_Authors(Firstname,Lastname,ISBN) VALUES ('James','Brown','180-1-34-744584-5');
INSERT INTO Book_Authors(Firstname,Lastname,ISBN) VALUES ('Ava','Thomas','291-8-47-527735-0');
INSERT INTO Book_Authors(Firstname,Lastname,ISBN) VALUES ('Liam','Walker','102-9-36-501972-2');
INSERT INTO Book_Authors(Firstname,Lastname,ISBN) VALUES ('William','Thomas','027-8-65-565847-0');
INSERT INTO Book_Authors(Firstname,Lastname,ISBN) VALUES ('Evelyn','Miller','871-6-35-664720-5');
INSERT INTO Book_Authors(Firstname,Lastname,ISBN) VALUES ('James','Martinez','251-7-28-328858-3');
INSERT INTO Book_Authors(Firstname,Lastname,ISBN) VALUES ('Emma','Jones','375-3-78-179191-3');
INSERT INTO Book_Authors(Firstname,Lastname,ISBN) VALUES ('Ava','Thomas','852-0-21-520442-6');
INSERT INTO Book_Authors(Firstname,Lastname,ISBN) VALUES ('James','Anderson','201-2-41-674547-7');
INSERT INTO Book_Authors(Firstname,Lastname,ISBN) VALUES ('Olivia','Anderson','569-1-50-292539-1');
INSERT INTO Book_Authors(Firstname,Lastname,ISBN) VALUES ('Evelyn','Smith','695-6-75-230401-6');
INSERT INTO Book_Authors(Firstname,Lastname,ISBN) VALUES ('Ava','Smith','400-8-76-426518-5');
INSERT INTO Book_Authors(Firstname,Lastname,ISBN) VALUES ('Evelyn','Martinez','757-9-01-492106-1');
INSERT INTO Book_Authors(Firstname,Lastname,ISBN) VALUES ('William','White','388-0-52-117392-5');
INSERT INTO Book_Authors(Firstname,Lastname,ISBN) VALUES ('Olivia','Jackson','308-9-71-462831-2');
INSERT INTO Book_Authors(Firstname,Lastname,ISBN) VALUES ('William','Williams','680-1-23-625688-8');
INSERT INTO Book_Authors(Firstname,Lastname,ISBN) VALUES ('Liam','Anderson','895-1-68-432431-8');
INSERT INTO Book_Authors(Firstname,Lastname,ISBN) VALUES ('Evelyn','Johnson','464-6-34-086347-7');
INSERT INTO Book_Authors(Firstname,Lastname,ISBN) VALUES ('William','Brown','045-5-81-421066-3');
INSERT INTO Book_Authors(Firstname,Lastname,ISBN) VALUES ('Isabella','Jackson','646-9-86-115053-9');
INSERT INTO Book_Authors(Firstname,Lastname,ISBN) VALUES ('Amelia','Johnson','945-0-14-431060-4');
INSERT INTO Book_Authors(Firstname,Lastname,ISBN) VALUES ('Ava','Jones','802-5-35-851156-2');
INSERT INTO Book_Authors(Firstname,Lastname,ISBN) VALUES ('Amelia','Davis','429-8-09-075666-1');
INSERT INTO Book_Authors(Firstname,Lastname,ISBN) VALUES ('Liam','White','759-0-73-613931-6');
INSERT INTO Book_Authors(Firstname,Lastname,ISBN) VALUES ('Olivia','Clark','551-7-00-560047-0');
INSERT INTO Book_Authors(Firstname,Lastname,ISBN) VALUES ('Noah','Brown','871-1-01-179488-5');
INSERT INTO Book_Authors(Firstname,Lastname,ISBN) VALUES ('Isabella','Martinez','796-7-59-688803-0');
INSERT INTO Book_Authors(Firstname,Lastname,ISBN) VALUES ('Sophia','Harris','880-3-53-538675-3');
INSERT INTO Book_Authors(Firstname,Lastname,ISBN) VALUES ('Benjamin','Davis','307-7-74-797878-9');
INSERT INTO Book_Authors(Firstname,Lastname,ISBN) VALUES ('Evelyn','Clark','210-2-43-653241-2');
INSERT INTO Book_Authors(Firstname,Lastname,ISBN) VALUES ('Alexander','Taylor','324-6-50-456053-0');
INSERT INTO Book_Authors(Firstname,Lastname,ISBN) VALUES ('Alexander','Anderson','731-5-20-005846-8');
INSERT INTO Book_Authors(Firstname,Lastname,ISBN) VALUES ('Harper','Smith','812-3-63-464051-9');
INSERT INTO Book_Authors(Firstname,Lastname,ISBN) VALUES ('Harper','Hernandez','592-0-65-700707-9');
INSERT INTO Book_Authors(Firstname,Lastname,ISBN) VALUES ('Elijah','Jones','323-6-71-730186-8');
INSERT INTO Book_Authors(Firstname,Lastname,ISBN) VALUES ('Alexander','Clark','102-7-57-322471-2');
INSERT INTO Book_Authors(Firstname,Lastname,ISBN) VALUES ('Evelyn','Miller','130-0-54-697975-3');
INSERT INTO Book_Authors(Firstname,Lastname,ISBN) VALUES ('Liam','Garcia','161-1-33-716854-2');
INSERT INTO Book_Authors(Firstname,Lastname,ISBN) VALUES ('Elijah','Moore','347-4-15-278155-6');
INSERT INTO Book_Authors(Firstname,Lastname,ISBN) VALUES ('Evelyn','Jones','316-9-87-422865-2');
INSERT INTO Book_Authors(Firstname,Lastname,ISBN) VALUES ('Noah','Brown','289-3-22-914154-2');
INSERT INTO Book_Authors(Firstname,Lastname,ISBN) VALUES ('Amelia','White','747-4-06-611114-9');
INSERT INTO Book_Authors(Firstname,Lastname,ISBN) VALUES ('Charlotte','Walker','618-9-86-620922-6');
INSERT INTO Book_Authors(Firstname,Lastname,ISBN) VALUES ('Sophia','Taylor','838-4-05-335309-1');
INSERT INTO Book_Authors(Firstname,Lastname,ISBN) VALUES ('William','Rodriguez','614-6-99-268307-1');
INSERT INTO Book_Authors(Firstname,Lastname,ISBN) VALUES ('Evelyn','Hernandez','302-3-08-456375-9');
INSERT INTO Book_Authors(Firstname,Lastname,ISBN) VALUES ('Benjamin','Smith','085-5-20-368339-5');
INSERT INTO Book_Authors(Firstname,Lastname,ISBN) VALUES ('Benjamin','Miller','822-4-20-731162-2');
INSERT INTO Book_Authors(Firstname,Lastname,ISBN) VALUES ('Emma','Smith','185-2-51-631905-8');
INSERT INTO Book_Authors(Firstname,Lastname,ISBN) VALUES ('Amelia','Clark','618-5-54-852839-4');
INSERT INTO Book_Authors(Firstname,Lastname,ISBN) VALUES ('Noah','Miller','783-9-23-502432-2');
INSERT INTO Book_Authors(Firstname,Lastname,ISBN) VALUES ('Evelyn','Davis','966-3-51-025223-7');
INSERT INTO Book_Authors(Firstname,Lastname,ISBN) VALUES ('Elijah','Davis','831-8-09-457402-6');
INSERT INTO Book_Authors(Firstname,Lastname,ISBN) VALUES ('Henry','Rodriguez','587-8-56-836812-9');
INSERT INTO Book_Authors(Firstname,Lastname,ISBN) VALUES ('Emma','Jackson','360-2-81-579386-3');
INSERT INTO Book_Authors(Firstname,Lastname,ISBN) VALUES ('Elijah','Garcia','995-1-71-050998-5');
INSERT INTO Book_Authors(Firstname,Lastname,ISBN) VALUES ('William','Hernandez','597-6-32-442721-6');
INSERT INTO Book_Authors(Firstname,Lastname,ISBN) VALUES ('Amelia','Davis','457-4-56-405928-4');
INSERT INTO Book_Authors(Firstname,Lastname,ISBN) VALUES ('Charlotte','Rodriguez','847-4-13-131127-0');
INSERT INTO Book_Authors(Firstname,Lastname,ISBN) VALUES ('Olivia','Williams','769-3-66-728396-8');
INSERT INTO Book_Authors(Firstname,Lastname,ISBN) VALUES ('James','Williams','395-9-08-168653-9');
INSERT INTO Book_Authors(Firstname,Lastname,ISBN) VALUES ('Elijah','Smith','345-1-51-064332-0');
INSERT INTO Book_Authors(Firstname,Lastname,ISBN) VALUES ('Mia','Miller','172-0-89-318442-1');
INSERT INTO Book_Authors(Firstname,Lastname,ISBN) VALUES ('Olivia','Rodriguez','113-3-96-237422-6');
INSERT INTO Book_Authors(Firstname,Lastname,ISBN) VALUES ('Charlotte','Moore','572-2-13-814015-2');
INSERT INTO Book_Authors(Firstname,Lastname,ISBN) VALUES ('Mia','Miller','470-2-02-376410-6');
INSERT INTO Book_Authors(Firstname,Lastname,ISBN) VALUES ('Isabella','Williams','910-0-50-823450-0');
INSERT INTO Book_Authors(Firstname,Lastname,ISBN) VALUES ('Noah','Jackson','968-9-96-266660-6');
INSERT INTO Book_Authors(Firstname,Lastname,ISBN) VALUES ('Alexander','Davis','508-8-53-455563-7');
INSERT INTO Book_Authors(Firstname,Lastname,ISBN) VALUES ('Sophia','White','501-6-95-053735-9');
INSERT INTO Book_Authors(Firstname,Lastname,ISBN) VALUES ('Noah','Jackson','975-8-72-058742-5');
INSERT INTO Book_Authors(Firstname,Lastname,ISBN) VALUES ('Olivia','Clark','368-9-05-688062-0');
INSERT INTO Book_Authors(Firstname,Lastname,ISBN) VALUES ('Sophia','Thomas','034-3-81-654923-2');

-- Book_System_Live Tables

INSERT INTO Book_System_Live(Book_System_Live_id,School_Library_id,ISBN,User_id,Admin_id,Late_Days,Rent_Active) VALUES ('BSL-05445','SC-16764','566-1-23-359836-9','USR-12973','ADM-11989','1','0');
INSERT INTO Book_System_Live(Book_System_Live_id,School_Library_id,ISBN,User_id,Admin_id,Late_Days,Rent_Active) VALUES ('BSL-53084','SC-16764','283-4-37-757439-9','USR-62014','ADM-11989','2','0');
INSERT INTO Book_System_Live(Book_System_Live_id,School_Library_id,ISBN,User_id,Admin_id,Late_Days,Rent_Active) VALUES ('BSL-35861','SC-17381','400-8-76-426518-5','USR-85672','ADM-76607','2','0');
INSERT INTO Book_System_Live(Book_System_Live_id,School_Library_id,ISBN,User_id,Admin_id,Late_Days,Rent_Active) VALUES ('BSL-33114','SC-17381','852-0-21-520442-6','USR-49793','ADM-81723','4','1');
INSERT INTO Book_System_Live(Book_System_Live_id,School_Library_id,ISBN,User_id,Admin_id,Late_Days,Rent_Active) VALUES ('BSL-68666','SC-47828','508-8-53-455563-7','USR-53369','ADM-81723','0','0');
INSERT INTO Book_System_Live(Book_System_Live_id,School_Library_id,ISBN,User_id,Admin_id,Late_Days,Rent_Active) VALUES ('BSL-78450','SC-17381','161-1-33-716854-2','USR-28616','ADM-76607','4','1');
INSERT INTO Book_System_Live(Book_System_Live_id,School_Library_id,ISBN,User_id,Admin_id,Late_Days,Rent_Active) VALUES ('BSL-54182','SC-47828','302-3-08-456375-9','USR-97144','ADM-76607','5','1');
INSERT INTO Book_System_Live(Book_System_Live_id,School_Library_id,ISBN,User_id,Admin_id,Late_Days,Rent_Active) VALUES ('BSL-38085','SC-17381','375-3-78-179191-3','USR-18859','ADM-76607','3','1');
INSERT INTO Book_System_Live(Book_System_Live_id,School_Library_id,ISBN,User_id,Admin_id,Late_Days,Rent_Active) VALUES ('BSL-80564','SC-57165','323-6-71-730186-8','USR-60766','ADM-11989','0','0');
INSERT INTO Book_System_Live(Book_System_Live_id,School_Library_id,ISBN,User_id,Admin_id,Late_Days,Rent_Active) VALUES ('BSL-58597','SC-16764','508-8-53-455563-7','USR-01146','ADM-81723','2','0');
INSERT INTO Book_System_Live(Book_System_Live_id,School_Library_id,ISBN,User_id,Admin_id,Late_Days,Rent_Active) VALUES ('BSL-72150','SC-16764','695-6-75-230401-6','USR-12973','ADM-11989','2','0');
INSERT INTO Book_System_Live(Book_System_Live_id,School_Library_id,ISBN,User_id,Admin_id,Late_Days,Rent_Active) VALUES ('BSL-47402','SC-47828','812-3-63-464051-9','USR-12133','ADM-76607','4','1');
INSERT INTO Book_System_Live(Book_System_Live_id,School_Library_id,ISBN,User_id,Admin_id,Late_Days,Rent_Active) VALUES ('BSL-28224','SC-16764','791-6-34-133175-6','USR-52451','ADM-76607','5','0');
INSERT INTO Book_System_Live(Book_System_Live_id,School_Library_id,ISBN,User_id,Admin_id,Late_Days,Rent_Active) VALUES ('BSL-46262','SC-47828','731-5-20-005846-8','USR-11668','ADM-11989','5','1');
INSERT INTO Book_System_Live(Book_System_Live_id,School_Library_id,ISBN,User_id,Admin_id,Late_Days,Rent_Active) VALUES ('BSL-22357','SC-17381','995-1-71-050998-5','USR-06584','ADM-76607','2','0');
INSERT INTO Book_System_Live(Book_System_Live_id,School_Library_id,ISBN,User_id,Admin_id,Late_Days,Rent_Active) VALUES ('BSL-62180','SC-47828','549-4-97-766770-6','USR-11752','ADM-81723','3','0');
INSERT INTO Book_System_Live(Book_System_Live_id,School_Library_id,ISBN,User_id,Admin_id,Late_Days,Rent_Active) VALUES ('BSL-81787','SC-17381','034-3-81-654923-2','USR-17332','ADM-11989','3','1');
INSERT INTO Book_System_Live(Book_System_Live_id,School_Library_id,ISBN,User_id,Admin_id,Late_Days,Rent_Active) VALUES ('BSL-51258','SC-47828','731-5-20-005846-8','USR-61556','ADM-11989','0','1');
INSERT INTO Book_System_Live(Book_System_Live_id,School_Library_id,ISBN,User_id,Admin_id,Late_Days,Rent_Active) VALUES ('BSL-17545','SC-47828','587-8-56-836812-9','USR-45535','ADM-76607','0','1');
INSERT INTO Book_System_Live(Book_System_Live_id,School_Library_id,ISBN,User_id,Admin_id,Late_Days,Rent_Active) VALUES ('BSL-02202','SC-16764','345-1-51-064332-0','USR-60757','ADM-11989','4','1');
INSERT INTO Book_System_Live(Book_System_Live_id,School_Library_id,ISBN,User_id,Admin_id,Late_Days,Rent_Active) VALUES ('BSL-34222','SC-16764','791-6-34-133175-6','USR-61556','ADM-98075','1','0');
INSERT INTO Book_System_Live(Book_System_Live_id,School_Library_id,ISBN,User_id,Admin_id,Late_Days,Rent_Active) VALUES ('BSL-79348','SC-17381','680-1-23-625688-8','USR-03061','ADM-11989','3','0');
INSERT INTO Book_System_Live(Book_System_Live_id,School_Library_id,ISBN,User_id,Admin_id,Late_Days,Rent_Active) VALUES ('BSL-80406','SC-16764','375-3-78-179191-3','USR-43251','ADM-76607','1','1');
INSERT INTO Book_System_Live(Book_System_Live_id,School_Library_id,ISBN,User_id,Admin_id,Late_Days,Rent_Active) VALUES ('BSL-20743','SC-57165','360-2-81-579386-3','USR-01146','ADM-98075','1','1');
INSERT INTO Book_System_Live(Book_System_Live_id,School_Library_id,ISBN,User_id,Admin_id,Late_Days,Rent_Active) VALUES ('BSL-27997','SC-47828','323-6-71-730186-8','USR-85672','ADM-11989','3','0');
INSERT INTO Book_System_Live(Book_System_Live_id,School_Library_id,ISBN,User_id,Admin_id,Late_Days,Rent_Active) VALUES ('BSL-35175','SC-16764','302-3-08-456375-9','USR-60766','ADM-11989','3','0');
INSERT INTO Book_System_Live(Book_System_Live_id,School_Library_id,ISBN,User_id,Admin_id,Late_Days,Rent_Active) VALUES ('BSL-40690','SC-47828','113-3-96-237422-6','USR-00209','ADM-98075','5','1');
INSERT INTO Book_System_Live(Book_System_Live_id,School_Library_id,ISBN,User_id,Admin_id,Late_Days,Rent_Active) VALUES ('BSL-34619','SC-17381','185-2-51-631905-8','USR-11668','ADM-98075','3','0');
INSERT INTO Book_System_Live(Book_System_Live_id,School_Library_id,ISBN,User_id,Admin_id,Late_Days,Rent_Active) VALUES ('BSL-09671','SC-16764','759-0-73-613931-6','USR-12133','ADM-11989','2','1');
INSERT INTO Book_System_Live(Book_System_Live_id,School_Library_id,ISBN,User_id,Admin_id,Late_Days,Rent_Active) VALUES ('BSL-58329','SC-17381','388-0-52-117392-5','USR-85672','ADM-81723','5','0');
INSERT INTO Book_System_Live(Book_System_Live_id,School_Library_id,ISBN,User_id,Admin_id,Late_Days,Rent_Active) VALUES ('BSL-13890','SC-47828','217-4-48-995915-5','USR-45535','ADM-98075','4','0');
INSERT INTO Book_System_Live(Book_System_Live_id,School_Library_id,ISBN,User_id,Admin_id,Late_Days,Rent_Active) VALUES ('BSL-72743','SC-16764','395-9-08-168653-9','USR-95365','ADM-76607','3','1');
INSERT INTO Book_System_Live(Book_System_Live_id,School_Library_id,ISBN,User_id,Admin_id,Late_Days,Rent_Active) VALUES ('BSL-45170','SC-17381','551-7-00-560047-0','USR-70118','ADM-98075','0','0');
INSERT INTO Book_System_Live(Book_System_Live_id,School_Library_id,ISBN,User_id,Admin_id,Late_Days,Rent_Active) VALUES ('BSL-73366','SC-57165','646-9-86-115053-9','USR-52451','ADM-81723','1','1');
INSERT INTO Book_System_Live(Book_System_Live_id,School_Library_id,ISBN,User_id,Admin_id,Late_Days,Rent_Active) VALUES ('BSL-88199','SC-17381','358-8-30-954422-6','USR-85672','ADM-76607','3','1');
INSERT INTO Book_System_Live(Book_System_Live_id,School_Library_id,ISBN,User_id,Admin_id,Late_Days,Rent_Active) VALUES ('BSL-64517','SC-17381','261-5-95-054031-1','USR-86115','ADM-76607','3','0');
INSERT INTO Book_System_Live(Book_System_Live_id,School_Library_id,ISBN,User_id,Admin_id,Late_Days,Rent_Active) VALUES ('BSL-30438','SC-17381','347-4-15-278155-6','USR-05458','ADM-11989','2','0');
INSERT INTO Book_System_Live(Book_System_Live_id,School_Library_id,ISBN,User_id,Admin_id,Late_Days,Rent_Active) VALUES ('BSL-39401','SC-57165','131-1-07-054842-6','USR-97144','ADM-11989','5','0');
INSERT INTO Book_System_Live(Book_System_Live_id,School_Library_id,ISBN,User_id,Admin_id,Late_Days,Rent_Active) VALUES ('BSL-56616','SC-16764','359-2-54-508531-5','USR-95365','ADM-76607','4','0');
INSERT INTO Book_System_Live(Book_System_Live_id,School_Library_id,ISBN,User_id,Admin_id,Late_Days,Rent_Active) VALUES ('BSL-41826','SC-17381','910-0-50-823450-0','USR-12133','ADM-81723','3','0');
INSERT INTO Book_System_Live(Book_System_Live_id,School_Library_id,ISBN,User_id,Admin_id,Late_Days,Rent_Active) VALUES ('BSL-48816','SC-47828','701-2-20-071309-5','USR-05458','ADM-98075','3','1');
INSERT INTO Book_System_Live(Book_System_Live_id,School_Library_id,ISBN,User_id,Admin_id,Late_Days,Rent_Active) VALUES ('BSL-27067','SC-16764','587-8-56-836812-9','USR-62014','ADM-11989','0','1');
INSERT INTO Book_System_Live(Book_System_Live_id,School_Library_id,ISBN,User_id,Admin_id,Late_Days,Rent_Active) VALUES ('BSL-01817','SC-17381','261-5-95-054031-1','USR-60766','ADM-76607','4','1');
INSERT INTO Book_System_Live(Book_System_Live_id,School_Library_id,ISBN,User_id,Admin_id,Late_Days,Rent_Active) VALUES ('BSL-56066','SC-17381','759-0-73-613931-6','USR-57094','ADM-81723','0','0');
INSERT INTO Book_System_Live(Book_System_Live_id,School_Library_id,ISBN,User_id,Admin_id,Late_Days,Rent_Active) VALUES ('BSL-45687','SC-17381','015-3-34-755054-5','USR-17678','ADM-81723','1','0');
INSERT INTO Book_System_Live(Book_System_Live_id,School_Library_id,ISBN,User_id,Admin_id,Late_Days,Rent_Active) VALUES ('BSL-53421','SC-57165','085-5-20-368339-5','USR-43251','ADM-81723','4','0');
INSERT INTO Book_System_Live(Book_System_Live_id,School_Library_id,ISBN,User_id,Admin_id,Late_Days,Rent_Active) VALUES ('BSL-43178','SC-57165','783-9-23-502432-2','USR-66320','ADM-98075','1','0');
INSERT INTO Book_System_Live(Book_System_Live_id,School_Library_id,ISBN,User_id,Admin_id,Late_Days,Rent_Active) VALUES ('BSL-32251','SC-17381','316-9-87-422865-2','USR-17678','ADM-98075','4','0');
INSERT INTO Book_System_Live(Book_System_Live_id,School_Library_id,ISBN,User_id,Admin_id,Late_Days,Rent_Active) VALUES ('BSL-74635','SC-57165','812-3-63-464051-9','USR-49793','ADM-11989','5','1');
INSERT INTO Book_System_Live(Book_System_Live_id,School_Library_id,ISBN,User_id,Admin_id,Late_Days,Rent_Active) VALUES ('BSL-33494','SC-16764','045-5-81-421066-3','USR-00209','ADM-11989','1','0');

-- Credentials Tables

INSERT INTO Credentials VALUES ('USR-49793','mia_2604','qcybu-1571');
INSERT INTO Credentials VALUES ('USR-00209','william_8429','imvvg-8833');
INSERT INTO Credentials VALUES ('USR-60766','benjamin_7016','cdwlv-3100');
INSERT INTO Credentials VALUES ('USR-77619','evelyn_5086','gduzl-5365');
INSERT INTO Credentials VALUES ('USR-91235','benjamin_9593','kajni-4739');
INSERT INTO Credentials VALUES ('USR-76572','luna_1654','yxazm-7154');
INSERT INTO Credentials VALUES ('USR-86115','charlotte_2060','drdxr-6815');
INSERT INTO Credentials VALUES ('USR-28616','amelia_9165','nfmsk-1124');
INSERT INTO Credentials VALUES ('USR-04411','liam_9639','jbdqi-0562');
INSERT INTO Credentials VALUES ('USR-18042','benjamin_4994','lrzzn-0385');
INSERT INTO Credentials VALUES ('USR-11668','lucas_4509','fkbps-2817');
INSERT INTO Credentials VALUES ('USR-22289','ava_0793','znjux-3111');
INSERT INTO Credentials VALUES ('USR-17678','isabella_2485','ldxan-0447');
INSERT INTO Credentials VALUES ('USR-52451','emma_8356','qjrlx-7817');
INSERT INTO Credentials VALUES ('USR-73633','noah_3351','udedz-9048');
INSERT INTO Credentials VALUES ('USR-06584','emma_1195','scqwy-6594');
INSERT INTO Credentials VALUES ('USR-12133','henry_5730','lexzn-2998');
INSERT INTO Credentials VALUES ('USR-05458','noah_0568','oazwc-3075');
INSERT INTO Credentials VALUES ('USR-11752','isabella_0388','gcfzd-1330');
INSERT INTO Credentials VALUES ('USR-12973','alexander_0008','vffkz-4831');
INSERT INTO Credentials VALUES ('USR-43251','lucas_0713','vogtg-0630');
INSERT INTO Credentials VALUES ('USR-66320','luna_0513','seorw-8793');
INSERT INTO Credentials VALUES ('USR-53144','benjamin_3226','yldqi-4037');
INSERT INTO Credentials VALUES ('USR-53857','alexander_4050','vwxub-6247');
INSERT INTO Credentials VALUES ('USR-50169','noah_3611','hoddk-2339');
INSERT INTO Credentials VALUES ('USR-86711','charlotte_2683','ppgjb-3884');
INSERT INTO Credentials VALUES ('USR-50423','benjamin_2443','wfdiv-2876');
INSERT INTO Credentials VALUES ('USR-80090','james_4364','rqwfz-2600');
INSERT INTO Credentials VALUES ('USR-53369','sophia_7518','sofmf-8664');
INSERT INTO Credentials VALUES ('USR-60757','william_8124','wedtu-5343');
INSERT INTO Credentials VALUES ('USR-86940','harper_5421','liywf-3841');
INSERT INTO Credentials VALUES ('USR-28899','benjamin_3777','szbyf-7599');
INSERT INTO Credentials VALUES ('USR-18859','charlotte_8693','okool-2436');
INSERT INTO Credentials VALUES ('USR-61556','william_0348','pihbc-5267');
INSERT INTO Credentials VALUES ('USR-45535','lucas_2154','vxqih-6343');
INSERT INTO Credentials VALUES ('USR-97144','luna_7243','ueguj-1604');
INSERT INTO Credentials VALUES ('USR-74504','amelia_3251','ofape-2482');
INSERT INTO Credentials VALUES ('USR-17332','henry_6889','mqdwh-0162');
INSERT INTO Credentials VALUES ('USR-57094','luna_1472','tqvfc-8522');
INSERT INTO Credentials VALUES ('USR-62014','isabella_1387','owpzy-7740');
INSERT INTO Credentials VALUES ('USR-82930','elijah_2840','nihdn-5662');
INSERT INTO Credentials VALUES ('USR-01810','noah_3815','konwx-5011');
INSERT INTO Credentials VALUES ('USR-70118','luna_8933','jrqrf-1605');
INSERT INTO Credentials VALUES ('USR-85672','alexander_6559','lkopk-5494');
INSERT INTO Credentials VALUES ('USR-90524','elijah_9418','sscgr-2227');
INSERT INTO Credentials VALUES ('USR-01146','lucas_9060','ogqsu-9008');
INSERT INTO Credentials VALUES ('USR-03061','elijah_1256','lbcia-2754');
INSERT INTO Credentials VALUES ('USR-95365','sophia_2723','jgosl-0090');
INSERT INTO Credentials VALUES ('USR-30474','lucas_9953','pepjy-0591');
INSERT INTO Credentials VALUES ('USR-13278','emma_0693','hqlxl-5119');

-- Reviews Table

INSERT INTO Reviews VALUES ('RV-71949','USR-01810','592-0-65-700707-9','1','some review for the book with isbn 592-0-65-700707-9','0');
INSERT INTO Reviews VALUES ('RV-40441','USR-18859','121-3-40-739006-7','2','some review for the book with isbn 121-3-40-739006-7','0');
INSERT INTO Reviews VALUES ('RV-87662','USR-53144','910-0-50-823450-0','2','some review for the book with isbn 910-0-50-823450-0','0');
INSERT INTO Reviews VALUES ('RV-85014','USR-01810','307-7-74-797878-9','3','some review for the book with isbn 307-7-74-797878-9','0');
INSERT INTO Reviews VALUES ('RV-32258','USR-77619','831-8-09-457402-6','5','some review for the book with isbn 831-8-09-457402-6','0');
INSERT INTO Reviews VALUES ('RV-37005','USR-61556','996-1-16-782442-7','2','some review for the book with isbn 996-1-16-782442-7','0');
INSERT INTO Reviews VALUES ('RV-09670','USR-57094','995-1-71-050998-5','3','some review for the book with isbn 995-1-71-050998-5','0');
INSERT INTO Reviews VALUES ('RV-28271','USR-60757','359-2-54-508531-5','4','some review for the book with isbn 359-2-54-508531-5','0');
INSERT INTO Reviews VALUES ('RV-39548','USR-61556','131-1-07-054842-6','2','some review for the book with isbn 131-1-07-054842-6','0');
INSERT INTO Reviews VALUES ('RV-95186','USR-12973','975-8-72-058742-5','5','some review for the book with isbn 975-8-72-058742-5','0');
INSERT INTO Reviews VALUES ('RV-16570','USR-85672','501-6-95-053735-9','3','some review for the book with isbn 501-6-95-053735-9','0');
INSERT INTO Reviews VALUES ('RV-15915','USR-53857','358-8-30-954422-6','5','some review for the book with isbn 358-8-30-954422-6','0');
INSERT INTO Reviews VALUES ('RV-34787','USR-53144','554-3-62-622806-1','1','some review for the book with isbn 554-3-62-622806-1','0');
INSERT INTO Reviews VALUES ('RV-07147','USR-91235','302-3-08-456375-9','2','some review for the book with isbn 302-3-08-456375-9','0');
INSERT INTO Reviews VALUES ('RV-27905','USR-05458','871-6-35-664720-5','2','some review for the book with isbn 871-6-35-664720-5','0');
INSERT INTO Reviews VALUES ('RV-57360','USR-43251','429-8-09-075666-1','5','some review for the book with isbn 429-8-09-075666-1','0');
INSERT INTO Reviews VALUES ('RV-65789','USR-17332','802-5-35-851156-2','4','some review for the book with isbn 802-5-35-851156-2','0');
INSERT INTO Reviews VALUES ('RV-32293','USR-28899','731-6-09-167500-3','0','some review for the book with isbn 731-6-09-167500-3','0');
INSERT INTO Reviews VALUES ('RV-26721','USR-11668','569-1-50-292539-1','0','some review for the book with isbn 569-1-50-292539-1','0');
INSERT INTO Reviews VALUES ('RV-29179','USR-43251','791-6-34-133175-6','2','some review for the book with isbn 791-6-34-133175-6','0');
INSERT INTO Reviews VALUES ('RV-80259','USR-18859','618-9-86-620922-6','5','some review for the book with isbn 618-9-86-620922-6','0');
INSERT INTO Reviews VALUES ('RV-30080','USR-74504','375-3-78-179191-3','2','some review for the book with isbn 375-3-78-179191-3','0');
INSERT INTO Reviews VALUES ('RV-54280','USR-57094','201-2-41-674547-7','1','some review for the book with isbn 201-2-41-674547-7','0');
INSERT INTO Reviews VALUES ('RV-68716','USR-60757','731-6-09-167500-3','4','some review for the book with isbn 731-6-09-167500-3','0');
INSERT INTO Reviews VALUES ('RV-97231','USR-01146','251-7-28-328858-3','2','some review for the book with isbn 251-7-28-328858-3','0');
INSERT INTO Reviews VALUES ('RV-22348','USR-11752','456-9-20-199300-4','3','some review for the book with isbn 456-9-20-199300-4','0');
INSERT INTO Reviews VALUES ('RV-81206','USR-76572','464-6-34-086347-7','0','some review for the book with isbn 464-6-34-086347-7','0');
INSERT INTO Reviews VALUES ('RV-33081','USR-85672','400-8-76-426518-5','4','some review for the book with isbn 400-8-76-426518-5','0');
INSERT INTO Reviews VALUES ('RV-89123','USR-12133','995-1-71-050998-5','4','some review for the book with isbn 995-1-71-050998-5','0');
INSERT INTO Reviews VALUES ('RV-89794','USR-17678','975-8-72-058742-5','1','some review for the book with isbn 975-8-72-058742-5','0');
INSERT INTO Reviews VALUES ('RV-13237','USR-30474','388-0-52-117392-5','2','some review for the book with isbn 388-0-52-117392-5','0');
INSERT INTO Reviews VALUES ('RV-34794','USR-61556','291-8-47-527735-0','5','some review for the book with isbn 291-8-47-527735-0','0');
INSERT INTO Reviews VALUES ('RV-84495','USR-90524','910-0-50-823450-0','3','some review for the book with isbn 910-0-50-823450-0','0');
INSERT INTO Reviews VALUES ('RV-48144','USR-90524','592-5-81-081943-8','0','some review for the book with isbn 592-5-81-081943-8','0');
INSERT INTO Reviews VALUES ('RV-79925','USR-76572','549-4-97-766770-6','5','some review for the book with isbn 549-4-97-766770-6','0');
INSERT INTO Reviews VALUES ('RV-69650','USR-22289','464-6-34-086347-7','1','some review for the book with isbn 464-6-34-086347-7','0');
INSERT INTO Reviews VALUES ('RV-49931','USR-28899','968-9-96-266660-6','4','some review for the book with isbn 968-9-96-266660-6','0');
INSERT INTO Reviews VALUES ('RV-42835','USR-30474','360-2-81-579386-3','1','some review for the book with isbn 360-2-81-579386-3','0');
INSERT INTO Reviews VALUES ('RV-84181','USR-22289','945-0-14-431060-4','5','some review for the book with isbn 945-0-14-431060-4','0');
INSERT INTO Reviews VALUES ('RV-05469','USR-11668','360-2-81-579386-3','4','some review for the book with isbn 360-2-81-579386-3','0');
INSERT INTO Reviews VALUES ('RV-64635','USR-11752','966-3-51-025223-7','3','some review for the book with isbn 966-3-51-025223-7','0');
INSERT INTO Reviews VALUES ('RV-80330','USR-43251','501-6-95-053735-9','3','some review for the book with isbn 501-6-95-053735-9','0');
INSERT INTO Reviews VALUES ('RV-46560','USR-28899','554-3-62-622806-1','0','some review for the book with isbn 554-3-62-622806-1','0');
INSERT INTO Reviews VALUES ('RV-64974','USR-76572','217-4-48-995915-5','1','some review for the book with isbn 217-4-48-995915-5','0');
INSERT INTO Reviews VALUES ('RV-97771','USR-05458','291-8-47-527735-0','0','some review for the book with isbn 291-8-47-527735-0','0');
INSERT INTO Reviews VALUES ('RV-97062','USR-85672','871-6-35-664720-5','5','some review for the book with isbn 871-6-35-664720-5','0');
INSERT INTO Reviews VALUES ('RV-66985','USR-00209','582-6-60-208271-6','0','some review for the book with isbn 582-6-60-208271-6','0');
INSERT INTO Reviews VALUES ('RV-24354','USR-86115','359-2-54-508531-5','1','some review for the book with isbn 359-2-54-508531-5','0');

-- Registration Table

INSERT INTO Registrations VALUES ('RG-10920','SC-57165','Emma','White','39','WN-22162','pending','student','mia_2825','yfgyc_59214','emma_white62@gmail.com');
INSERT INTO Registrations VALUES ('RG-01381','SC-47828','Amelia','Johnson','38','WN-42077','pending','student','olivia_8528','zjpcd_61894','amelia_johnson78@gmail.com');
INSERT INTO Registrations VALUES ('RG-65873','SC-57165','Elijah','Martinez','19','WN-04190','pending','student','james_5572','uloqq_76496','elijah_martinez25@gmail.com');
INSERT INTO Registrations VALUES ('RG-02135','SC-17381','Mia','Jackson','22','WN-27341','pending','student','emma_2292','jmazg_58355','mia_jackson87@gmail.com');
INSERT INTO Registrations VALUES ('RG-05902','SC-57165','Ava','Moore','24','WN-59602','pending','student','james_5688','npwhv_20969','ava_moore20@gmail.com');
INSERT INTO Registrations VALUES ('RG-45629','SC-17381','Isabella','Johnson','53','WN-57200','pending','student','liam_1332','xrpcc_99148','isabella_johnson27@gmail.com');
INSERT INTO Registrations VALUES ('RG-81703','SC-17381','Olivia','Jackson','55','WN-32340','pending','student','james_0398','ptmkq_82708','olivia_jackson91@gmail.com');
INSERT INTO Registrations VALUES ('RG-71124','SC-17381','Charlotte','Miller','30','WN-06166','pending','student','elijah_0564','ugmuj_48971','charlotte_miller53@gmail.com');
INSERT INTO Registrations VALUES ('RG-25584','SC-57165','Luna','Martinez','29','WN-78941','pending','student','benjamin_2538','gxbmg_27989','luna_martinez26@gmail.com');
INSERT INTO Registrations VALUES ('RG-33199','SC-57165','Amelia','Martinez','47','WN-16936','pending','student','luna_3951','rjdil_96128','amelia_martinez02@gmail.com');
INSERT INTO Registrations VALUES ('RG-00785','SC-17381','Benjamin','Hernandez','29','WN-11687','pending','student','charlotte_6328','knscr_48159','benjamin_hernandez87@gmail.com');
INSERT INTO Registrations VALUES ('RG-92444','SC-17381','James','Garcia','48','WN-44882','pending','student','harper_6143','jjgsh_75256','james_garcia09@gmail.com');
INSERT INTO Registrations VALUES ('RG-15849','SC-47828','Amelia','Garcia','51','WN-92108','pending','student','luna_2510','ofrcb_59209','amelia_garcia85@gmail.com');
INSERT INTO Registrations VALUES ('RG-14044','SC-17381','Charlotte','Rodriguez','37','WN-97534','pending','student','charlotte_4618','xnhuw_53197','charlotte_rodriguez51@gmail.com');
INSERT INTO Registrations VALUES ('RG-38550','SC-47828','Evelyn','Hernandez','32','WN-70153','pending','student','luna_9136','xwchy_83259','evelyn_hernandez49@gmail.com');
INSERT INTO Registrations VALUES ('RG-25153','SC-47828','Alexander','Anderson','39','WN-57832','pending','student','ava_2031','rlaql_51100','alexander_anderson01@gmail.com');
INSERT INTO Registrations VALUES ('RG-26522','SC-47828','Charlotte','Williams','36','WN-19408','pending','student','liam_6767','qnmyc_16213','charlotte_williams97@gmail.com');
INSERT INTO Registrations VALUES ('RG-10564','SC-57165','Liam','Moore','32','WN-32638','pending','student','harper_2175','dbzlg_70225','liam_moore55@gmail.com');
INSERT INTO Registrations VALUES ('RG-59744','SC-57165','Harper','Rodriguez','33','WN-27851','pending','student','evelyn_9403','veutl_29096','harper_rodriguez66@gmail.com');
INSERT INTO Registrations VALUES ('RG-70534','SC-17381','Charlotte','Williams','44','WN-27095','pending','student','james_8617','jzdtd_35834','charlotte_williams77@gmail.com');
INSERT INTO Registrations VALUES ('RG-63937','SC-57165','William','Williams','45','WN-32663','pending','student','amelia_8198','dplat_36935','william_williams82@gmail.com');
INSERT INTO Registrations VALUES ('RG-94682','SC-16764','Elijah','Martinez','24','WN-72449','pending','student','alexander_0217','lmzkw_53545','elijah_martinez49@gmail.com');
INSERT INTO Registrations VALUES ('RG-44401','SC-57165','Henry','Davis','32','WN-79673','pending','student','isabella_9726','obret_12213','henry_davis71@gmail.com');
INSERT INTO Registrations VALUES ('RG-39433','SC-17381','William','Moore','27','WN-77888','pending','student','amelia_3379','njvvw_16443','william_moore06@gmail.com');
INSERT INTO Registrations VALUES ('RG-35597','SC-47828','James','Rodriguez','25','WN-30311','pending','student','noah_7412','sijnh_39804','james_rodriguez44@gmail.com');
INSERT INTO Registrations VALUES ('RG-96103','SC-16764','Isabella','Walker','28','WN-86585','pending','student','benjamin_4112','qywpo_78642','isabella_walker56@gmail.com');
INSERT INTO Registrations VALUES ('RG-87114','SC-16764','Ava','Harris','45','WN-51311','pending','student','noah_6521','fumwi_07589','ava_harris00@gmail.com');
INSERT INTO Registrations VALUES ('RG-24579','SC-16764','Isabella','Garcia','49','WN-83119','pending','student','noah_6469','mbthc_67949','isabella_garcia56@gmail.com');
INSERT INTO Registrations VALUES ('RG-33510','SC-57165','Mia','Jones','32','WN-87587','pending','student','ava_0848','sidrq_32010','mia_jones25@gmail.com');
INSERT INTO Registrations VALUES ('RG-04666','SC-17381','Luna','Jones','37','WN-22998','pending','student','william_3159','uenpq_82574','luna_jones71@gmail.com');
INSERT INTO Registrations VALUES ('RG-03261','SC-16764','Elijah','Garcia','47','WN-39262','pending','student','liam_1727','frwzx_02323','elijah_garcia13@gmail.com');
INSERT INTO Registrations VALUES ('RG-54282','SC-47828','Amelia','Martinez','48','WN-74527','pending','instructor','isabella_2623','tyrgy_21422','amelia_martinez95@gmail.com');
INSERT INTO Registrations VALUES ('RG-38974','SC-17381','Henry','Taylor','26','WN-16680','pending','instructor','mia_3133','bzxrh_06226','henry_taylor21@gmail.com');
INSERT INTO Registrations VALUES ('RG-45697','SC-16764','Alexander','Jackson','40','WN-21415','pending','instructor','emma_3315','mrwku_71681','alexander_jackson73@gmail.com');
INSERT INTO Registrations VALUES ('RG-38267','SC-57165','Ava','Smith','54','WN-75722','pending','instructor','ava_8789','kglss_48761','ava_smith76@gmail.com');
INSERT INTO Registrations VALUES ('RG-59727','SC-16764','Sophia','Johnson','23','WN-06447','pending','instructor','lucas_1239','hmtio_05856','sophia_johnson86@gmail.com');
INSERT INTO Registrations VALUES ('RG-90013','SC-47828','William','Moore','52','WN-66307','pending','instructor','liam_3693','ytwgk_79157','william_moore39@gmail.com');
INSERT INTO Registrations VALUES ('RG-24112','SC-16764','Noah','Davis','31','WN-98080','pending','instructor','liam_5438','szkks_22793','noah_davis21@gmail.com');
INSERT INTO Registrations VALUES ('RG-56549','SC-17381','Elijah','Jones','23','WN-54774','pending','instructor','charlotte_5197','kucrx_99445','elijah_jones57@gmail.com');
INSERT INTO Registrations VALUES ('RG-94783','SC-47828','Lucas','Moore','40','WN-98112','pending','instructor','harper_8311','plwcn_03072','lucas_moore69@gmail.com');
INSERT INTO Registrations VALUES ('RG-61164','SC-47828','Alexander','Hernandez','19','WN-14644','pending','instructor','charlotte_9349','ufshw_82800','alexander_hernandez80@gmail.com');
INSERT INTO Registrations VALUES ('RG-52997','SC-57165','Ava','White','34','WN-92186','pending','instructor','elijah_8798','vnsdh_01585','ava_white21@gmail.com');
INSERT INTO Registrations VALUES ('RG-55717','SC-47828','Mia','Williams','26','WN-03230','pending','instructor','isabella_0603','ywaej_62374','mia_williams80@gmail.com');
INSERT INTO Registrations VALUES ('RG-08788','SC-57165','Luna','Jones','19','WN-95465','pending','instructor','olivia_9782','eptmv_84680','luna_jones24@gmail.com');
INSERT INTO Registrations VALUES ('RG-41954','SC-17381','Charlotte','Clark','19','WN-46429','pending','instructor','sophia_8408','vmcjp_75022','charlotte_clark74@gmail.com');
INSERT INTO Registrations VALUES ('RG-40962','SC-47828','Olivia','Williams','29','WN-08326','pending','instructor','charlotte_8270','snspr_91267','olivia_williams53@gmail.com');
INSERT INTO Registrations VALUES ('RG-53238','SC-47828','Henry','Thomas','53','WN-80486','pending','instructor','liam_4911','gsbug_83991','henry_thomas00@gmail.com');
INSERT INTO Registrations VALUES ('RG-85974','SC-16764','William','Hernandez','45','WN-13246','pending','instructor','isabella_9226','lgszz_63568','william_hernandez18@gmail.com');
INSERT INTO Registrations VALUES ('RG-76499','SC-16764','Noah','Martinez','45','WN-08362','pending','instructor','charlotte_7636','mavkr_41367','noah_martinez60@gmail.com');
INSERT INTO Registrations VALUES ('RG-68045','SC-16764','William','Smith','33','WN-57495','pending','instructor','mia_1924','ezluv_43953','william_smith57@gmail.com');

-- Reservation Table

INSERT INTO Reservations VALUES('RSV-62934','SC-16764','USR-30474','646-9-86-115053-9','2023-06-04','0');
INSERT INTO Reservations VALUES('RSV-65039','SC-17381','USR-28899','034-3-81-654923-2','2023-06-04','0');
INSERT INTO Reservations VALUES('RSV-37818','SC-47828','USR-62014','587-8-56-836812-9','2023-06-04','1');
INSERT INTO Reservations VALUES('RSV-88575','SC-57165','USR-12973','131-1-07-054842-6','2023-06-04','0');
INSERT INTO Reservations VALUES('RSV-38295','SC-47828','USR-86940','759-0-73-613931-6','2023-06-04','0');
INSERT INTO Reservations VALUES('RSV-08949','SC-17381','USR-00209','802-5-35-851156-2','2023-06-04','1');
INSERT INTO Reservations VALUES('RSV-07019','SC-16764','USR-70118','071-4-50-818152-4','2023-06-04','1');
INSERT INTO Reservations VALUES('RSV-23227','SC-47828','USR-53144','880-3-53-538675-3','2023-06-04','0');
INSERT INTO Reservations VALUES('RSV-14806','SC-16764','USR-53144','831-8-09-457402-6','2023-06-04','0');
INSERT INTO Reservations VALUES('RSV-71460','SC-17381','USR-57094','668-2-53-741531-8','2023-06-04','1');
INSERT INTO Reservations VALUES('RSV-15644','SC-47828','USR-28899','456-9-20-199300-4','2023-06-04','1');
INSERT INTO Reservations VALUES('RSV-04508','SC-47828','USR-82930','996-1-16-782442-7','2023-06-04','1');
INSERT INTO Reservations VALUES('RSV-20259','SC-16764','USR-70118','102-9-36-501972-2','2023-06-04','0');
INSERT INTO Reservations VALUES('RSV-34975','SC-57165','USR-43251','566-1-23-359836-9','2023-06-04','1');
INSERT INTO Reservations VALUES('RSV-94714','SC-57165','USR-82930','925-1-43-561562-8','2023-06-04','1');
INSERT INTO Reservations VALUES('RSV-01230','SC-16764','USR-18859','161-1-33-716854-2','2023-06-04','0');
INSERT INTO Reservations VALUES('RSV-66787','SC-17381','USR-70118','966-3-51-025223-7','2023-06-04','0');
INSERT INTO Reservations VALUES('RSV-27815','SC-16764','USR-73633','695-6-75-230401-6','2023-06-04','1');
INSERT INTO Reservations VALUES('RSV-62014','SC-16764','USR-03061','701-2-20-071309-5','2023-06-04','0');
INSERT INTO Reservations VALUES('RSV-06335','SC-57165','USR-91235','359-2-54-508531-5','2023-06-04','1');
INSERT INTO Reservations VALUES('RSV-03669','SC-17381','USR-11752','201-2-41-674547-7','2023-06-04','1');
INSERT INTO Reservations VALUES('RSV-34607','SC-17381','USR-45535','470-2-02-376410-6','2023-06-04','0');
INSERT INTO Reservations VALUES('RSV-49458','SC-16764','USR-86711','034-3-81-654923-2','2023-06-04','1');
INSERT INTO Reservations VALUES('RSV-36801','SC-47828','USR-50423','015-3-34-755054-5','2023-06-04','0');
INSERT INTO Reservations VALUES('RSV-24316','SC-47828','USR-17678','185-2-51-631905-8','2023-06-04','0');
INSERT INTO Reservations VALUES('RSV-67400','SC-17381','USR-86711','925-1-43-561562-8','2023-06-04','0');
INSERT INTO Reservations VALUES('RSV-63337','SC-16764','USR-60757','769-3-66-728396-8','2023-06-04','1');
INSERT INTO Reservations VALUES('RSV-86885','SC-57165','USR-57094','085-5-20-368339-5','2023-06-04','1');
INSERT INTO Reservations VALUES('RSV-39209','SC-47828','USR-18859','027-8-65-565847-0','2023-06-04','0');
INSERT INTO Reservations VALUES('RSV-95658','SC-17381','USR-91235','572-2-13-814015-2','2023-06-04','0');
INSERT INTO Reservations VALUES('RSV-18877','SC-57165','USR-18042','131-1-07-054842-6','2023-06-04','1');
INSERT INTO Reservations VALUES('RSV-11098','SC-17381','USR-12973','838-4-05-335309-1','2023-06-04','0');
INSERT INTO Reservations VALUES('RSV-97913','SC-16764','USR-03061','130-0-54-697975-3','2023-06-04','0');
INSERT INTO Reservations VALUES('RSV-07264','SC-47828','USR-74504','395-9-08-168653-9','2023-06-04','1');
INSERT INTO Reservations VALUES('RSV-75399','SC-17381','USR-50169','102-9-36-501972-2','2023-06-04','0');
INSERT INTO Reservations VALUES('RSV-90613','SC-17381','USR-85672','695-6-75-230401-6','2023-06-04','1');
INSERT INTO Reservations VALUES('RSV-11342','SC-47828','USR-97144','261-5-95-054031-1','2023-06-04','0');
INSERT INTO Reservations VALUES('RSV-90766','SC-17381','USR-60757','395-9-08-168653-9','2023-06-04','1');
INSERT INTO Reservations VALUES('RSV-33616','SC-57165','USR-53144','895-1-68-432431-8','2023-06-04','1');
INSERT INTO Reservations VALUES('RSV-28106','SC-57165','USR-86115','796-7-59-688803-0','2023-06-04','1');
