USE Library;

-- School Tables

INSERT INTO School_Library VALUES ('SC-38016','West School#8398','Athens','Megan','Brown','73393', '19', 'cannary St.');
INSERT INTO School_Library VALUES ('SC-18027','West School#4616','London','Josh','Black','37386', '85', 'bond St.');
INSERT INTO School_Library VALUES ('SC-25865','East School#8866','Athens','Evan','Black','82148', '29', 'bond St.');
INSERT INTO School_Library VALUES ('SC-42216','North School#0668','Venice','Josh','Orange','52052', '29', 'cannary St.');
INSERT INTO School_Phones VALUES ('210-5986888', 'SC-38016');
INSERT INTO School_Phones VALUES ('210-2679568', 'SC-18027');
INSERT INTO School_Phones VALUES ('210-2465307', 'SC-25865');
INSERT INTO School_Phones VALUES ('210-0834174', 'SC-42216');
INSERT INTO School_Library_Email VALUES ('West_School#8398@pubschool.com', 'SC-38016');
INSERT INTO School_Library_Email VALUES ('West_School#4616@pubschool.com', 'SC-18027');
INSERT INTO School_Library_Email VALUES ('East_School#8866@pubschool.com', 'SC-25865');
INSERT INTO School_Library_Email VALUES ('North_School#0668@pubschool.com', 'SC-42216');
INSERT INTO School_Library_Admins VALUES ('ADM-24330','SC-38016','John','Brown','admin_mxdih','jnlaf84140');
INSERT INTO School_Library_Admins VALUES ('ADM-83828','SC-18027','Josh','Black','admin_ycorr','ujrwt55702');
INSERT INTO School_Library_Admins VALUES ('ADM-83857','SC-25865','Josh','Black','admin_uebwv','hcenq03620');
INSERT INTO School_Library_Admins VALUES ('ADM-44675','SC-42216','Megan','Orange','admin_gwwvt','xxmvn73008');

-- User Tables

INSERT INTO Users VALUES ('USR-28650','SC-42216','Benjamin','Johnson','27','student','2','0','1','WN-32860');
INSERT INTO Users VALUES ('USR-39235','SC-25865','Luna','Moore','33','student','2','23','1','WN-71454');
INSERT INTO Users VALUES ('USR-76604','SC-42216','Joseph','Anderson','57','student','2','10','1','WN-73335');
INSERT INTO Users VALUES ('USR-58077','SC-38016','Henry','White','31','student','2','38','1','WN-76178');
INSERT INTO Users VALUES ('USR-60738','SC-38016','Abigail','Parker','53','student','2','14','1','WN-85166');
INSERT INTO Users VALUES ('USR-33079','SC-25865','Michael','Roberts','54','student','2','32','1','WN-74437');
INSERT INTO Users VALUES ('USR-83015','SC-42216','Natalie','Scott','47','student','2','29','1','WN-62322');
INSERT INTO Users VALUES ('USR-22814','SC-42216','Jacob','Jones','26','student','2','2','1','WN-93341');
INSERT INTO Users VALUES ('USR-96934','SC-18027','Evelyn','Williams','28','student','2','45','1','WN-74766');
INSERT INTO Users VALUES ('USR-85763','SC-42216','Liam','Johnson','44','student','2','10','1','WN-68501');
INSERT INTO Users VALUES ('USR-08760','SC-25865','Sofia','Garcia','60','student','2','22','1','WN-81890');
INSERT INTO Users VALUES ('USR-17786','SC-42216','Michael','Wright','54','student','2','8','1','WN-75967');
INSERT INTO Users VALUES ('USR-93742','SC-25865','Grace','Wright','43','student','2','29','1','WN-97459');
INSERT INTO Users VALUES ('USR-34096','SC-42216','Liam','Walker','24','student','2','40','1','WN-22989');
INSERT INTO Users VALUES ('USR-82666','SC-42216','Logan','King','36','student','2','21','1','WN-02224');
INSERT INTO Users VALUES ('USR-48622','SC-42216','Scarlett','Adams','39','student','2','13','1','WN-25660');
INSERT INTO Users VALUES ('USR-37094','SC-18027','Emily','Lopez','60','student','2','5','1','WN-55114');
INSERT INTO Users VALUES ('USR-01231','SC-42216','Chloe','Nelson','35','student','2','40','1','WN-52345');
INSERT INTO Users VALUES ('USR-12895','SC-42216','Daniel','Thomas','51','student','2','2','1','WN-84206');
INSERT INTO Users VALUES ('USR-70087','SC-25865','Samuel','Moore','24','student','2','24','1','WN-21236');
INSERT INTO Users VALUES ('USR-11933','SC-18027','Lucas','Martinez','33','student','2','34','1','WN-52295');
INSERT INTO Users VALUES ('USR-90647','SC-25865','Grace','Perez','43','student','2','16','1','WN-27733');
INSERT INTO Users VALUES ('USR-76141','SC-38016','Ethan','Perez','59','student','2','15','1','WN-76380');
INSERT INTO Users VALUES ('USR-95040','SC-25865','Daniel','King','36','student','2','37','1','WN-92081');
INSERT INTO Users VALUES ('USR-04651','SC-38016','Grace','Hall','51','student','2','15','1','WN-69251');
INSERT INTO Users VALUES ('USR-63301','SC-38016','Emma','Nelson','44','student','2','30','1','WN-52986');
INSERT INTO Users VALUES ('USR-44100','SC-25865','Natalie','Taylor','43','student','2','5','1','WN-23066');
INSERT INTO Users VALUES ('USR-15533','SC-25865','Elizabeth','Anderson','37','student','2','48','1','WN-53320');
INSERT INTO Users VALUES ('USR-82329','SC-42216','Grace','Baker','46','student','2','20','1','WN-21835');
INSERT INTO Users VALUES ('USR-63805','SC-25865','Sophia','Jackson','50','student','2','23','1','WN-33421');
INSERT INTO Users VALUES ('USR-44365','SC-42216','Emma','Rodriguez','59','student','2','29','1','WN-93388');
INSERT INTO Users VALUES ('USR-43396','SC-25865','David','Jones','20','instructor','1','49','1','WN-69516');
INSERT INTO Users VALUES ('USR-26408','SC-38016','Liam','Young','23','instructor','1','48','1','WN-89728');
INSERT INTO Users VALUES ('USR-15351','SC-38016','Ava','Parker','35','instructor','1','38','1','WN-69253');
INSERT INTO Users VALUES ('USR-45280','SC-38016','Harper','Perez','31','instructor','1','6','1','WN-27402');
INSERT INTO Users VALUES ('USR-66253','SC-18027','Evelyn','Perez','39','instructor','1','40','1','WN-15498');
INSERT INTO Users VALUES ('USR-99547','SC-38016','Emma','Williams','23','instructor','1','20','1','WN-94781');
INSERT INTO Users VALUES ('USR-08975','SC-38016','Emma','Harris','53','instructor','1','17','1','WN-63088');
INSERT INTO Users VALUES ('USR-47397','SC-42216','Sophia','King','43','instructor','1','29','1','WN-77235');
INSERT INTO Users VALUES ('USR-97084','SC-25865','Evelyn','Hall','38','instructor','1','3','1','WN-66757');
INSERT INTO Users VALUES ('USR-32638','SC-25865','Olivia','Green','25','instructor','1','22','1','WN-26970');
INSERT INTO Users VALUES ('USR-36711','SC-25865','Noah','Baker','34','instructor','1','9','1','WN-33941');
INSERT INTO Users VALUES ('USR-67773','SC-25865','Jacob','Campbell','47','instructor','1','15','1','WN-27304');
INSERT INTO Users VALUES ('USR-29951','SC-25865','Sophia','Harris','57','instructor','1','7','1','WN-21363');
INSERT INTO Users VALUES ('USR-10519','SC-18027','Ava','Wright','37','instructor','1','34','1','WN-50527');
INSERT INTO Users VALUES ('USR-29101','SC-42216','Scarlett','Lewis','37','instructor','1','1','1','WN-37816');
INSERT INTO Users VALUES ('USR-33032','SC-42216','Joseph','Perez','27','instructor','1','21','1','WN-52143');
INSERT INTO Users VALUES ('USR-44815','SC-18027','Sophia','Jones','39','instructor','1','30','1','WN-08149');
INSERT INTO Users VALUES ('USR-21660','SC-18027','Benjamin','Clark','29','instructor','1','36','1','WN-74194');
INSERT INTO Users VALUES ('USR-73550','SC-42216','James','White','52','instructor','1','28','1','WN-26663');
INSERT INTO Users_Email VALUES ('Benjamin_Johnson11@gmail.com','USR-28650');
INSERT INTO Users_Email VALUES ('Luna_Moore48@gmail.com','USR-39235');
INSERT INTO Users_Email VALUES ('Joseph_Anderson61@gmail.com','USR-76604');
INSERT INTO Users_Email VALUES ('Henry_White45@gmail.com','USR-58077');
INSERT INTO Users_Email VALUES ('Abigail_Parker58@gmail.com','USR-60738');
INSERT INTO Users_Email VALUES ('Michael_Roberts62@gmail.com','USR-33079');
INSERT INTO Users_Email VALUES ('Natalie_Scott05@gmail.com','USR-83015');
INSERT INTO Users_Email VALUES ('Jacob_Jones26@gmail.com','USR-22814');
INSERT INTO Users_Email VALUES ('Evelyn_Williams57@gmail.com','USR-96934');
INSERT INTO Users_Email VALUES ('Liam_Johnson17@gmail.com','USR-85763');
INSERT INTO Users_Email VALUES ('Sofia_Garcia95@gmail.com','USR-08760');
INSERT INTO Users_Email VALUES ('Michael_Wright14@gmail.com','USR-17786');
INSERT INTO Users_Email VALUES ('Grace_Wright21@gmail.com','USR-93742');
INSERT INTO Users_Email VALUES ('Liam_Walker04@gmail.com','USR-34096');
INSERT INTO Users_Email VALUES ('Logan_King33@gmail.com','USR-82666');
INSERT INTO Users_Email VALUES ('Scarlett_Adams56@gmail.com','USR-48622');
INSERT INTO Users_Email VALUES ('Emily_Lopez50@gmail.com','USR-37094');
INSERT INTO Users_Email VALUES ('Chloe_Nelson48@gmail.com','USR-01231');
INSERT INTO Users_Email VALUES ('Daniel_Thomas23@gmail.com','USR-12895');
INSERT INTO Users_Email VALUES ('Samuel_Moore73@gmail.com','USR-70087');
INSERT INTO Users_Email VALUES ('Lucas_Martinez85@gmail.com','USR-11933');
INSERT INTO Users_Email VALUES ('Grace_Perez20@gmail.com','USR-90647');
INSERT INTO Users_Email VALUES ('Ethan_Perez90@gmail.com','USR-76141');
INSERT INTO Users_Email VALUES ('Daniel_King79@gmail.com','USR-95040');
INSERT INTO Users_Email VALUES ('Grace_Hall34@gmail.com','USR-04651');
INSERT INTO Users_Email VALUES ('Emma_Nelson29@gmail.com','USR-63301');
INSERT INTO Users_Email VALUES ('Natalie_Taylor27@gmail.com','USR-44100');
INSERT INTO Users_Email VALUES ('Elizabeth_Anderson32@gmail.com','USR-15533');
INSERT INTO Users_Email VALUES ('Grace_Baker64@gmail.com','USR-82329');
INSERT INTO Users_Email VALUES ('Sophia_Jackson79@gmail.com','USR-63805');
INSERT INTO Users_Email VALUES ('Emma_Rodriguez91@gmail.com','USR-44365');
INSERT INTO Users_Email VALUES ('David_Jones25@gmail.com','USR-43396');
INSERT INTO Users_Email VALUES ('Liam_Young15@gmail.com','USR-26408');
INSERT INTO Users_Email VALUES ('Ava_Parker67@gmail.com','USR-15351');
INSERT INTO Users_Email VALUES ('Harper_Perez24@gmail.com','USR-45280');
INSERT INTO Users_Email VALUES ('Evelyn_Perez98@gmail.com','USR-66253');
INSERT INTO Users_Email VALUES ('Emma_Williams09@gmail.com','USR-99547');
INSERT INTO Users_Email VALUES ('Emma_Harris52@gmail.com','USR-08975');
INSERT INTO Users_Email VALUES ('Sophia_King58@gmail.com','USR-47397');
INSERT INTO Users_Email VALUES ('Evelyn_Hall28@gmail.com','USR-97084');
INSERT INTO Users_Email VALUES ('Olivia_Green21@gmail.com','USR-32638');
INSERT INTO Users_Email VALUES ('Noah_Baker33@gmail.com','USR-36711');
INSERT INTO Users_Email VALUES ('Jacob_Campbell89@gmail.com','USR-67773');
INSERT INTO Users_Email VALUES ('Sophia_Harris57@gmail.com','USR-29951');
INSERT INTO Users_Email VALUES ('Ava_Wright81@gmail.com','USR-10519');
INSERT INTO Users_Email VALUES ('Scarlett_Lewis80@gmail.com','USR-29101');
INSERT INTO Users_Email VALUES ('Joseph_Perez70@gmail.com','USR-33032');
INSERT INTO Users_Email VALUES ('Sophia_Jones16@gmail.com','USR-44815');
INSERT INTO Users_Email VALUES ('Benjamin_Clark37@gmail.com','USR-21660');
INSERT INTO Users_Email VALUES ('James_White13@gmail.com','USR-73550');

-- Book Tables

INSERT INTO Books VALUES ('758-7-88-893621-3','SC-42216','Enchant Illumination','Grey Editions','853','Sample summary for Enchant Illumination With Regards Grey Editions','81');
INSERT INTO Books VALUES ('529-0-61-545619-2','SC-38016','Paradigm Serene','Orange Editions','240','Sample summary for Paradigm Serene With Regards Orange Editions','73');
INSERT INTO Books VALUES ('147-3-67-743144-8','SC-42216','Spectrum Wanderlust','Green Editios','574','Sample summary for Spectrum Wanderlust With Regards Green Editios','40');
INSERT INTO Books VALUES ('607-4-28-749192-9','SC-42216','Vortex Resonance','Grey Editions','30','Sample summary for Vortex Resonance With Regards Grey Editions','66');
INSERT INTO Books VALUES ('248-0-02-367301-3','SC-18027','Harmonious Echoes','Black Editions','753','Sample summary for Harmonious Echoes With Regards Black Editions','99');
INSERT INTO Books VALUES ('271-6-88-481973-5','SC-25865','Symmetry Resonance','Grey Editions','807','Sample summary for Symmetry Resonance With Regards Grey Editions','20');
INSERT INTO Books VALUES ('930-2-88-196926-8','SC-38016','Wanderer Enchanted','Orange Editions','442','Sample summary for Wanderer Enchanted With Regards Orange Editions','93');
INSERT INTO Books VALUES ('099-9-31-655251-6','SC-18027','Symmetry Twilight','Grey Editions','498','Sample summary for Symmetry Twilight With Regards Grey Editions','52');
INSERT INTO Books VALUES ('222-1-22-941888-9','SC-42216','Awe-inspiring Enigma','Grey Editions','419','Sample summary for Awe-inspiring Enigma With Regards Grey Editions','18');
INSERT INTO Books VALUES ('843-3-30-063902-9','SC-38016','Unveiled Cascade','Orange Editions','226','Sample summary for Unveiled Cascade With Regards Orange Editions','98');
INSERT INTO Books VALUES ('620-5-97-603220-9','SC-25865','Radiant Melancholy','Black Editions','936','Sample summary for Radiant Melancholy With Regards Black Editions','37');
INSERT INTO Books VALUES ('483-5-77-465611-0','SC-25865','Enigmatic Serene','Black Editions','232','Sample summary for Enigmatic Serene With Regards Black Editions','48');
INSERT INTO Books VALUES ('970-1-27-474354-0','SC-25865','Luminous Spellbound','Grey Editions','50','Sample summary for Luminous Spellbound With Regards Grey Editions','57');
INSERT INTO Books VALUES ('286-0-67-992456-4','SC-38016','Solitude Whimsical','Black Editions','436','Sample summary for Solitude Whimsical With Regards Black Editions','94');
INSERT INTO Books VALUES ('448-9-02-417634-0','SC-18027','Illumination Ascend','Grey Editions','616','Sample summary for Illumination Ascend With Regards Grey Editions','56');
INSERT INTO Books VALUES ('812-0-96-487514-6','SC-18027','Awe-inspiring Enthrall','Black Editions','672','Sample summary for Awe-inspiring Enthrall With Regards Black Editions','13');
INSERT INTO Books VALUES ('197-7-48-411665-0','SC-38016','Enchanting Solitude','Grey Editions','987','Sample summary for Enchanting Solitude With Regards Grey Editions','76');
INSERT INTO Books VALUES ('594-2-73-483888-7','SC-25865','Wanderlust Enigma','Black Editions','838','Sample summary for Wanderlust Enigma With Regards Black Editions','92');
INSERT INTO Books VALUES ('341-7-07-560296-8','SC-38016','Reflection Amplitude','Orange Editions','744','Sample summary for Reflection Amplitude With Regards Orange Editions','71');
INSERT INTO Books VALUES ('373-6-67-850915-2','SC-42216','Nebula Serene','Green Editios','521','Sample summary for Nebula Serene With Regards Green Editios','61');
INSERT INTO Books VALUES ('079-3-36-562047-3','SC-38016','Cascade Enchant','Black Editions','139','Sample summary for Cascade Enchant With Regards Black Editions','7');
INSERT INTO Books VALUES ('604-7-65-313297-7','SC-25865','Whirlwind Awe-inspiring','Orange Editions','881','Sample summary for Whirlwind Awe-inspiring With Regards Orange Editions','13');
INSERT INTO Books VALUES ('362-1-66-095770-4','SC-25865','Phoenix Abyss','Orange Editions','537','Sample summary for Phoenix Abyss With Regards Orange Editions','79');
INSERT INTO Books VALUES ('768-8-02-044553-8','SC-42216','Euphoria Transcend','Orange Editions','222','Sample summary for Euphoria Transcend With Regards Orange Editions','61');
INSERT INTO Books VALUES ('663-2-52-923702-1','SC-38016','Illuminate Evolve','Orange Editions','504','Sample summary for Illuminate Evolve With Regards Orange Editions','37');
INSERT INTO Books VALUES ('730-3-90-707435-9','SC-42216','Melancholy Tranquil','Orange Editions','493','Sample summary for Melancholy Tranquil With Regards Orange Editions','31');
INSERT INTO Books VALUES ('677-2-68-217020-2','SC-18027','Miraculous Essence','Orange Editions','794','Sample summary for Miraculous Essence With Regards Orange Editions','15');
INSERT INTO Books VALUES ('565-3-54-517900-1','SC-25865','Enchanting Melancholy','Green Editios','521','Sample summary for Enchanting Melancholy With Regards Green Editios','47');
INSERT INTO Books VALUES ('280-1-86-947610-3','SC-42216','Radiant Melancholy','Grey Editions','160','Sample summary for Radiant Melancholy With Regards Grey Editions','31');
INSERT INTO Books VALUES ('226-8-95-828317-9','SC-42216','Melancholy Enchant','Black Editions','434','Sample summary for Melancholy Enchant With Regards Black Editions','75');
INSERT INTO Books VALUES ('556-1-30-993311-8','SC-38016','Harmonious Stellar','Black Editions','140','Sample summary for Harmonious Stellar With Regards Black Editions','22');
INSERT INTO Books VALUES ('157-5-23-848543-7','SC-25865','Phoenix Awe-inspiring','Green Editios','480','Sample summary for Phoenix Awe-inspiring With Regards Green Editios','72');
INSERT INTO Books VALUES ('298-0-39-543108-3','SC-42216','Enigmatic Ethereal','Green Editios','889','Sample summary for Enigmatic Ethereal With Regards Green Editios','60');
INSERT INTO Books VALUES ('648-5-68-519006-2','SC-25865','Echoes Phoenix','Orange Editions','442','Sample summary for Echoes Phoenix With Regards Orange Editions','1');
INSERT INTO Books VALUES ('979-0-09-747490-4','SC-42216','Whirlwind Harmonious','Grey Editions','428','Sample summary for Whirlwind Harmonious With Regards Grey Editions','88');
INSERT INTO Books VALUES ('822-3-80-964638-0','SC-38016','Zenith Mirage','Grey Editions','903','Sample summary for Zenith Mirage With Regards Grey Editions','68');
INSERT INTO Books VALUES ('308-4-29-736816-8','SC-18027','Enigma Journey','Green Editios','824','Sample summary for Enigma Journey With Regards Green Editios','93');
INSERT INTO Books VALUES ('691-3-37-481134-3','SC-38016','Reverence Spectrum','Grey Editions','1000','Sample summary for Reverence Spectrum With Regards Grey Editions','8');
INSERT INTO Books VALUES ('424-8-43-192564-6','SC-25865','Enchanted Spectrum','Green Editios','949','Sample summary for Enchanted Spectrum With Regards Green Editios','51');
INSERT INTO Books VALUES ('462-2-81-632195-0','SC-42216','Captivate Solitude','Grey Editions','48','Sample summary for Captivate Solitude With Regards Grey Editions','18');
INSERT INTO Books VALUES ('856-7-38-527251-1','SC-18027','Reflection Reverie','Green Editios','927','Sample summary for Reflection Reverie With Regards Green Editios','84');
INSERT INTO Books VALUES ('067-4-77-128208-4','SC-42216','Tranquil Euphoria','Orange Editions','729','Sample summary for Tranquil Euphoria With Regards Orange Editions','44');
INSERT INTO Books VALUES ('854-4-64-425543-2','SC-25865','Enchanting Journey','Green Editios','435','Sample summary for Enchanting Journey With Regards Green Editios','36');
INSERT INTO Books VALUES ('543-5-83-006582-3','SC-38016','Enigmatic Wanderer','Orange Editions','478','Sample summary for Enigmatic Wanderer With Regards Orange Editions','34');
INSERT INTO Books VALUES ('475-7-03-946712-0','SC-42216','Whimsical Awe-inspiring','Orange Editions','333','Sample summary for Whimsical Awe-inspiring With Regards Orange Editions','42');
INSERT INTO Books VALUES ('427-7-96-152572-1','SC-25865','Cascade Tranquil','Orange Editions','62','Sample summary for Cascade Tranquil With Regards Orange Editions','56');
INSERT INTO Books VALUES ('575-1-33-231583-0','SC-38016','Wanderer Luminescence','Green Editios','972','Sample summary for Wanderer Luminescence With Regards Green Editios','87');
INSERT INTO Books VALUES ('973-7-69-423984-9','SC-18027','Unveiled Reverie','Green Editios','204','Sample summary for Unveiled Reverie With Regards Green Editios','92');
INSERT INTO Books VALUES ('662-9-89-222155-2','SC-38016','Solitude Spectrum','Black Editions','221','Sample summary for Solitude Spectrum With Regards Black Editions','37');
INSERT INTO Books VALUES ('773-7-92-570498-5','SC-25865','Infinite Wanderlust','Black Editions','225','Sample summary for Infinite Wanderlust With Regards Black Editions','27');
INSERT INTO Books VALUES ('280-5-70-558845-7','SC-38016','Enigma Amplitude','Orange Editions','813','Sample summary for Enigma Amplitude With Regards Orange Editions','78');
INSERT INTO Books VALUES ('479-7-26-438740-5','SC-18027','Ethereal Paradigm','Green Editios','662','Sample summary for Ethereal Paradigm With Regards Green Editios','77');
INSERT INTO Books VALUES ('837-8-31-289024-4','SC-38016','Stellar Symmetry','Green Editios','585','Sample summary for Stellar Symmetry With Regards Green Editios','79');
INSERT INTO Books VALUES ('819-8-45-584040-4','SC-18027','Dreamweaver Spellbound','Black Editions','88','Sample summary for Dreamweaver Spellbound With Regards Black Editions','27');
INSERT INTO Books VALUES ('156-8-86-878555-0','SC-42216','Ascend Luminous','Orange Editions','573','Sample summary for Ascend Luminous With Regards Orange Editions','54');
INSERT INTO Books VALUES ('116-2-03-072332-1','SC-18027','Echoes Spectrum','Green Editios','354','Sample summary for Echoes Spectrum With Regards Green Editios','9');
INSERT INTO Books VALUES ('946-5-65-604430-2','SC-42216','Infinite Enigma','Black Editions','9','Sample summary for Infinite Enigma With Regards Black Editions','30');
INSERT INTO Books VALUES ('272-4-15-398305-2','SC-42216','Euphoria Evolve','Black Editions','226','Sample summary for Euphoria Evolve With Regards Black Editions','57');
INSERT INTO Books VALUES ('929-2-07-058335-1','SC-42216','Enthrall Evolve','Grey Editions','850','Sample summary for Enthrall Evolve With Regards Grey Editions','94');
INSERT INTO Books VALUES ('068-2-75-529695-7','SC-18027','Infinite Ascend','Grey Editions','960','Sample summary for Infinite Ascend With Regards Grey Editions','66');
INSERT INTO Books VALUES ('535-0-53-763378-3','SC-38016','Awakening Evolve','Orange Editions','630','Sample summary for Awakening Evolve With Regards Orange Editions','84');
INSERT INTO Books VALUES ('915-2-50-868818-1','SC-18027','Radiant Enigma','Black Editions','911','Sample summary for Radiant Enigma With Regards Black Editions','66');
INSERT INTO Books VALUES ('073-8-98-244205-0','SC-18027','Enchanted Serendipity','Green Editios','455','Sample summary for Enchanted Serendipity With Regards Green Editios','75');
INSERT INTO Books VALUES ('269-7-59-129386-4','SC-18027','Whimsical Paradigm','Green Editios','870','Sample summary for Whimsical Paradigm With Regards Green Editios','94');
INSERT INTO Books VALUES ('401-6-70-522521-2','SC-25865','Melancholy Awe-inspiring','Grey Editions','390','Sample summary for Melancholy Awe-inspiring With Regards Grey Editions','1');
INSERT INTO Books VALUES ('934-1-13-087766-0','SC-38016','Celestial Quest','Green Editios','523','Sample summary for Celestial Quest With Regards Green Editios','82');
INSERT INTO Books VALUES ('641-0-50-074904-1','SC-42216','Cascade Evolve','Grey Editions','770','Sample summary for Cascade Evolve With Regards Grey Editions','58');
INSERT INTO Books VALUES ('753-5-73-578786-7','SC-42216','Quest Enchanted','Green Editios','35','Sample summary for Quest Enchanted With Regards Green Editios','3');
INSERT INTO Books VALUES ('203-8-47-939034-6','SC-18027','Enchanting Utopia','Black Editions','840','Sample summary for Enchanting Utopia With Regards Black Editions','72');
INSERT INTO Books VALUES ('097-7-96-699836-9','SC-18027','Awe-inspiring Serendipity','Green Editios','542','Sample summary for Awe-inspiring Serendipity With Regards Green Editios','86');
INSERT INTO Books VALUES ('119-3-15-136452-7','SC-25865','Enigmatic Spellbound','Orange Editions','645','Sample summary for Enigmatic Spellbound With Regards Orange Editions','11');
INSERT INTO Books VALUES ('426-7-55-397227-6','SC-25865','Enthrall Essence','Grey Editions','92','Sample summary for Enthrall Essence With Regards Grey Editions','14');
INSERT INTO Books VALUES ('791-2-05-132925-2','SC-38016','Tranquil Ascend','Orange Editions','483','Sample summary for Tranquil Ascend With Regards Orange Editions','59');
INSERT INTO Books VALUES ('832-1-29-482218-7','SC-42216','Reverie Luminescence','Orange Editions','449','Sample summary for Reverie Luminescence With Regards Orange Editions','98');
INSERT INTO Books VALUES ('535-0-56-499006-7','SC-42216','Catalyst Ecstasy','Grey Editions','819','Sample summary for Catalyst Ecstasy With Regards Grey Editions','30');
INSERT INTO Books VALUES ('098-9-46-114909-7','SC-18027','Spellbound Echoes','Grey Editions','108','Sample summary for Spellbound Echoes With Regards Grey Editions','5');
INSERT INTO Books VALUES ('522-3-72-793354-0','SC-38016','Unveiled Harmony','Orange Editions','147','Sample summary for Unveiled Harmony With Regards Orange Editions','15');
INSERT INTO Books VALUES ('946-0-49-062166-7','SC-25865','Ecstasy Reflection','Black Editions','947','Sample summary for Ecstasy Reflection With Regards Black Editions','65');
INSERT INTO Books VALUES ('955-9-46-389756-1','SC-25865','Euphoria Luminescence','Green Editios','190','Sample summary for Euphoria Luminescence With Regards Green Editios','74');
INSERT INTO Books VALUES ('529-7-39-715768-9','SC-38016','Echoes Journey','Orange Editions','286','Sample summary for Echoes Journey With Regards Orange Editions','52');
INSERT INTO Books VALUES ('048-7-34-230184-6','SC-38016','Enchanted Miraculous','Grey Editions','41','Sample summary for Enchanted Miraculous With Regards Grey Editions','72');
INSERT INTO Books VALUES ('209-7-85-470952-9','SC-38016','Infinite Enigma','Grey Editions','633','Sample summary for Infinite Enigma With Regards Grey Editions','50');
INSERT INTO Books VALUES ('184-4-37-012394-9','SC-42216','Paradigm Harmony','Green Editios','654','Sample summary for Paradigm Harmony With Regards Green Editios','22');
INSERT INTO Books VALUES ('817-3-15-948299-5','SC-18027','Captivate Reverence','Black Editions','913','Sample summary for Captivate Reverence With Regards Black Editions','86');
INSERT INTO Books VALUES ('189-5-05-753787-7','SC-18027','Unveiled Solitude','Grey Editions','371','Sample summary for Unveiled Solitude With Regards Grey Editions','10');
INSERT INTO Books VALUES ('777-6-06-427311-7','SC-18027','Illumination Odyssey','Orange Editions','721','Sample summary for Illumination Odyssey With Regards Orange Editions','33');
INSERT INTO Books VALUES ('298-8-97-411845-4','SC-42216','Enigmatic Spectrum','Grey Editions','588','Sample summary for Enigmatic Spectrum With Regards Grey Editions','51');
INSERT INTO Books VALUES ('180-4-41-464998-5','SC-42216','Illuminate Enthrall','Green Editios','992','Sample summary for Illuminate Enthrall With Regards Green Editios','46');
INSERT INTO Books VALUES ('122-9-75-806636-6','SC-18027','Essence Nebula','Grey Editions','431','Sample summary for Essence Nebula With Regards Grey Editions','74');
INSERT INTO Books VALUES ('314-1-78-447209-3','SC-38016','Enigma Luminescence','Grey Editions','730','Sample summary for Enigma Luminescence With Regards Grey Editions','96');
INSERT INTO Books VALUES ('021-4-30-483738-9','SC-18027','Serene Awakening','Orange Editions','574','Sample summary for Serene Awakening With Regards Orange Editions','100');
INSERT INTO Books VALUES ('150-0-35-679558-6','SC-38016','Amplitude Wanderlust','Orange Editions','946','Sample summary for Amplitude Wanderlust With Regards Orange Editions','16');
INSERT INTO Books VALUES ('819-0-17-981641-3','SC-25865','Journey Luminescence','Black Editions','720','Sample summary for Journey Luminescence With Regards Black Editions','68');
INSERT INTO Books VALUES ('449-5-04-940352-6','SC-18027','Wanderlust Evolve','Grey Editions','12','Sample summary for Wanderlust Evolve With Regards Grey Editions','14');
INSERT INTO Books VALUES ('465-3-79-292431-0','SC-25865','Amplitude Journey','Green Editios','999','Sample summary for Amplitude Journey With Regards Green Editios','94');
INSERT INTO Books VALUES ('838-0-35-614361-9','SC-18027','Journey Transcend','Black Editions','245','Sample summary for Journey Transcend With Regards Black Editions','18');
INSERT INTO Books VALUES ('042-8-77-720893-4','SC-42216','Enigma Whimsical','Black Editions','853','Sample summary for Enigma Whimsical With Regards Black Editions','11');
INSERT INTO Books VALUES ('791-7-14-557903-7','SC-18027','Quest Illumination','Green Editios','21','Sample summary for Quest Illumination With Regards Green Editios','89');
INSERT INTO Books VALUES ('224-3-41-752990-3','SC-42216','Echoes Symmetry','Black Editions','517','Sample summary for Echoes Symmetry With Regards Black Editions','22');
INSERT INTO Books VALUES ('414-1-74-916472-4','SC-18027','Resonance Harmony','Green Editios','757','Sample summary for Resonance Harmony With Regards Green Editios','30');
INSERT INTO Book_Categories(ISBN,Category) VALUES ('758-7-88-893621-3','Non-fiction');
INSERT INTO Book_Categories(ISBN,Category) VALUES ('529-0-61-545619-2','Science Fiction');
INSERT INTO Book_Categories(ISBN,Category) VALUES ('147-3-67-743144-8','Fantasy');
INSERT INTO Book_Categories(ISBN,Category) VALUES ('607-4-28-749192-9','Self-help');
INSERT INTO Book_Categories(ISBN,Category) VALUES ('248-0-02-367301-3','Fiction');
INSERT INTO Book_Categories(ISBN,Category) VALUES ('271-6-88-481973-5','Mystery');
INSERT INTO Book_Categories(ISBN,Category) VALUES ('930-2-88-196926-8','Science Fiction');
INSERT INTO Book_Categories(ISBN,Category) VALUES ('099-9-31-655251-6','Fantasy');
INSERT INTO Book_Categories(ISBN,Category) VALUES ('222-1-22-941888-9','Mystery');
INSERT INTO Book_Categories(ISBN,Category) VALUES ('843-3-30-063902-9','Fiction');
INSERT INTO Book_Categories(ISBN,Category) VALUES ('620-5-97-603220-9','Biography');
INSERT INTO Book_Categories(ISBN,Category) VALUES ('483-5-77-465611-0','Thriller');
INSERT INTO Book_Categories(ISBN,Category) VALUES ('970-1-27-474354-0','Self-help');
INSERT INTO Book_Categories(ISBN,Category) VALUES ('286-0-67-992456-4','Self-help');
INSERT INTO Book_Categories(ISBN,Category) VALUES ('448-9-02-417634-0','Thriller');
INSERT INTO Book_Categories(ISBN,Category) VALUES ('812-0-96-487514-6','Self-help');
INSERT INTO Book_Categories(ISBN,Category) VALUES ('197-7-48-411665-0','Thriller');
INSERT INTO Book_Categories(ISBN,Category) VALUES ('594-2-73-483888-7','Science Fiction');
INSERT INTO Book_Categories(ISBN,Category) VALUES ('341-7-07-560296-8','Self-help');
INSERT INTO Book_Categories(ISBN,Category) VALUES ('373-6-67-850915-2','Romance');
INSERT INTO Book_Categories(ISBN,Category) VALUES ('079-3-36-562047-3','Fantasy');
INSERT INTO Book_Categories(ISBN,Category) VALUES ('604-7-65-313297-7','Non-fiction');
INSERT INTO Book_Categories(ISBN,Category) VALUES ('362-1-66-095770-4','History');
INSERT INTO Book_Categories(ISBN,Category) VALUES ('768-8-02-044553-8','Self-help');
INSERT INTO Book_Categories(ISBN,Category) VALUES ('663-2-52-923702-1','Science Fiction');
INSERT INTO Book_Categories(ISBN,Category) VALUES ('730-3-90-707435-9','Romance');
INSERT INTO Book_Categories(ISBN,Category) VALUES ('677-2-68-217020-2','Science Fiction');
INSERT INTO Book_Categories(ISBN,Category) VALUES ('565-3-54-517900-1','Fantasy');
INSERT INTO Book_Categories(ISBN,Category) VALUES ('280-1-86-947610-3','Non-fiction');
INSERT INTO Book_Categories(ISBN,Category) VALUES ('226-8-95-828317-9','Mystery');
INSERT INTO Book_Categories(ISBN,Category) VALUES ('556-1-30-993311-8','Biography');
INSERT INTO Book_Categories(ISBN,Category) VALUES ('157-5-23-848543-7','Romance');
INSERT INTO Book_Categories(ISBN,Category) VALUES ('298-0-39-543108-3','Mystery');
INSERT INTO Book_Categories(ISBN,Category) VALUES ('648-5-68-519006-2','Self-help');
INSERT INTO Book_Categories(ISBN,Category) VALUES ('979-0-09-747490-4','Self-help');
INSERT INTO Book_Categories(ISBN,Category) VALUES ('822-3-80-964638-0','Fiction');
INSERT INTO Book_Categories(ISBN,Category) VALUES ('308-4-29-736816-8','Science Fiction');
INSERT INTO Book_Categories(ISBN,Category) VALUES ('691-3-37-481134-3','Non-fiction');
INSERT INTO Book_Categories(ISBN,Category) VALUES ('424-8-43-192564-6','Fantasy');
INSERT INTO Book_Categories(ISBN,Category) VALUES ('462-2-81-632195-0','Romance');
INSERT INTO Book_Categories(ISBN,Category) VALUES ('856-7-38-527251-1','Fantasy');
INSERT INTO Book_Categories(ISBN,Category) VALUES ('067-4-77-128208-4','Mystery');
INSERT INTO Book_Categories(ISBN,Category) VALUES ('854-4-64-425543-2','Fantasy');
INSERT INTO Book_Categories(ISBN,Category) VALUES ('543-5-83-006582-3','Self-help');
INSERT INTO Book_Categories(ISBN,Category) VALUES ('475-7-03-946712-0','Fantasy');
INSERT INTO Book_Categories(ISBN,Category) VALUES ('427-7-96-152572-1','Self-help');
INSERT INTO Book_Categories(ISBN,Category) VALUES ('575-1-33-231583-0','Mystery');
INSERT INTO Book_Categories(ISBN,Category) VALUES ('973-7-69-423984-9','Self-help');
INSERT INTO Book_Categories(ISBN,Category) VALUES ('662-9-89-222155-2','Biography');
INSERT INTO Book_Categories(ISBN,Category) VALUES ('773-7-92-570498-5','Fiction');
INSERT INTO Book_Categories(ISBN,Category) VALUES ('280-5-70-558845-7','Self-help');
INSERT INTO Book_Categories(ISBN,Category) VALUES ('479-7-26-438740-5','Self-help');
INSERT INTO Book_Categories(ISBN,Category) VALUES ('837-8-31-289024-4','Thriller');
INSERT INTO Book_Categories(ISBN,Category) VALUES ('819-8-45-584040-4','Science Fiction');
INSERT INTO Book_Categories(ISBN,Category) VALUES ('156-8-86-878555-0','Thriller');
INSERT INTO Book_Categories(ISBN,Category) VALUES ('116-2-03-072332-1','Thriller');
INSERT INTO Book_Categories(ISBN,Category) VALUES ('946-5-65-604430-2','Thriller');
INSERT INTO Book_Categories(ISBN,Category) VALUES ('272-4-15-398305-2','Fantasy');
INSERT INTO Book_Categories(ISBN,Category) VALUES ('929-2-07-058335-1','History');
INSERT INTO Book_Categories(ISBN,Category) VALUES ('068-2-75-529695-7','Science Fiction');
INSERT INTO Book_Categories(ISBN,Category) VALUES ('535-0-53-763378-3','Self-help');
INSERT INTO Book_Categories(ISBN,Category) VALUES ('915-2-50-868818-1','Biography');
INSERT INTO Book_Categories(ISBN,Category) VALUES ('073-8-98-244205-0','Mystery');
INSERT INTO Book_Categories(ISBN,Category) VALUES ('269-7-59-129386-4','Non-fiction');
INSERT INTO Book_Categories(ISBN,Category) VALUES ('401-6-70-522521-2','Fantasy');
INSERT INTO Book_Categories(ISBN,Category) VALUES ('934-1-13-087766-0','Biography');
INSERT INTO Book_Categories(ISBN,Category) VALUES ('641-0-50-074904-1','Thriller');
INSERT INTO Book_Categories(ISBN,Category) VALUES ('753-5-73-578786-7','Thriller');
INSERT INTO Book_Categories(ISBN,Category) VALUES ('203-8-47-939034-6','Non-fiction');
INSERT INTO Book_Categories(ISBN,Category) VALUES ('097-7-96-699836-9','Fantasy');
INSERT INTO Book_Categories(ISBN,Category) VALUES ('119-3-15-136452-7','Non-fiction');
INSERT INTO Book_Categories(ISBN,Category) VALUES ('426-7-55-397227-6','History');
INSERT INTO Book_Categories(ISBN,Category) VALUES ('791-2-05-132925-2','Science Fiction');
INSERT INTO Book_Categories(ISBN,Category) VALUES ('832-1-29-482218-7','Thriller');
INSERT INTO Book_Categories(ISBN,Category) VALUES ('535-0-56-499006-7','Mystery');
INSERT INTO Book_Categories(ISBN,Category) VALUES ('098-9-46-114909-7','Fantasy');
INSERT INTO Book_Categories(ISBN,Category) VALUES ('522-3-72-793354-0','Biography');
INSERT INTO Book_Categories(ISBN,Category) VALUES ('946-0-49-062166-7','Fiction');
INSERT INTO Book_Categories(ISBN,Category) VALUES ('955-9-46-389756-1','Science Fiction');
INSERT INTO Book_Categories(ISBN,Category) VALUES ('529-7-39-715768-9','Non-fiction');
INSERT INTO Book_Categories(ISBN,Category) VALUES ('048-7-34-230184-6','Romance');
INSERT INTO Book_Categories(ISBN,Category) VALUES ('209-7-85-470952-9','Mystery');
INSERT INTO Book_Categories(ISBN,Category) VALUES ('184-4-37-012394-9','Thriller');
INSERT INTO Book_Categories(ISBN,Category) VALUES ('817-3-15-948299-5','Non-fiction');
INSERT INTO Book_Categories(ISBN,Category) VALUES ('189-5-05-753787-7','History');
INSERT INTO Book_Categories(ISBN,Category) VALUES ('777-6-06-427311-7','Non-fiction');
INSERT INTO Book_Categories(ISBN,Category) VALUES ('298-8-97-411845-4','Science Fiction');
INSERT INTO Book_Categories(ISBN,Category) VALUES ('180-4-41-464998-5','Fantasy');
INSERT INTO Book_Categories(ISBN,Category) VALUES ('122-9-75-806636-6','Fantasy');
INSERT INTO Book_Categories(ISBN,Category) VALUES ('314-1-78-447209-3','Self-help');
INSERT INTO Book_Categories(ISBN,Category) VALUES ('021-4-30-483738-9','Thriller');
INSERT INTO Book_Categories(ISBN,Category) VALUES ('150-0-35-679558-6','Self-help');
INSERT INTO Book_Categories(ISBN,Category) VALUES ('819-0-17-981641-3','Science Fiction');
INSERT INTO Book_Categories(ISBN,Category) VALUES ('449-5-04-940352-6','Biography');
INSERT INTO Book_Categories(ISBN,Category) VALUES ('465-3-79-292431-0','Fiction');
INSERT INTO Book_Categories(ISBN,Category) VALUES ('838-0-35-614361-9','Mystery');
INSERT INTO Book_Categories(ISBN,Category) VALUES ('042-8-77-720893-4','Fantasy');
INSERT INTO Book_Categories(ISBN,Category) VALUES ('791-7-14-557903-7','Non-fiction');
INSERT INTO Book_Categories(ISBN,Category) VALUES ('224-3-41-752990-3','History');
INSERT INTO Book_Categories(ISBN,Category) VALUES ('414-1-74-916472-4','Fantasy');
INSERT INTO Book_Categories(ISBN,Category) VALUES ('758-7-88-893621-3','History');
INSERT INTO Book_Categories(ISBN,Category) VALUES ('529-0-61-545619-2','Non-fiction');
INSERT INTO Book_Categories(ISBN,Category) VALUES ('147-3-67-743144-8','Self-help');
INSERT INTO Book_Categories(ISBN,Category) VALUES ('607-4-28-749192-9','Mystery');
INSERT INTO Book_Categories(ISBN,Category) VALUES ('248-0-02-367301-3','Romance');
INSERT INTO Book_Categories(ISBN,Category) VALUES ('271-6-88-481973-5','History');
INSERT INTO Book_Categories(ISBN,Category) VALUES ('930-2-88-196926-8','Biography');
INSERT INTO Book_Categories(ISBN,Category) VALUES ('099-9-31-655251-6','Non-fiction');
INSERT INTO Book_Categories(ISBN,Category) VALUES ('222-1-22-941888-9','Fiction');
INSERT INTO Book_Categories(ISBN,Category) VALUES ('843-3-30-063902-9','History');
INSERT INTO Book_Categories(ISBN,Category) VALUES ('620-5-97-603220-9','Fantasy');
INSERT INTO Book_Categories(ISBN,Category) VALUES ('483-5-77-465611-0','Self-help');
INSERT INTO Book_Categories(ISBN,Category) VALUES ('970-1-27-474354-0','Fantasy');
INSERT INTO Book_Categories(ISBN,Category) VALUES ('286-0-67-992456-4','Biography');
INSERT INTO Book_Categories(ISBN,Category) VALUES ('448-9-02-417634-0','Fantasy');
INSERT INTO Book_Categories(ISBN,Category) VALUES ('812-0-96-487514-6','Romance');
INSERT INTO Book_Categories(ISBN,Category) VALUES ('197-7-48-411665-0','Fantasy');
INSERT INTO Book_Categories(ISBN,Category) VALUES ('594-2-73-483888-7','Non-fiction');
INSERT INTO Book_Categories(ISBN,Category) VALUES ('341-7-07-560296-8','Self-help');
INSERT INTO Book_Categories(ISBN,Category) VALUES ('373-6-67-850915-2','Romance');
INSERT INTO Book_Categories(ISBN,Category) VALUES ('079-3-36-562047-3','Mystery');
INSERT INTO Book_Categories(ISBN,Category) VALUES ('604-7-65-313297-7','Fiction');
INSERT INTO Book_Categories(ISBN,Category) VALUES ('362-1-66-095770-4','Biography');
INSERT INTO Book_Categories(ISBN,Category) VALUES ('768-8-02-044553-8','Biography');
INSERT INTO Book_Categories(ISBN,Category) VALUES ('663-2-52-923702-1','History');
INSERT INTO Book_Categories(ISBN,Category) VALUES ('730-3-90-707435-9','Biography');
INSERT INTO Book_Categories(ISBN,Category) VALUES ('677-2-68-217020-2','Fiction');
INSERT INTO Book_Categories(ISBN,Category) VALUES ('565-3-54-517900-1','Fantasy');
INSERT INTO Book_Categories(ISBN,Category) VALUES ('280-1-86-947610-3','Thriller');
INSERT INTO Book_Categories(ISBN,Category) VALUES ('226-8-95-828317-9','Fiction');
INSERT INTO Book_Categories(ISBN,Category) VALUES ('556-1-30-993311-8','Science Fiction');
INSERT INTO Book_Categories(ISBN,Category) VALUES ('157-5-23-848543-7','Romance');
INSERT INTO Book_Categories(ISBN,Category) VALUES ('298-0-39-543108-3','Self-help');
INSERT INTO Book_Categories(ISBN,Category) VALUES ('648-5-68-519006-2','Biography');
INSERT INTO Book_Categories(ISBN,Category) VALUES ('979-0-09-747490-4','Romance');
INSERT INTO Book_Categories(ISBN,Category) VALUES ('822-3-80-964638-0','Thriller');
INSERT INTO Book_Categories(ISBN,Category) VALUES ('308-4-29-736816-8','History');
INSERT INTO Book_Categories(ISBN,Category) VALUES ('691-3-37-481134-3','Fiction');
INSERT INTO Book_Categories(ISBN,Category) VALUES ('424-8-43-192564-6','Biography');
INSERT INTO Book_Categories(ISBN,Category) VALUES ('462-2-81-632195-0','Non-fiction');
INSERT INTO Book_Categories(ISBN,Category) VALUES ('856-7-38-527251-1','Science Fiction');
INSERT INTO Book_Categories(ISBN,Category) VALUES ('067-4-77-128208-4','Self-help');
INSERT INTO Book_Categories(ISBN,Category) VALUES ('854-4-64-425543-2','Non-fiction');
INSERT INTO Book_Categories(ISBN,Category) VALUES ('543-5-83-006582-3','Thriller');
INSERT INTO Book_Categories(ISBN,Category) VALUES ('475-7-03-946712-0','Mystery');
INSERT INTO Book_Categories(ISBN,Category) VALUES ('427-7-96-152572-1','Fiction');
INSERT INTO Book_Categories(ISBN,Category) VALUES ('575-1-33-231583-0','Science Fiction');
INSERT INTO Book_Categories(ISBN,Category) VALUES ('973-7-69-423984-9','Romance');
INSERT INTO Book_Categories(ISBN,Category) VALUES ('662-9-89-222155-2','Non-fiction');
INSERT INTO Book_Categories(ISBN,Category) VALUES ('773-7-92-570498-5','Fantasy');
INSERT INTO Book_Categories(ISBN,Category) VALUES ('280-5-70-558845-7','Biography');
INSERT INTO Book_Categories(ISBN,Category) VALUES ('479-7-26-438740-5','Romance');
INSERT INTO Book_Categories(ISBN,Category) VALUES ('837-8-31-289024-4','Biography');
INSERT INTO Book_Categories(ISBN,Category) VALUES ('819-8-45-584040-4','Mystery');
INSERT INTO Book_Categories(ISBN,Category) VALUES ('156-8-86-878555-0','History');
INSERT INTO Book_Categories(ISBN,Category) VALUES ('116-2-03-072332-1','Self-help');
INSERT INTO Book_Categories(ISBN,Category) VALUES ('946-5-65-604430-2','Fiction');
INSERT INTO Book_Categories(ISBN,Category) VALUES ('272-4-15-398305-2','Non-fiction');
INSERT INTO Book_Categories(ISBN,Category) VALUES ('929-2-07-058335-1','History');
INSERT INTO Book_Categories(ISBN,Category) VALUES ('068-2-75-529695-7','Biography');
INSERT INTO Book_Categories(ISBN,Category) VALUES ('535-0-53-763378-3','Science Fiction');
INSERT INTO Book_Categories(ISBN,Category) VALUES ('915-2-50-868818-1','Romance');
INSERT INTO Book_Categories(ISBN,Category) VALUES ('073-8-98-244205-0','Self-help');
INSERT INTO Book_Categories(ISBN,Category) VALUES ('269-7-59-129386-4','Self-help');
INSERT INTO Book_Categories(ISBN,Category) VALUES ('401-6-70-522521-2','Romance');
INSERT INTO Book_Categories(ISBN,Category) VALUES ('934-1-13-087766-0','Romance');
INSERT INTO Book_Categories(ISBN,Category) VALUES ('641-0-50-074904-1','Romance');
INSERT INTO Book_Categories(ISBN,Category) VALUES ('753-5-73-578786-7','History');
INSERT INTO Book_Categories(ISBN,Category) VALUES ('203-8-47-939034-6','Fantasy');
INSERT INTO Book_Categories(ISBN,Category) VALUES ('097-7-96-699836-9','Science Fiction');
INSERT INTO Book_Categories(ISBN,Category) VALUES ('119-3-15-136452-7','Self-help');
INSERT INTO Book_Categories(ISBN,Category) VALUES ('426-7-55-397227-6','Thriller');
INSERT INTO Book_Categories(ISBN,Category) VALUES ('791-2-05-132925-2','Thriller');
INSERT INTO Book_Categories(ISBN,Category) VALUES ('832-1-29-482218-7','Fantasy');
INSERT INTO Book_Categories(ISBN,Category) VALUES ('535-0-56-499006-7','Thriller');
INSERT INTO Book_Categories(ISBN,Category) VALUES ('098-9-46-114909-7','Mystery');
INSERT INTO Book_Categories(ISBN,Category) VALUES ('522-3-72-793354-0','Romance');
INSERT INTO Book_Categories(ISBN,Category) VALUES ('946-0-49-062166-7','Thriller');
INSERT INTO Book_Categories(ISBN,Category) VALUES ('955-9-46-389756-1','Biography');
INSERT INTO Book_Categories(ISBN,Category) VALUES ('529-7-39-715768-9','History');
INSERT INTO Book_Categories(ISBN,Category) VALUES ('048-7-34-230184-6','Fiction');
INSERT INTO Book_Categories(ISBN,Category) VALUES ('209-7-85-470952-9','Thriller');
INSERT INTO Book_Categories(ISBN,Category) VALUES ('184-4-37-012394-9','History');
INSERT INTO Book_Categories(ISBN,Category) VALUES ('817-3-15-948299-5','Science Fiction');
INSERT INTO Book_Categories(ISBN,Category) VALUES ('189-5-05-753787-7','Fiction');
INSERT INTO Book_Categories(ISBN,Category) VALUES ('777-6-06-427311-7','Non-fiction');
INSERT INTO Book_Categories(ISBN,Category) VALUES ('298-8-97-411845-4','Biography');
INSERT INTO Book_Categories(ISBN,Category) VALUES ('180-4-41-464998-5','Self-help');
INSERT INTO Book_Categories(ISBN,Category) VALUES ('122-9-75-806636-6','Fiction');
INSERT INTO Book_Categories(ISBN,Category) VALUES ('314-1-78-447209-3','Romance');
INSERT INTO Book_Categories(ISBN,Category) VALUES ('021-4-30-483738-9','Biography');
INSERT INTO Book_Categories(ISBN,Category) VALUES ('150-0-35-679558-6','Mystery');
INSERT INTO Book_Categories(ISBN,Category) VALUES ('819-0-17-981641-3','Science Fiction');
INSERT INTO Book_Categories(ISBN,Category) VALUES ('449-5-04-940352-6','Biography');
INSERT INTO Book_Categories(ISBN,Category) VALUES ('465-3-79-292431-0','Romance');
INSERT INTO Book_Categories(ISBN,Category) VALUES ('838-0-35-614361-9','Romance');
INSERT INTO Book_Categories(ISBN,Category) VALUES ('042-8-77-720893-4','Thriller');
INSERT INTO Book_Categories(ISBN,Category) VALUES ('791-7-14-557903-7','History');
INSERT INTO Book_Categories(ISBN,Category) VALUES ('224-3-41-752990-3','Romance');
INSERT INTO Book_Categories(ISBN,Category) VALUES ('414-1-74-916472-4','Thriller');
INSERT INTO Book_Authors(Firstname,Lastname,ISBN) VALUES ('Emma','Garcia','758-7-88-893621-3');
INSERT INTO Book_Authors(Firstname,Lastname,ISBN) VALUES ('Henry','Smith','529-0-61-545619-2');
INSERT INTO Book_Authors(Firstname,Lastname,ISBN) VALUES ('Isabella','Smith','147-3-67-743144-8');
INSERT INTO Book_Authors(Firstname,Lastname,ISBN) VALUES ('Noah','Miller','607-4-28-749192-9');
INSERT INTO Book_Authors(Firstname,Lastname,ISBN) VALUES ('Evelyn','Brown','248-0-02-367301-3');
INSERT INTO Book_Authors(Firstname,Lastname,ISBN) VALUES ('Luna','Anderson','271-6-88-481973-5');
INSERT INTO Book_Authors(Firstname,Lastname,ISBN) VALUES ('Alexander','Jones','930-2-88-196926-8');
INSERT INTO Book_Authors(Firstname,Lastname,ISBN) VALUES ('William','Thomas','099-9-31-655251-6');
INSERT INTO Book_Authors(Firstname,Lastname,ISBN) VALUES ('Emma','Moore','222-1-22-941888-9');
INSERT INTO Book_Authors(Firstname,Lastname,ISBN) VALUES ('Benjamin','Harris','843-3-30-063902-9');
INSERT INTO Book_Authors(Firstname,Lastname,ISBN) VALUES ('Luna','Anderson','620-5-97-603220-9');
INSERT INTO Book_Authors(Firstname,Lastname,ISBN) VALUES ('Evelyn','Williams','483-5-77-465611-0');
INSERT INTO Book_Authors(Firstname,Lastname,ISBN) VALUES ('Ava','Miller','970-1-27-474354-0');
INSERT INTO Book_Authors(Firstname,Lastname,ISBN) VALUES ('Olivia','Taylor','286-0-67-992456-4');
INSERT INTO Book_Authors(Firstname,Lastname,ISBN) VALUES ('Emma','Smith','448-9-02-417634-0');
INSERT INTO Book_Authors(Firstname,Lastname,ISBN) VALUES ('Liam','Johnson','812-0-96-487514-6');
INSERT INTO Book_Authors(Firstname,Lastname,ISBN) VALUES ('William','Brown','197-7-48-411665-0');
INSERT INTO Book_Authors(Firstname,Lastname,ISBN) VALUES ('Evelyn','Jackson','594-2-73-483888-7');
INSERT INTO Book_Authors(Firstname,Lastname,ISBN) VALUES ('Evelyn','Clark','341-7-07-560296-8');
INSERT INTO Book_Authors(Firstname,Lastname,ISBN) VALUES ('James','Taylor','373-6-67-850915-2');
INSERT INTO Book_Authors(Firstname,Lastname,ISBN) VALUES ('Mia','Miller','079-3-36-562047-3');
INSERT INTO Book_Authors(Firstname,Lastname,ISBN) VALUES ('Noah','Davis','604-7-65-313297-7');
INSERT INTO Book_Authors(Firstname,Lastname,ISBN) VALUES ('William','Clark','362-1-66-095770-4');
INSERT INTO Book_Authors(Firstname,Lastname,ISBN) VALUES ('James','Jackson','768-8-02-044553-8');
INSERT INTO Book_Authors(Firstname,Lastname,ISBN) VALUES ('Evelyn','Harris','663-2-52-923702-1');
INSERT INTO Book_Authors(Firstname,Lastname,ISBN) VALUES ('Noah','Harris','730-3-90-707435-9');
INSERT INTO Book_Authors(Firstname,Lastname,ISBN) VALUES ('Olivia','White','677-2-68-217020-2');
INSERT INTO Book_Authors(Firstname,Lastname,ISBN) VALUES ('Harper','Clark','565-3-54-517900-1');
INSERT INTO Book_Authors(Firstname,Lastname,ISBN) VALUES ('Sophia','Taylor','280-1-86-947610-3');
INSERT INTO Book_Authors(Firstname,Lastname,ISBN) VALUES ('Noah','Harris','226-8-95-828317-9');
INSERT INTO Book_Authors(Firstname,Lastname,ISBN) VALUES ('Lucas','Smith','556-1-30-993311-8');
INSERT INTO Book_Authors(Firstname,Lastname,ISBN) VALUES ('Harper','Rodriguez','157-5-23-848543-7');
INSERT INTO Book_Authors(Firstname,Lastname,ISBN) VALUES ('Lucas','Jones','298-0-39-543108-3');
INSERT INTO Book_Authors(Firstname,Lastname,ISBN) VALUES ('Lucas','Miller','648-5-68-519006-2');
INSERT INTO Book_Authors(Firstname,Lastname,ISBN) VALUES ('Lucas','Garcia','979-0-09-747490-4');
INSERT INTO Book_Authors(Firstname,Lastname,ISBN) VALUES ('Liam','Smith','822-3-80-964638-0');
INSERT INTO Book_Authors(Firstname,Lastname,ISBN) VALUES ('Benjamin','White','308-4-29-736816-8');
INSERT INTO Book_Authors(Firstname,Lastname,ISBN) VALUES ('Mia','Harris','691-3-37-481134-3');
INSERT INTO Book_Authors(Firstname,Lastname,ISBN) VALUES ('Elijah','Miller','424-8-43-192564-6');
INSERT INTO Book_Authors(Firstname,Lastname,ISBN) VALUES ('Olivia','Davis','462-2-81-632195-0');
INSERT INTO Book_Authors(Firstname,Lastname,ISBN) VALUES ('Harper','Harris','856-7-38-527251-1');
INSERT INTO Book_Authors(Firstname,Lastname,ISBN) VALUES ('Olivia','Anderson','067-4-77-128208-4');
INSERT INTO Book_Authors(Firstname,Lastname,ISBN) VALUES ('Benjamin','Martinez','854-4-64-425543-2');
INSERT INTO Book_Authors(Firstname,Lastname,ISBN) VALUES ('Elijah','Miller','543-5-83-006582-3');
INSERT INTO Book_Authors(Firstname,Lastname,ISBN) VALUES ('Amelia','Moore','475-7-03-946712-0');
INSERT INTO Book_Authors(Firstname,Lastname,ISBN) VALUES ('Amelia','Walker','427-7-96-152572-1');
INSERT INTO Book_Authors(Firstname,Lastname,ISBN) VALUES ('Liam','Harris','575-1-33-231583-0');
INSERT INTO Book_Authors(Firstname,Lastname,ISBN) VALUES ('Harper','Williams','973-7-69-423984-9');
INSERT INTO Book_Authors(Firstname,Lastname,ISBN) VALUES ('Ava','Davis','662-9-89-222155-2');
INSERT INTO Book_Authors(Firstname,Lastname,ISBN) VALUES ('Henry','Jones','773-7-92-570498-5');
INSERT INTO Book_Authors(Firstname,Lastname,ISBN) VALUES ('Henry','Taylor','280-5-70-558845-7');
INSERT INTO Book_Authors(Firstname,Lastname,ISBN) VALUES ('Isabella','Brown','479-7-26-438740-5');
INSERT INTO Book_Authors(Firstname,Lastname,ISBN) VALUES ('Sophia','Brown','837-8-31-289024-4');
INSERT INTO Book_Authors(Firstname,Lastname,ISBN) VALUES ('Sophia','Clark','819-8-45-584040-4');
INSERT INTO Book_Authors(Firstname,Lastname,ISBN) VALUES ('William','Hernandez','156-8-86-878555-0');
INSERT INTO Book_Authors(Firstname,Lastname,ISBN) VALUES ('Liam','Harris','116-2-03-072332-1');
INSERT INTO Book_Authors(Firstname,Lastname,ISBN) VALUES ('Mia','Miller','946-5-65-604430-2');
INSERT INTO Book_Authors(Firstname,Lastname,ISBN) VALUES ('Luna','Taylor','272-4-15-398305-2');
INSERT INTO Book_Authors(Firstname,Lastname,ISBN) VALUES ('Ava','Jackson','929-2-07-058335-1');
INSERT INTO Book_Authors(Firstname,Lastname,ISBN) VALUES ('Noah','Davis','068-2-75-529695-7');
INSERT INTO Book_Authors(Firstname,Lastname,ISBN) VALUES ('Emma','Miller','535-0-53-763378-3');
INSERT INTO Book_Authors(Firstname,Lastname,ISBN) VALUES ('William','Williams','915-2-50-868818-1');
INSERT INTO Book_Authors(Firstname,Lastname,ISBN) VALUES ('James','Jones','073-8-98-244205-0');
INSERT INTO Book_Authors(Firstname,Lastname,ISBN) VALUES ('Harper','Anderson','269-7-59-129386-4');
INSERT INTO Book_Authors(Firstname,Lastname,ISBN) VALUES ('Mia','Jackson','401-6-70-522521-2');
INSERT INTO Book_Authors(Firstname,Lastname,ISBN) VALUES ('Sophia','Jones','934-1-13-087766-0');
INSERT INTO Book_Authors(Firstname,Lastname,ISBN) VALUES ('Elijah','Harris','641-0-50-074904-1');
INSERT INTO Book_Authors(Firstname,Lastname,ISBN) VALUES ('Benjamin','Williams','753-5-73-578786-7');
INSERT INTO Book_Authors(Firstname,Lastname,ISBN) VALUES ('Benjamin','Johnson','203-8-47-939034-6');
INSERT INTO Book_Authors(Firstname,Lastname,ISBN) VALUES ('Alexander','Miller','097-7-96-699836-9');
INSERT INTO Book_Authors(Firstname,Lastname,ISBN) VALUES ('James','Taylor','119-3-15-136452-7');
INSERT INTO Book_Authors(Firstname,Lastname,ISBN) VALUES ('Amelia','Thomas','426-7-55-397227-6');
INSERT INTO Book_Authors(Firstname,Lastname,ISBN) VALUES ('Harper','Miller','791-2-05-132925-2');
INSERT INTO Book_Authors(Firstname,Lastname,ISBN) VALUES ('Mia','Thomas','832-1-29-482218-7');
INSERT INTO Book_Authors(Firstname,Lastname,ISBN) VALUES ('Henry','Johnson','535-0-56-499006-7');
INSERT INTO Book_Authors(Firstname,Lastname,ISBN) VALUES ('James','Thomas','098-9-46-114909-7');
INSERT INTO Book_Authors(Firstname,Lastname,ISBN) VALUES ('James','Hernandez','522-3-72-793354-0');
INSERT INTO Book_Authors(Firstname,Lastname,ISBN) VALUES ('Elijah','Brown','946-0-49-062166-7');
INSERT INTO Book_Authors(Firstname,Lastname,ISBN) VALUES ('Amelia','Rodriguez','955-9-46-389756-1');
INSERT INTO Book_Authors(Firstname,Lastname,ISBN) VALUES ('Mia','Walker','529-7-39-715768-9');
INSERT INTO Book_Authors(Firstname,Lastname,ISBN) VALUES ('Liam','Harris','048-7-34-230184-6');
INSERT INTO Book_Authors(Firstname,Lastname,ISBN) VALUES ('Luna','Hernandez','209-7-85-470952-9');
INSERT INTO Book_Authors(Firstname,Lastname,ISBN) VALUES ('Evelyn','Martinez','184-4-37-012394-9');
INSERT INTO Book_Authors(Firstname,Lastname,ISBN) VALUES ('Emma','Johnson','817-3-15-948299-5');
INSERT INTO Book_Authors(Firstname,Lastname,ISBN) VALUES ('Lucas','Harris','189-5-05-753787-7');
INSERT INTO Book_Authors(Firstname,Lastname,ISBN) VALUES ('Alexander','Clark','777-6-06-427311-7');
INSERT INTO Book_Authors(Firstname,Lastname,ISBN) VALUES ('Charlotte','Anderson','298-8-97-411845-4');
INSERT INTO Book_Authors(Firstname,Lastname,ISBN) VALUES ('Olivia','Taylor','180-4-41-464998-5');
INSERT INTO Book_Authors(Firstname,Lastname,ISBN) VALUES ('Benjamin','Smith','122-9-75-806636-6');
INSERT INTO Book_Authors(Firstname,Lastname,ISBN) VALUES ('Lucas','White','314-1-78-447209-3');
INSERT INTO Book_Authors(Firstname,Lastname,ISBN) VALUES ('Evelyn','Clark','021-4-30-483738-9');
INSERT INTO Book_Authors(Firstname,Lastname,ISBN) VALUES ('Alexander','Jackson','150-0-35-679558-6');
INSERT INTO Book_Authors(Firstname,Lastname,ISBN) VALUES ('Emma','Davis','819-0-17-981641-3');
INSERT INTO Book_Authors(Firstname,Lastname,ISBN) VALUES ('Alexander','White','449-5-04-940352-6');
INSERT INTO Book_Authors(Firstname,Lastname,ISBN) VALUES ('Amelia','Martinez','465-3-79-292431-0');
INSERT INTO Book_Authors(Firstname,Lastname,ISBN) VALUES ('Mia','Anderson','838-0-35-614361-9');
INSERT INTO Book_Authors(Firstname,Lastname,ISBN) VALUES ('Noah','Anderson','042-8-77-720893-4');
INSERT INTO Book_Authors(Firstname,Lastname,ISBN) VALUES ('Emma','Hernandez','791-7-14-557903-7');
INSERT INTO Book_Authors(Firstname,Lastname,ISBN) VALUES ('Luna','Johnson','224-3-41-752990-3');
INSERT INTO Book_Authors(Firstname,Lastname,ISBN) VALUES ('Benjamin','Davis','414-1-74-916472-4');

-- Book_System_Live Tables

INSERT INTO Book_System_Live(Book_System_Live_id,School_Library_id,ISBN,User_id,Admin_id,Late_Days,Rent_Active) VALUES ('BSL-31020','SC-25865','777-6-06-427311-7','USR-43396','ADM-83828','0','1');
INSERT INTO Book_System_Live(Book_System_Live_id,School_Library_id,ISBN,User_id,Admin_id,Late_Days,Rent_Active) VALUES ('BSL-22511','SC-38016','479-7-26-438740-5','USR-66253','ADM-24330','0','0');
INSERT INTO Book_System_Live(Book_System_Live_id,School_Library_id,ISBN,User_id,Admin_id,Late_Days,Rent_Active) VALUES ('BSL-97456','SC-25865','843-3-30-063902-9','USR-15533','ADM-83857','0','1');
INSERT INTO Book_System_Live(Book_System_Live_id,School_Library_id,ISBN,User_id,Admin_id,Late_Days,Rent_Active) VALUES ('BSL-66866','SC-18027','122-9-75-806636-6','USR-08760','ADM-83828','0','0');
INSERT INTO Book_System_Live(Book_System_Live_id,School_Library_id,ISBN,User_id,Admin_id,Late_Days,Rent_Active) VALUES ('BSL-73365','SC-25865','777-6-06-427311-7','USR-47397','ADM-24330','0','0');
INSERT INTO Book_System_Live(Book_System_Live_id,School_Library_id,ISBN,User_id,Admin_id,Late_Days,Rent_Active) VALUES ('BSL-33291','SC-18027','021-4-30-483738-9','USR-82329','ADM-44675','0','1');
INSERT INTO Book_System_Live(Book_System_Live_id,School_Library_id,ISBN,User_id,Admin_id,Late_Days,Rent_Active) VALUES ('BSL-72775','SC-42216','116-2-03-072332-1','USR-10519','ADM-83828','0','1');
INSERT INTO Book_System_Live(Book_System_Live_id,School_Library_id,ISBN,User_id,Admin_id,Late_Days,Rent_Active) VALUES ('BSL-99710','SC-38016','812-0-96-487514-6','USR-90647','ADM-44675','0','1');
INSERT INTO Book_System_Live(Book_System_Live_id,School_Library_id,ISBN,User_id,Admin_id,Late_Days,Rent_Active) VALUES ('BSL-88438','SC-25865','946-0-49-062166-7','USR-01231','ADM-83828','0','1');
INSERT INTO Book_System_Live(Book_System_Live_id,School_Library_id,ISBN,User_id,Admin_id,Late_Days,Rent_Active) VALUES ('BSL-86310','SC-25865','979-0-09-747490-4','USR-85763','ADM-44675','0','1');
INSERT INTO Book_System_Live(Book_System_Live_id,School_Library_id,ISBN,User_id,Admin_id,Late_Days,Rent_Active) VALUES ('BSL-69519','SC-25865','791-2-05-132925-2','USR-28650','ADM-83857','0','0');
INSERT INTO Book_System_Live(Book_System_Live_id,School_Library_id,ISBN,User_id,Admin_id,Late_Days,Rent_Active) VALUES ('BSL-23262','SC-25865','280-5-70-558845-7','USR-43396','ADM-83828','0','1');
INSERT INTO Book_System_Live(Book_System_Live_id,School_Library_id,ISBN,User_id,Admin_id,Late_Days,Rent_Active) VALUES ('BSL-56675','SC-25865','203-8-47-939034-6','USR-95040','ADM-24330','0','0');
INSERT INTO Book_System_Live(Book_System_Live_id,School_Library_id,ISBN,User_id,Admin_id,Late_Days,Rent_Active) VALUES ('BSL-11750','SC-42216','122-9-75-806636-6','USR-15351','ADM-24330','0','0');
INSERT INTO Book_System_Live(Book_System_Live_id,School_Library_id,ISBN,User_id,Admin_id,Late_Days,Rent_Active) VALUES ('BSL-80716','SC-42216','122-9-75-806636-6','USR-39235','ADM-83828','0','0');
INSERT INTO Book_System_Live(Book_System_Live_id,School_Library_id,ISBN,User_id,Admin_id,Late_Days,Rent_Active) VALUES ('BSL-57428','SC-38016','854-4-64-425543-2','USR-08760','ADM-24330','0','0');
INSERT INTO Book_System_Live(Book_System_Live_id,School_Library_id,ISBN,User_id,Admin_id,Late_Days,Rent_Active) VALUES ('BSL-12572','SC-42216','663-2-52-923702-1','USR-36711','ADM-44675','0','1');
INSERT INTO Book_System_Live(Book_System_Live_id,School_Library_id,ISBN,User_id,Admin_id,Late_Days,Rent_Active) VALUES ('BSL-08837','SC-25865','362-1-66-095770-4','USR-29951','ADM-44675','0','1');
INSERT INTO Book_System_Live(Book_System_Live_id,School_Library_id,ISBN,User_id,Admin_id,Late_Days,Rent_Active) VALUES ('BSL-81775','SC-42216','529-7-39-715768-9','USR-95040','ADM-24330','0','0');
INSERT INTO Book_System_Live(Book_System_Live_id,School_Library_id,ISBN,User_id,Admin_id,Late_Days,Rent_Active) VALUES ('BSL-79101','SC-42216','915-2-50-868818-1','USR-08760','ADM-83857','0','0');
INSERT INTO Book_System_Live(Book_System_Live_id,School_Library_id,ISBN,User_id,Admin_id,Late_Days,Rent_Active) VALUES ('BSL-66441','SC-18027','462-2-81-632195-0','USR-73550','ADM-83857','0','0');
INSERT INTO Book_System_Live(Book_System_Live_id,School_Library_id,ISBN,User_id,Admin_id,Late_Days,Rent_Active) VALUES ('BSL-69359','SC-38016','341-7-07-560296-8','USR-29951','ADM-83857','0','0');
INSERT INTO Book_System_Live(Book_System_Live_id,School_Library_id,ISBN,User_id,Admin_id,Late_Days,Rent_Active) VALUES ('BSL-76314','SC-25865','620-5-97-603220-9','USR-33079','ADM-83857','0','1');
INSERT INTO Book_System_Live(Book_System_Live_id,School_Library_id,ISBN,User_id,Admin_id,Late_Days,Rent_Active) VALUES ('BSL-86395','SC-25865','021-4-30-483738-9','USR-45280','ADM-83857','0','1');
INSERT INTO Book_System_Live(Book_System_Live_id,School_Library_id,ISBN,User_id,Admin_id,Late_Days,Rent_Active) VALUES ('BSL-13754','SC-18027','269-7-59-129386-4','USR-21660','ADM-83828','0','1');
INSERT INTO Book_System_Live(Book_System_Live_id,School_Library_id,ISBN,User_id,Admin_id,Late_Days,Rent_Active) VALUES ('BSL-41016','SC-42216','812-0-96-487514-6','USR-15351','ADM-83828','0','0');
INSERT INTO Book_System_Live(Book_System_Live_id,School_Library_id,ISBN,User_id,Admin_id,Late_Days,Rent_Active) VALUES ('BSL-07257','SC-38016','269-7-59-129386-4','USR-15351','ADM-83828','0','1');
INSERT INTO Book_System_Live(Book_System_Live_id,School_Library_id,ISBN,User_id,Admin_id,Late_Days,Rent_Active) VALUES ('BSL-46305','SC-38016','099-9-31-655251-6','USR-01231','ADM-24330','0','0');
INSERT INTO Book_System_Live(Book_System_Live_id,School_Library_id,ISBN,User_id,Admin_id,Late_Days,Rent_Active) VALUES ('BSL-22608','SC-25865','079-3-36-562047-3','USR-01231','ADM-44675','0','0');
INSERT INTO Book_System_Live(Book_System_Live_id,School_Library_id,ISBN,User_id,Admin_id,Late_Days,Rent_Active) VALUES ('BSL-84888','SC-25865','837-8-31-289024-4','USR-66253','ADM-24330','0','0');
INSERT INTO Book_System_Live(Book_System_Live_id,School_Library_id,ISBN,User_id,Admin_id,Late_Days,Rent_Active) VALUES ('BSL-62082','SC-42216','522-3-72-793354-0','USR-32638','ADM-24330','0','0');
INSERT INTO Book_System_Live(Book_System_Live_id,School_Library_id,ISBN,User_id,Admin_id,Late_Days,Rent_Active) VALUES ('BSL-50533','SC-25865','414-1-74-916472-4','USR-21660','ADM-44675','0','0');
INSERT INTO Book_System_Live(Book_System_Live_id,School_Library_id,ISBN,User_id,Admin_id,Late_Days,Rent_Active) VALUES ('BSL-08237','SC-18027','341-7-07-560296-8','USR-22814','ADM-83828','0','0');
INSERT INTO Book_System_Live(Book_System_Live_id,School_Library_id,ISBN,User_id,Admin_id,Late_Days,Rent_Active) VALUES ('BSL-23616','SC-25865','280-1-86-947610-3','USR-11933','ADM-44675','0','0');
INSERT INTO Book_System_Live(Book_System_Live_id,School_Library_id,ISBN,User_id,Admin_id,Late_Days,Rent_Active) VALUES ('BSL-75853','SC-18027','280-1-86-947610-3','USR-47397','ADM-24330','0','1');
INSERT INTO Book_System_Live(Book_System_Live_id,School_Library_id,ISBN,User_id,Admin_id,Late_Days,Rent_Active) VALUES ('BSL-21751','SC-25865','298-8-97-411845-4','USR-76141','ADM-44675','0','1');
INSERT INTO Book_System_Live(Book_System_Live_id,School_Library_id,ISBN,User_id,Admin_id,Late_Days,Rent_Active) VALUES ('BSL-98668','SC-38016','529-7-39-715768-9','USR-15351','ADM-44675','0','0');
INSERT INTO Book_System_Live(Book_System_Live_id,School_Library_id,ISBN,User_id,Admin_id,Late_Days,Rent_Active) VALUES ('BSL-61615','SC-18027','529-7-39-715768-9','USR-85763','ADM-83857','0','0');
INSERT INTO Book_System_Live(Book_System_Live_id,School_Library_id,ISBN,User_id,Admin_id,Late_Days,Rent_Active) VALUES ('BSL-31651','SC-25865','021-4-30-483738-9','USR-29101','ADM-44675','0','0');
INSERT INTO Book_System_Live(Book_System_Live_id,School_Library_id,ISBN,User_id,Admin_id,Late_Days,Rent_Active) VALUES ('BSL-10829','SC-42216','184-4-37-012394-9','USR-90647','ADM-44675','0','0');
INSERT INTO Book_System_Live(Book_System_Live_id,School_Library_id,ISBN,User_id,Admin_id,Late_Days,Rent_Active) VALUES ('BSL-70186','SC-42216','298-8-97-411845-4','USR-22814','ADM-24330','0','0');
INSERT INTO Book_System_Live(Book_System_Live_id,School_Library_id,ISBN,User_id,Admin_id,Late_Days,Rent_Active) VALUES ('BSL-21958','SC-25865','068-2-75-529695-7','USR-48622','ADM-83857','0','0');
INSERT INTO Book_System_Live(Book_System_Live_id,School_Library_id,ISBN,User_id,Admin_id,Late_Days,Rent_Active) VALUES ('BSL-95424','SC-18027','272-4-15-398305-2','USR-01231','ADM-83828','0','0');
INSERT INTO Book_System_Live(Book_System_Live_id,School_Library_id,ISBN,User_id,Admin_id,Late_Days,Rent_Active) VALUES ('BSL-79145','SC-38016','575-1-33-231583-0','USR-73550','ADM-24330','0','1');
INSERT INTO Book_System_Live(Book_System_Live_id,School_Library_id,ISBN,User_id,Admin_id,Late_Days,Rent_Active) VALUES ('BSL-30881','SC-18027','224-3-41-752990-3','USR-34096','ADM-44675','0','1');
INSERT INTO Book_System_Live(Book_System_Live_id,School_Library_id,ISBN,User_id,Admin_id,Late_Days,Rent_Active) VALUES ('BSL-46605','SC-42216','314-1-78-447209-3','USR-21660','ADM-83828','0','1');
INSERT INTO Book_System_Live(Book_System_Live_id,School_Library_id,ISBN,User_id,Admin_id,Late_Days,Rent_Active) VALUES ('BSL-04725','SC-42216','832-1-29-482218-7','USR-99547','ADM-83857','0','0');
INSERT INTO Book_System_Live(Book_System_Live_id,School_Library_id,ISBN,User_id,Admin_id,Late_Days,Rent_Active) VALUES ('BSL-07229','SC-38016','226-8-95-828317-9','USR-97084','ADM-24330','0','0');
INSERT INTO Book_System_Live(Book_System_Live_id,School_Library_id,ISBN,User_id,Admin_id,Late_Days,Rent_Active) VALUES ('BSL-78507','SC-18027','067-4-77-128208-4','USR-70087','ADM-83828','0','1');
INSERT INTO Book_System_Live(Book_System_Live_id,School_Library_id,ISBN,User_id,Admin_id,Late_Days,Rent_Active) VALUES ('BSL-17346','SC-25865','122-9-75-806636-6','USR-21660','ADM-83828','0','0');

-- Credentials Tables

INSERT INTO Credentials VALUES ('USR-28650','emma_7930','guunk-1414');
INSERT INTO Credentials VALUES ('USR-39235','lucas_8982','wztwn-5166');
INSERT INTO Credentials VALUES ('USR-76604','evelyn_2782','fnurm-1839');
INSERT INTO Credentials VALUES ('USR-58077','alexander_6594','egths-2704');
INSERT INTO Credentials VALUES ('USR-60738','benjamin_4301','ruvdx-5811');
INSERT INTO Credentials VALUES ('USR-33079','henry_8741','tulfe-2484');
INSERT INTO Credentials VALUES ('USR-83015','mia_2688','lwzfc-7030');
INSERT INTO Credentials VALUES ('USR-22814','ava_9490','tqjnk-1482');
INSERT INTO Credentials VALUES ('USR-96934','elijah_6864','qcrvo-6666');
INSERT INTO Credentials VALUES ('USR-85763','isabella_6678','wyghr-0281');
INSERT INTO Credentials VALUES ('USR-08760','evelyn_5831','puhkj-0333');
INSERT INTO Credentials VALUES ('USR-17786','lucas_8314','fbbia-4515');
INSERT INTO Credentials VALUES ('USR-93742','sophia_5773','otllo-3465');
INSERT INTO Credentials VALUES ('USR-34096','liam_4062','oxxrb-1695');
INSERT INTO Credentials VALUES ('USR-82666','liam_7198','ajilu-2887');
INSERT INTO Credentials VALUES ('USR-48622','liam_6509','ffllg-0685');
INSERT INTO Credentials VALUES ('USR-37094','henry_2505','qqbrf-2282');
INSERT INTO Credentials VALUES ('USR-01231','emma_0631','oylgs-4834');
INSERT INTO Credentials VALUES ('USR-12895','harper_8697','qiwfx-8861');
INSERT INTO Credentials VALUES ('USR-70087','amelia_7732','dvfjy-3204');
INSERT INTO Credentials VALUES ('USR-11933','james_3223','kvbbq-5979');
INSERT INTO Credentials VALUES ('USR-90647','william_6008','kibwy-7732');
INSERT INTO Credentials VALUES ('USR-76141','harper_1361','hdlyo-9048');
INSERT INTO Credentials VALUES ('USR-95040','charlotte_2394','pelcj-3605');
INSERT INTO Credentials VALUES ('USR-04651','harper_8491','objhb-4339');
INSERT INTO Credentials VALUES ('USR-63301','harper_4534','mgljk-3065');
INSERT INTO Credentials VALUES ('USR-44100','henry_6182','yjchc-0939');
INSERT INTO Credentials VALUES ('USR-15533','mia_2715','gkvxn-4402');
INSERT INTO Credentials VALUES ('USR-82329','ava_9140','josmr-4351');
INSERT INTO Credentials VALUES ('USR-63805','liam_9487','mjyqm-7750');
INSERT INTO Credentials VALUES ('USR-44365','isabella_6345','zdbff-7854');
INSERT INTO Credentials VALUES ('USR-43396','alexander_3177','qwyft-4555');
INSERT INTO Credentials VALUES ('USR-26408','william_3770','deqrq-8234');
INSERT INTO Credentials VALUES ('USR-15351','lucas_1435','lxdte-1728');
INSERT INTO Credentials VALUES ('USR-45280','noah_5245','lnjue-4665');
INSERT INTO Credentials VALUES ('USR-66253','alexander_0921','wyuqh-8437');
INSERT INTO Credentials VALUES ('USR-99547','mia_9566','oydds-0461');
INSERT INTO Credentials VALUES ('USR-08975','olivia_5607','dtstg-7017');
INSERT INTO Credentials VALUES ('USR-47397','luna_4591','iyuzv-2246');
INSERT INTO Credentials VALUES ('USR-97084','mia_0836','fwpof-2142');
INSERT INTO Credentials VALUES ('USR-32638','harper_7469','foqdb-6637');
INSERT INTO Credentials VALUES ('USR-36711','olivia_0552','guvyh-6557');
INSERT INTO Credentials VALUES ('USR-67773','benjamin_6542','tlbzp-8601');
INSERT INTO Credentials VALUES ('USR-29951','emma_7350','ncehl-5468');
INSERT INTO Credentials VALUES ('USR-10519','liam_2140','htudn-7670');
INSERT INTO Credentials VALUES ('USR-29101','noah_3134','selru-9126');
INSERT INTO Credentials VALUES ('USR-33032','benjamin_8037','meqld-6895');
INSERT INTO Credentials VALUES ('USR-44815','henry_9835','gybup-4630');
INSERT INTO Credentials VALUES ('USR-21660','charlotte_3232','rmanq-8806');
INSERT INTO Credentials VALUES ('USR-73550','emma_1975','skiqb-8487');

-- Reviews Table

INSERT INTO Reviews VALUES ('RV-34082','USR-29101','197-7-48-411665-0','5','some review for the book with isbn 197-7-48-411665-0','0');
INSERT INTO Reviews VALUES ('RV-99978','USR-48622','097-7-96-699836-9','4','some review for the book with isbn 097-7-96-699836-9','0');
INSERT INTO Reviews VALUES ('RV-92992','USR-44100','209-7-85-470952-9','1','some review for the book with isbn 209-7-85-470952-9','0');
INSERT INTO Reviews VALUES ('RV-46589','USR-44365','946-0-49-062166-7','4','some review for the book with isbn 946-0-49-062166-7','0');
INSERT INTO Reviews VALUES ('RV-37481','USR-15533','604-7-65-313297-7','1','some review for the book with isbn 604-7-65-313297-7','0');
INSERT INTO Reviews VALUES ('RV-91902','USR-15351','042-8-77-720893-4','3','some review for the book with isbn 042-8-77-720893-4','0');
INSERT INTO Reviews VALUES ('RV-63928','USR-39235','819-8-45-584040-4','4','some review for the book with isbn 819-8-45-584040-4','0');
INSERT INTO Reviews VALUES ('RV-76723','USR-97084','475-7-03-946712-0','0','some review for the book with isbn 475-7-03-946712-0','0');
INSERT INTO Reviews VALUES ('RV-45045','USR-76141','448-9-02-417634-0','5','some review for the book with isbn 448-9-02-417634-0','0');
INSERT INTO Reviews VALUES ('RV-00574','USR-26408','298-0-39-543108-3','1','some review for the book with isbn 298-0-39-543108-3','0');
INSERT INTO Reviews VALUES ('RV-25085','USR-97084','189-5-05-753787-7','1','some review for the book with isbn 189-5-05-753787-7','0');
INSERT INTO Reviews VALUES ('RV-58693','USR-95040','271-6-88-481973-5','4','some review for the book with isbn 271-6-88-481973-5','0');
INSERT INTO Reviews VALUES ('RV-29655','USR-82666','819-0-17-981641-3','1','some review for the book with isbn 819-0-17-981641-3','0');
INSERT INTO Reviews VALUES ('RV-01528','USR-43396','362-1-66-095770-4','0','some review for the book with isbn 362-1-66-095770-4','0');
INSERT INTO Reviews VALUES ('RV-59824','USR-22814','663-2-52-923702-1','2','some review for the book with isbn 663-2-52-923702-1','0');
INSERT INTO Reviews VALUES ('RV-98685','USR-97084','832-1-29-482218-7','2','some review for the book with isbn 832-1-29-482218-7','0');
INSERT INTO Reviews VALUES ('RV-81475','USR-63805','607-4-28-749192-9','2','some review for the book with isbn 607-4-28-749192-9','0');
INSERT INTO Reviews VALUES ('RV-94079','USR-04651','677-2-68-217020-2','1','some review for the book with isbn 677-2-68-217020-2','0');
INSERT INTO Reviews VALUES ('RV-78847','USR-70087','426-7-55-397227-6','1','some review for the book with isbn 426-7-55-397227-6','0');
INSERT INTO Reviews VALUES ('RV-76957','USR-82666','607-4-28-749192-9','1','some review for the book with isbn 607-4-28-749192-9','0');
INSERT INTO Reviews VALUES ('RV-18423','USR-82329','271-6-88-481973-5','2','some review for the book with isbn 271-6-88-481973-5','0');
INSERT INTO Reviews VALUES ('RV-64535','USR-76141','116-2-03-072332-1','5','some review for the book with isbn 116-2-03-072332-1','0');
INSERT INTO Reviews VALUES ('RV-01025','USR-97084','184-4-37-012394-9','3','some review for the book with isbn 184-4-37-012394-9','0');
INSERT INTO Reviews VALUES ('RV-56956','USR-33032','122-9-75-806636-6','5','some review for the book with isbn 122-9-75-806636-6','0');
INSERT INTO Reviews VALUES ('RV-82049','USR-08760','753-5-73-578786-7','1','some review for the book with isbn 753-5-73-578786-7','0');
INSERT INTO Reviews VALUES ('RV-95789','USR-22814','157-5-23-848543-7','1','some review for the book with isbn 157-5-23-848543-7','0');
INSERT INTO Reviews VALUES ('RV-28250','USR-29951','970-1-27-474354-0','4','some review for the book with isbn 970-1-27-474354-0','0');
INSERT INTO Reviews VALUES ('RV-01083','USR-01231','483-5-77-465611-0','1','some review for the book with isbn 483-5-77-465611-0','0');
INSERT INTO Reviews VALUES ('RV-05694','USR-36711','838-0-35-614361-9','2','some review for the book with isbn 838-0-35-614361-9','0');
INSERT INTO Reviews VALUES ('RV-77105','USR-29101','271-6-88-481973-5','4','some review for the book with isbn 271-6-88-481973-5','0');
INSERT INTO Reviews VALUES ('RV-73065','USR-76604','314-1-78-447209-3','0','some review for the book with isbn 314-1-78-447209-3','0');
INSERT INTO Reviews VALUES ('RV-58101','USR-26408','483-5-77-465611-0','1','some review for the book with isbn 483-5-77-465611-0','0');
INSERT INTO Reviews VALUES ('RV-26878','USR-01231','222-1-22-941888-9','1','some review for the book with isbn 222-1-22-941888-9','0');
INSERT INTO Reviews VALUES ('RV-95180','USR-70087','819-0-17-981641-3','5','some review for the book with isbn 819-0-17-981641-3','0');
INSERT INTO Reviews VALUES ('RV-50763','USR-01231','180-4-41-464998-5','5','some review for the book with isbn 180-4-41-464998-5','0');
INSERT INTO Reviews VALUES ('RV-85695','USR-44365','449-5-04-940352-6','2','some review for the book with isbn 449-5-04-940352-6','0');
INSERT INTO Reviews VALUES ('RV-02876','USR-60738','224-3-41-752990-3','2','some review for the book with isbn 224-3-41-752990-3','0');
INSERT INTO Reviews VALUES ('RV-41932','USR-47397','073-8-98-244205-0','4','some review for the book with isbn 073-8-98-244205-0','0');
INSERT INTO Reviews VALUES ('RV-99661','USR-99547','362-1-66-095770-4','5','some review for the book with isbn 362-1-66-095770-4','0');
INSERT INTO Reviews VALUES ('RV-63555','USR-60738','529-7-39-715768-9','3','some review for the book with isbn 529-7-39-715768-9','0');
INSERT INTO Reviews VALUES ('RV-31746','USR-47397','097-7-96-699836-9','1','some review for the book with isbn 097-7-96-699836-9','0');
INSERT INTO Reviews VALUES ('RV-85639','USR-33032','677-2-68-217020-2','4','some review for the book with isbn 677-2-68-217020-2','0');
INSERT INTO Reviews VALUES ('RV-59336','USR-76141','042-8-77-720893-4','5','some review for the book with isbn 042-8-77-720893-4','0');
INSERT INTO Reviews VALUES ('RV-81878','USR-34096','662-9-89-222155-2','3','some review for the book with isbn 662-9-89-222155-2','0');
INSERT INTO Reviews VALUES ('RV-35172','USR-60738','594-2-73-483888-7','0','some review for the book with isbn 594-2-73-483888-7','0');
INSERT INTO Reviews VALUES ('RV-27733','USR-08975','286-0-67-992456-4','5','some review for the book with isbn 286-0-67-992456-4','0');
INSERT INTO Reviews VALUES ('RV-95058','USR-44100','180-4-41-464998-5','4','some review for the book with isbn 180-4-41-464998-5','0');
INSERT INTO Reviews VALUES ('RV-86416','USR-60738','856-7-38-527251-1','3','some review for the book with isbn 856-7-38-527251-1','0');
INSERT INTO Reviews VALUES ('RV-88623','USR-17786','426-7-55-397227-6','3','some review for the book with isbn 426-7-55-397227-6','0');

-- Registration Table

INSERT INTO Registrations VALUES ('RG-51465','SC-25865','Noah','Clark','23','WN-26453','pending','student','mia_7025','zhiup_38335','noah_clark51@gmail.com');
INSERT INTO Registrations VALUES ('RG-76735','SC-18027','William','White','43','WN-69305','pending','student','sophia_5023','hykcr_88712','william_white59@gmail.com');
INSERT INTO Registrations VALUES ('RG-09245','SC-38016','Luna','Smith','44','WN-70357','pending','student','william_0866','zkfhd_64109','luna_smith42@gmail.com');
INSERT INTO Registrations VALUES ('RG-64794','SC-38016','Noah','Davis','26','WN-44944','pending','student','liam_9448','ksbdg_40240','noah_davis43@gmail.com');
INSERT INTO Registrations VALUES ('RG-64420','SC-42216','Sophia','Hernandez','19','WN-66309','pending','student','mia_8810','mfixe_84502','sophia_hernandez93@gmail.com');
INSERT INTO Registrations VALUES ('RG-56280','SC-18027','Isabella','Thomas','21','WN-13173','pending','student','luna_2283','zewea_34727','isabella_thomas21@gmail.com');
INSERT INTO Registrations VALUES ('RG-31790','SC-38016','Isabella','Jackson','45','WN-70462','pending','student','luna_5669','ajhmz_70447','isabella_jackson96@gmail.com');
INSERT INTO Registrations VALUES ('RG-53961','SC-42216','Henry','Moore','20','WN-17803','pending','student','isabella_5304','ayqvs_23269','henry_moore43@gmail.com');
INSERT INTO Registrations VALUES ('RG-47257','SC-25865','Alexander','Jones','26','WN-33073','pending','student','elijah_9266','caoxr_84792','alexander_jones31@gmail.com');
INSERT INTO Registrations VALUES ('RG-70628','SC-25865','Lucas','Taylor','53','WN-04700','pending','student','sophia_5768','qbfsr_69931','lucas_taylor24@gmail.com');
INSERT INTO Registrations VALUES ('RG-15092','SC-42216','Alexander','Davis','25','WN-63187','pending','student','william_3754','dlskl_63889','alexander_davis34@gmail.com');
INSERT INTO Registrations VALUES ('RG-94893','SC-38016','Olivia','Harris','31','WN-32991','pending','student','noah_9922','dzoqz_84336','olivia_harris54@gmail.com');
INSERT INTO Registrations VALUES ('RG-25481','SC-25865','Charlotte','Thomas','39','WN-52480','pending','student','evelyn_5912','wvrxu_50409','charlotte_thomas21@gmail.com');
INSERT INTO Registrations VALUES ('RG-00607','SC-42216','James','Harris','22','WN-66070','pending','student','james_4937','xzvpy_89339','james_harris69@gmail.com');
INSERT INTO Registrations VALUES ('RG-32698','SC-25865','William','Thomas','55','WN-12402','pending','student','mia_2658','xzpjh_10704','william_thomas63@gmail.com');
INSERT INTO Registrations VALUES ('RG-15107','SC-42216','Elijah','Jones','39','WN-99348','pending','student','noah_9569','wufdh_81323','elijah_jones81@gmail.com');
INSERT INTO Registrations VALUES ('RG-66491','SC-38016','Evelyn','Smith','34','WN-20552','pending','student','emma_8213','izxee_30616','evelyn_smith47@gmail.com');
INSERT INTO Registrations VALUES ('RG-87839','SC-25865','Mia','Walker','40','WN-34172','pending','student','harper_7889','fwrwz_34557','mia_walker52@gmail.com');
INSERT INTO Registrations VALUES ('RG-11723','SC-42216','Amelia','Williams','25','WN-60232','pending','student','amelia_1321','tamke_74589','amelia_williams96@gmail.com');
INSERT INTO Registrations VALUES ('RG-90009','SC-38016','Isabella','Davis','21','WN-75704','pending','student','noah_7079','ghpng_48354','isabella_davis56@gmail.com');
INSERT INTO Registrations VALUES ('RG-68938','SC-18027','Liam','Brown','50','WN-40398','pending','student','charlotte_1610','wqgnq_95238','liam_brown22@gmail.com');
INSERT INTO Registrations VALUES ('RG-77481','SC-42216','Sophia','Moore','31','WN-17412','pending','student','william_5175','qibhg_65223','sophia_moore95@gmail.com');
INSERT INTO Registrations VALUES ('RG-30892','SC-25865','Charlotte','Martinez','55','WN-81690','pending','student','william_4452','ginou_85669','charlotte_martinez07@gmail.com');
INSERT INTO Registrations VALUES ('RG-68834','SC-18027','Benjamin','Garcia','21','WN-80169','pending','student','ava_3270','noewn_42116','benjamin_garcia44@gmail.com');
INSERT INTO Registrations VALUES ('RG-77918','SC-38016','Charlotte','Martinez','32','WN-72709','pending','student','benjamin_1918','llqxt_04449','charlotte_martinez15@gmail.com');
INSERT INTO Registrations VALUES ('RG-37789','SC-38016','Sophia','Walker','31','WN-82970','pending','student','william_6983','lhwul_56781','sophia_walker81@gmail.com');
INSERT INTO Registrations VALUES ('RG-89190','SC-25865','Benjamin','Jones','32','WN-55599','pending','student','olivia_5099','pncxs_58723','benjamin_jones42@gmail.com');
INSERT INTO Registrations VALUES ('RG-17295','SC-38016','Sophia','Anderson','19','WN-43626','pending','student','james_9678','fnckx_67026','sophia_anderson59@gmail.com');
INSERT INTO Registrations VALUES ('RG-47868','SC-25865','Ava','White','45','WN-13666','pending','student','lucas_9202','bqfiu_56656','ava_white53@gmail.com');
INSERT INTO Registrations VALUES ('RG-33455','SC-25865','Mia','Davis','23','WN-46675','pending','student','amelia_4414','rkmrd_18190','mia_davis03@gmail.com');
INSERT INTO Registrations VALUES ('RG-33979','SC-38016','Noah','Martinez','45','WN-64665','pending','student','noah_0730','jptrf_84767','noah_martinez47@gmail.com');
INSERT INTO Registrations VALUES ('RG-77583','SC-25865','Evelyn','Rodriguez','25','WN-22830','pending','instructor','olivia_2091','flstp_72644','evelyn_rodriguez27@gmail.com');
INSERT INTO Registrations VALUES ('RG-19686','SC-42216','Benjamin','Johnson','30','WN-89735','pending','instructor','luna_8733','dzdcg_65405','benjamin_johnson50@gmail.com');
INSERT INTO Registrations VALUES ('RG-65242','SC-18027','Charlotte','Williams','20','WN-98405','pending','instructor','liam_0481','ocgyz_64942','charlotte_williams70@gmail.com');
INSERT INTO Registrations VALUES ('RG-44178','SC-42216','Charlotte','Brown','49','WN-09998','pending','instructor','luna_7322','rgksm_03831','charlotte_brown75@gmail.com');
INSERT INTO Registrations VALUES ('RG-31880','SC-42216','Mia','Clark','53','WN-08324','pending','instructor','henry_1676','easnl_37470','mia_clark58@gmail.com');
INSERT INTO Registrations VALUES ('RG-12279','SC-42216','Isabella','White','27','WN-56757','pending','instructor','emma_5437','gbdtd_65008','isabella_white62@gmail.com');
INSERT INTO Registrations VALUES ('RG-21948','SC-25865','William','Martinez','42','WN-44558','pending','instructor','alexander_3603','gpndh_88019','william_martinez90@gmail.com');
INSERT INTO Registrations VALUES ('RG-34042','SC-38016','Charlotte','Davis','23','WN-79565','pending','instructor','liam_9078','cfhhw_04425','charlotte_davis83@gmail.com');
INSERT INTO Registrations VALUES ('RG-68195','SC-18027','Ava','Taylor','23','WN-48384','pending','instructor','mia_7124','ieonh_14126','ava_taylor35@gmail.com');
INSERT INTO Registrations VALUES ('RG-34690','SC-25865','Amelia','Walker','30','WN-45398','pending','instructor','ava_1003','dokfd_69647','amelia_walker36@gmail.com');
INSERT INTO Registrations VALUES ('RG-18435','SC-42216','Mia','Thomas','42','WN-47899','pending','instructor','elijah_2902','dkxqx_54968','mia_thomas07@gmail.com');
INSERT INTO Registrations VALUES ('RG-86869','SC-25865','Henry','Hernandez','22','WN-03920','pending','instructor','henry_9248','jxtaq_97412','henry_hernandez34@gmail.com');
INSERT INTO Registrations VALUES ('RG-73909','SC-25865','Elijah','White','33','WN-18259','pending','instructor','amelia_7089','sfvee_07037','elijah_white45@gmail.com');
INSERT INTO Registrations VALUES ('RG-11054','SC-42216','Liam','Thomas','24','WN-88568','pending','instructor','henry_2079','revlj_06109','liam_thomas11@gmail.com');
INSERT INTO Registrations VALUES ('RG-33350','SC-38016','Mia','Hernandez','55','WN-95450','pending','instructor','evelyn_7785','ffqqc_21868','mia_hernandez90@gmail.com');
INSERT INTO Registrations VALUES ('RG-03556','SC-18027','Isabella','Thomas','19','WN-66437','pending','instructor','benjamin_0255','iheho_25268','isabella_thomas14@gmail.com');
INSERT INTO Registrations VALUES ('RG-01715','SC-25865','Ava','Thomas','51','WN-80620','pending','instructor','sophia_0995','glgqh_21797','ava_thomas22@gmail.com');
INSERT INTO Registrations VALUES ('RG-32956','SC-42216','Henry','Martinez','23','WN-14797','pending','instructor','charlotte_8850','fviqj_62614','henry_martinez62@gmail.com');
INSERT INTO Registrations VALUES ('RG-96717','SC-42216','Luna','Brown','49','WN-16876','pending','instructor','luna_8832','bktel_11164','luna_brown67@gmail.com');

-- Reservation Table

INSERT INTO Reservations VALUES('RSV-81566','SC-38016','USR-95040','758-7-88-893621-3','2023-06-04','1');
INSERT INTO Reservations VALUES('RSV-98067','SC-18027','USR-12895','838-0-35-614361-9','2023-06-04','0');
INSERT INTO Reservations VALUES('RSV-82574','SC-25865','USR-43396','662-9-89-222155-2','2023-06-04','0');
INSERT INTO Reservations VALUES('RSV-57282','SC-18027','USR-15533','286-0-67-992456-4','2023-06-04','0');
INSERT INTO Reservations VALUES('RSV-73936','SC-25865','USR-12895','184-4-37-012394-9','2023-06-04','1');
INSERT INTO Reservations VALUES('RSV-58147','SC-42216','USR-43396','067-4-77-128208-4','2023-06-04','0');
INSERT INTO Reservations VALUES('RSV-56848','SC-42216','USR-58077','042-8-77-720893-4','2023-06-04','0');
INSERT INTO Reservations VALUES('RSV-10950','SC-42216','USR-08760','150-0-35-679558-6','2023-06-04','1');
INSERT INTO Reservations VALUES('RSV-52608','SC-38016','USR-32638','098-9-46-114909-7','2023-06-04','0');
INSERT INTO Reservations VALUES('RSV-80620','SC-42216','USR-12895','147-3-67-743144-8','2023-06-04','1');
INSERT INTO Reservations VALUES('RSV-98403','SC-38016','USR-22814','529-0-61-545619-2','2023-06-04','1');
INSERT INTO Reservations VALUES('RSV-22730','SC-18027','USR-08760','067-4-77-128208-4','2023-06-04','0');
INSERT INTO Reservations VALUES('RSV-30474','SC-25865','USR-15533','073-8-98-244205-0','2023-06-04','0');
INSERT INTO Reservations VALUES('RSV-96773','SC-25865','USR-93742','156-8-86-878555-0','2023-06-04','1');
INSERT INTO Reservations VALUES('RSV-93276','SC-25865','USR-33079','157-5-23-848543-7','2023-06-04','0');
INSERT INTO Reservations VALUES('RSV-84674','SC-38016','USR-39235','098-9-46-114909-7','2023-06-04','0');
INSERT INTO Reservations VALUES('RSV-54309','SC-18027','USR-44815','280-5-70-558845-7','2023-06-04','0');
INSERT INTO Reservations VALUES('RSV-68115','SC-42216','USR-44100','269-7-59-129386-4','2023-06-04','1');
INSERT INTO Reservations VALUES('RSV-42394','SC-18027','USR-08760','189-5-05-753787-7','2023-06-04','1');
INSERT INTO Reservations VALUES('RSV-65650','SC-38016','USR-90647','856-7-38-527251-1','2023-06-04','0');
INSERT INTO Reservations VALUES('RSV-86731','SC-25865','USR-44100','427-7-96-152572-1','2023-06-04','0');
INSERT INTO Reservations VALUES('RSV-19876','SC-38016','USR-66253','197-7-48-411665-0','2023-06-04','0');
INSERT INTO Reservations VALUES('RSV-74727','SC-42216','USR-95040','373-6-67-850915-2','2023-06-04','1');
INSERT INTO Reservations VALUES('RSV-89632','SC-42216','USR-11933','930-2-88-196926-8','2023-06-04','0');
INSERT INTO Reservations VALUES('RSV-40205','SC-42216','USR-82329','970-1-27-474354-0','2023-06-04','0');
INSERT INTO Reservations VALUES('RSV-41391','SC-25865','USR-15351','248-0-02-367301-3','2023-06-04','1');
INSERT INTO Reservations VALUES('RSV-28304','SC-42216','USR-60738','791-2-05-132925-2','2023-06-04','1');
INSERT INTO Reservations VALUES('RSV-55317','SC-42216','USR-60738','362-1-66-095770-4','2023-06-04','1');
INSERT INTO Reservations VALUES('RSV-98332','SC-18027','USR-33032','079-3-36-562047-3','2023-06-04','0');
INSERT INTO Reservations VALUES('RSV-60813','SC-38016','USR-36711','556-1-30-993311-8','2023-06-04','0');
INSERT INTO Reservations VALUES('RSV-01250','SC-18027','USR-90647','042-8-77-720893-4','2023-06-04','0');
INSERT INTO Reservations VALUES('RSV-91382','SC-38016','USR-17786','401-6-70-522521-2','2023-06-04','1');
INSERT INTO Reservations VALUES('RSV-71237','SC-18027','USR-08760','272-4-15-398305-2','2023-06-04','0');
INSERT INTO Reservations VALUES('RSV-87261','SC-18027','USR-45280','929-2-07-058335-1','2023-06-04','1');
INSERT INTO Reservations VALUES('RSV-86880','SC-38016','USR-47397','758-7-88-893621-3','2023-06-04','0');
INSERT INTO Reservations VALUES('RSV-19355','SC-25865','USR-44100','021-4-30-483738-9','2023-06-04','0');
INSERT INTO Reservations VALUES('RSV-94907','SC-18027','USR-29101','157-5-23-848543-7','2023-06-04','0');
INSERT INTO Reservations VALUES('RSV-89791','SC-18027','USR-82329','156-8-86-878555-0','2023-06-04','1');
INSERT INTO Reservations VALUES('RSV-24220','SC-42216','USR-08975','116-2-03-072332-1','2023-06-04','1');
INSERT INTO Reservations VALUES('RSV-67210','SC-25865','USR-66253','449-5-04-940352-6','2023-06-04','1');
